id,first_name,last_name,email,gender,ip_address
1,Napoleon,Bonifant,nbonifant0@wired.com,Male,214.80.130.21
2,Letta,Buzek,lbuzek1@phoca.cz,Female,117.249.180.63
3,Hattie,Teager,hteager2@mapquest.com,Female,202.103.198.12
4,Ashlan,O'Scollee,aoscollee3@state.gov,Female,43.255.69.33
5,Martino,Lernihan,mlernihan4@skype.com,Male,19.239.65.143
6,Helge,Scrannage,hscrannage5@vk.com,Female,44.93.79.97
7,Valene,Chitty,vchitty6@newsvine.com,Female,95.48.244.8
8,Laureen,Akhurst,lakhurst7@whitehouse.gov,Genderfluid,62.16.110.78
9,Alfie,Roo,aroo8@tumblr.com,Male,40.158.179.93
10,Carmencita,Gowan,cgowan9@uol.com.br,Female,35.92.203.136
11,Kath,Adriaan,kadriaana@ameblo.jp,Female,57.225.150.235
12,Mavra,Classen,mclassenb@storify.com,Female,118.10.18.159
13,Danella,Ledes,dledesc@pagesperso-orange.fr,Female,75.179.68.76
14,Melodee,Iacovolo,miacovolod@gnu.org,Female,13.29.250.35
15,Guenevere,Rebert,greberte@ocn.ne.jp,Female,56.36.246.137
16,Merwin,Tatlock,mtatlockf@twitter.com,Bigender,163.132.209.92
17,Bone,Frowde,bfrowdeg@arstechnica.com,Male,48.166.107.43
18,Jere,Klimt,jklimth@myspace.com,Polygender,124.225.183.79
19,Elka,Stanbridge,estanbridgei@alexa.com,Female,224.27.70.192
20,Patrice,Bellefant,pbellefantj@addthis.com,Male,183.203.67.86
21,Georgianne,Dahlen,gdahlenk@webmd.com,Female,144.126.154.85
22,Nanete,Scally,nscallyl@dion.ne.jp,Female,145.60.100.69
23,Charlie,Lahrs,clahrsm@adobe.com,Male,249.53.5.220
24,Oralle,Rolph,orolphn@state.tx.us,Female,4.4.249.61
25,Minny,Bordiss,mbordisso@nsw.gov.au,Female,120.247.105.132
26,Tedie,Buckham,tbuckhamp@comcast.net,Male,239.65.68.0
27,Manon,Blaxland,mblaxlandq@mapquest.com,Polygender,42.117.144.200
28,Alyss,Epp,aeppr@mysql.com,Female,46.94.113.122
29,Pen,Demko,pdemkos@wordpress.org,Male,111.55.98.216
30,Nickie,Lindgren,nlindgrent@dagondesign.com,Male,63.25.196.246
31,Bevin,D'Oyley,bdoyleyu@myspace.com,Male,71.19.136.24
32,Lonnard,Meldrum,lmeldrumv@purevolume.com,Male,54.222.58.127
33,Delphinia,Kitchinham,dkitchinhamw@github.com,Polygender,9.37.9.188
34,Edy,Dahle,edahlex@nature.com,Female,243.147.132.100
35,Jasen,Zouch,jzouchy@usa.gov,Male,194.234.18.155
36,Tessie,Dowd,tdowdz@google.es,Female,190.12.139.56
37,Genni,Grundey,ggrundey10@nhs.uk,Female,79.153.83.104
38,Homer,Mattsson,hmattsson11@1und1.de,Male,90.83.7.219
39,Babara,Dummer,bdummer12@upenn.edu,Female,157.133.27.56
40,Mable,Balmforth,mbalmforth13@cnbc.com,Female,44.131.196.166
41,Celia,Nollet,cnollet14@hhs.gov,Polygender,24.54.119.5
42,Ingamar,Klimkowski,iklimkowski15@histats.com,Male,91.90.38.89
43,Jacky,Serraillier,jserraillier16@etsy.com,Female,235.169.69.226
44,Nevin,Pareman,npareman17@businessweek.com,Male,101.134.24.152
45,Leonard,Osbaldstone,losbaldstone18@artisteer.com,Male,208.28.83.62
46,Amargo,Deluce,adeluce19@pbs.org,Female,132.128.167.3
47,Darcy,Shilladay,dshilladay1a@oracle.com,Male,221.253.79.204
48,Celie,Swancott,cswancott1b@walmart.com,Female,117.13.74.129
49,Saunderson,Brisson,sbrisson1c@mtv.com,Male,82.197.227.25
50,Rozalin,Barcroft,rbarcroft1d@nih.gov,Female,123.67.20.47
51,Elsie,Trueman,etrueman1e@cpanel.net,Female,64.37.84.242
52,Jephthah,Haglington,jhaglington1f@jiathis.com,Male,113.200.246.43
53,Clementina,Leahy,cleahy1g@chicagotribune.com,Female,15.50.249.60
54,Corbin,Skaid,cskaid1h@mtv.com,Male,104.71.10.249
55,Leupold,Retter,lretter1i@digg.com,Male,167.239.143.133
56,Deb,MacKonochie,dmackonochie1j@amazon.com,Female,71.155.139.140
57,Kerstin,Ebi,kebi1k@xrea.com,Female,79.195.173.6
58,Consuela,Hazlehurst,chazlehurst1l@spiegel.de,Polygender,48.255.61.146
59,Theadora,Morrallee,tmorrallee1m@telegraph.co.uk,Agender,171.16.116.176
60,Mortimer,Bourley,mbourley1n@spiegel.de,Male,21.232.248.72
61,Rosanna,Luisetti,rluisetti1o@hatena.ne.jp,Female,72.100.102.83
62,Godfree,Betteriss,gbetteriss1p@ameblo.jp,Polygender,23.158.53.42
63,Tricia,Swindon,tswindon1q@hud.gov,Female,173.147.223.18
64,Harold,Toone,htoone1r@moonfruit.com,Male,43.41.128.231
65,Reynold,Golt,rgolt1s@amazon.com,Male,137.143.141.84
66,Calida,Usher,cusher1t@squidoo.com,Female,72.44.204.252
67,Selby,Zanicchi,szanicchi1u@usda.gov,Male,194.74.233.135
68,Adolf,Siley,asiley1v@lulu.com,Male,25.148.61.199
69,Beckie,McFarlane,bmcfarlane1w@gravatar.com,Female,174.102.233.242
70,Giustino,Garratty,ggarratty1x@baidu.com,Male,5.57.185.33
71,Verney,Reisin,vreisin1y@ca.gov,Male,136.67.83.16
72,Rafi,Whiskin,rwhiskin1z@amazonaws.com,Male,95.76.124.163
73,Gennifer,Ruprecht,gruprecht20@biglobe.ne.jp,Female,183.159.195.51
74,Lonny,Aleevy,laleevy21@springer.com,Male,213.79.74.110
75,Rosaleen,Bravery,rbravery22@tinypic.com,Female,112.39.28.24
76,Dunn,Greated,dgreated23@tinyurl.com,Male,58.114.84.169
77,Onfroi,Philcott,ophilcott24@thetimes.co.uk,Non-binary,216.1.51.128
78,Cob,Clitsome,cclitsome25@goodreads.com,Polygender,16.105.91.43
79,Chantalle,Wallworke,cwallworke26@hugedomains.com,Female,164.43.87.235
80,Maitilde,Pickvance,mpickvance27@google.co.uk,Genderqueer,250.49.232.111
81,Bobbee,Malkinson,bmalkinson28@oaic.gov.au,Female,17.75.6.244
82,Adolphus,Ripley,aripley29@plala.or.jp,Male,140.44.173.155
83,Kathleen,Clunie,kclunie2a@ocn.ne.jp,Female,83.95.166.110
84,Janaye,Phetteplace,jphetteplace2b@disqus.com,Female,251.230.47.153
85,Cthrine,Dalziel,cdalziel2c@yale.edu,Female,145.235.255.11
86,Bess,Paoletti,bpaoletti2d@europa.eu,Female,64.207.138.14
87,Camey,Carlucci,ccarlucci2e@npr.org,Male,135.99.34.25
88,Ted,McAnellye,tmcanellye2f@ezinearticles.com,Male,196.147.234.119
89,Cordi,Kalewe,ckalewe2g@mapquest.com,Female,227.181.224.69
90,Lydie,Geharke,lgeharke2h@studiopress.com,Female,133.185.221.136
91,Allyn,Rocca,arocca2i@businessinsider.com,Female,203.74.231.246
92,Hadlee,Coate,hcoate2j@youtube.com,Male,254.174.164.69
93,Tonia,Adamthwaite,tadamthwaite2k@seattletimes.com,Female,187.226.152.30
94,Hendrik,Prinne,hprinne2l@mediafire.com,Male,36.59.224.162
95,Beilul,Betts,bbetts2m@ask.com,Female,210.247.33.44
96,Tobi,Bryant,tbryant2n@deviantart.com,Female,170.78.179.47
97,Janenna,McAviy,jmcaviy2o@indiatimes.com,Female,119.86.76.25
98,Randell,MacTrustey,rmactrustey2p@marketwatch.com,Male,240.12.241.47
99,Van,Hamson,vhamson2q@wikimedia.org,Female,152.141.203.24
100,Banky,Smurfit,bsmurfit2r@godaddy.com,Male,18.70.138.186
101,Morgen,Swaden,mswaden2s@pbs.org,Male,225.50.183.68
102,Sascha,Trippick,strippick2t@ihg.com,Male,36.124.179.75
103,Vasilis,Brognot,vbrognot2u@reference.com,Male,56.60.120.156
104,Karlie,Meach,kmeach2v@histats.com,Female,186.130.251.216
105,Waldon,Fyall,wfyall2w@auda.org.au,Male,199.78.183.41
106,Monty,Ray,mray2x@oakley.com,Genderfluid,235.229.220.3
107,Fancie,Haslehurst,fhaslehurst2y@1und1.de,Genderfluid,12.9.91.89
108,Dionysus,Altimas,daltimas2z@geocities.com,Male,134.32.79.173
109,Malva,Iddison,middison30@list-manage.com,Female,113.62.45.214
110,Velma,Christene,vchristene31@t.co,Female,126.97.255.41
111,Adeline,Arnaud,aarnaud32@techcrunch.com,Female,171.180.209.110
112,Lind,Olsen,lolsen33@illinois.edu,Female,8.176.168.138
113,Lek,Grissett,lgrissett34@statcounter.com,Male,170.208.67.14
114,Colan,Bourthoumieux,cbourthoumieux35@mlb.com,Male,134.92.226.44
115,Tera,Benito,tbenito36@hc360.com,Female,74.44.187.171
116,Hiram,Meys,hmeys37@marriott.com,Male,23.235.180.176
117,Gilda,Blundin,gblundin38@altervista.org,Female,7.17.22.59
118,Saleem,Cundey,scundey39@time.com,Male,248.180.164.161
119,Trixy,Ackroyd,tackroyd3a@cornell.edu,Female,24.124.204.194
120,Mae,Bust,mbust3b@redcross.org,Female,251.249.116.172
121,Bastian,Perello,bperello3c@list-manage.com,Male,132.148.74.226
122,Isabel,Redparth,iredparth3d@patch.com,Female,221.211.158.144
123,Alice,Childerley,achilderley3e@columbia.edu,Female,131.63.165.103
124,Grove,Donnersberg,gdonnersberg3f@sciencedirect.com,Male,102.190.80.50
125,Ogdon,Buggs,obuggs3g@exblog.jp,Male,64.179.50.32
126,Malvin,Towell,mtowell3h@drupal.org,Male,70.213.120.191
127,Mindy,Henstridge,mhenstridge3i@hud.gov,Female,227.49.128.22
128,Kalie,Ponde,kponde3j@mozilla.com,Bigender,243.183.101.90
129,Hube,Sillars,hsillars3k@blog.com,Male,233.230.20.93
130,Thorny,Getcliffe,tgetcliffe3l@scribd.com,Male,28.119.87.43
131,Celestina,Belf,cbelf3m@jigsy.com,Female,152.144.196.187
132,Orran,Lawden,olawden3n@github.io,Male,248.224.1.109
133,Wileen,Bontein,wbontein3o@sciencedaily.com,Female,65.195.63.45
134,Care,Snook,csnook3p@youku.com,Male,76.4.203.37
135,Ned,Currum,ncurrum3q@gov.uk,Male,228.75.34.231
136,Archibold,Labdon,alabdon3r@de.vu,Male,246.239.178.127
137,Graeme,Phifer,gphifer3s@psu.edu,Male,238.178.231.218
138,Lila,Hawkshaw,lhawkshaw3t@admin.ch,Female,200.30.12.198
139,Dorry,Priddey,dpriddey3u@hibu.com,Female,166.141.205.183
140,Hermine,Hainey`,hhainey3v@netscape.com,Female,230.245.229.99
141,Cass,Marlor,cmarlor3w@umich.edu,Male,246.25.107.95
142,Ferdie,Ranken,franken3x@elpais.com,Male,117.133.214.137
143,Neely,Colaton,ncolaton3y@cbslocal.com,Female,231.129.14.122
144,Annmaria,Michael,amichael3z@buzzfeed.com,Female,158.253.28.229
145,Celinda,Stoad,cstoad40@princeton.edu,Female,250.75.70.112
146,Sosanna,Atthow,satthow41@gizmodo.com,Female,83.230.224.245
147,Grady,Broadbury,gbroadbury42@acquirethisname.com,Male,45.44.32.14
148,Agna,Long,along43@last.fm,Female,85.226.127.214
149,Chip,Iglesiaz,ciglesiaz44@geocities.com,Male,10.215.26.36
150,Milicent,Verrell,mverrell45@prweb.com,Agender,51.235.245.37
151,Iona,Colam,icolam46@biglobe.ne.jp,Female,233.121.74.203
152,Isacco,Harring,iharring47@intel.com,Polygender,6.38.199.130
153,Jessamine,Spurriar,jspurriar48@exblog.jp,Female,103.123.142.113
154,Yard,Mitham,ymitham49@eepurl.com,Male,183.17.53.115
155,Orran,Tanton,otanton4a@microsoft.com,Male,5.225.90.88
156,Darrick,Terbeek,dterbeek4b@typepad.com,Male,110.181.239.76
157,Ophelia,Sail,osail4c@tripadvisor.com,Female,74.154.190.44
158,Madalena,Vinnick,mvinnick4d@odnoklassniki.ru,Agender,126.179.203.122
159,Debby,Upham,dupham4e@storify.com,Polygender,46.84.209.214
160,Riley,Semrad,rsemrad4f@businesswire.com,Male,74.177.11.212
161,Stu,Gypson,sgypson4g@nymag.com,Male,84.215.226.78
162,Stanfield,Heustice,sheustice4h@adobe.com,Male,128.91.129.216
163,Ariana,Caslett,acaslett4i@newyorker.com,Female,171.47.22.210
164,Ulrikaumeko,Liddicoat,uliddicoat4j@tmall.com,Non-binary,77.151.148.235
165,Bay,Bontoft,bbontoft4k@bandcamp.com,Male,158.12.156.239
166,Cherise,Weekland,cweekland4l@tmall.com,Female,229.206.63.157
167,Sidonnie,Fields,sfields4m@hhs.gov,Genderqueer,98.80.139.74
168,Padgett,Van't Hoff,pvanthoff4n@nifty.com,Male,24.13.119.102
169,Arabelle,Cellier,acellier4o@auda.org.au,Female,69.104.60.183
170,Morganne,Beumant,mbeumant4p@businessweek.com,Female,84.6.98.203
171,Rica,Kobes,rkobes4q@state.gov,Female,17.136.43.109
172,Michaella,Turbat,mturbat4r@google.com.au,Female,177.91.64.227
173,Audra,Canceller,acanceller4s@senate.gov,Female,144.69.217.247
174,Fairfax,Hasley,fhasley4t@furl.net,Male,45.90.146.32
175,Shelden,Yewdale,syewdale4u@patch.com,Male,78.54.253.106
176,Ella,Rogier,erogier4v@nytimes.com,Female,143.167.136.181
177,Sadella,Van Baaren,svanbaaren4w@un.org,Female,0.113.146.89
178,Ramonda,Nestoruk,rnestoruk4x@youtube.com,Female,160.78.116.107
179,Cybill,Pilipyak,cpilipyak4y@boston.com,Female,147.140.122.134
180,Emmanuel,Rollinshaw,erollinshaw4z@psu.edu,Genderfluid,241.28.138.114
181,Salmon,Pyott,spyott50@jiathis.com,Male,46.222.37.243
182,Benny,Olennikov,bolennikov51@dell.com,Female,64.135.146.232
183,Lorelle,Norvel,lnorvel52@symantec.com,Polygender,141.183.230.150
184,Terrye,Farquharson,tfarquharson53@acquirethisname.com,Female,157.210.204.53
185,Uriel,Grubbe,ugrubbe54@dyndns.org,Male,122.133.16.119
186,Timmie,Rickersy,trickersy55@columbia.edu,Male,181.228.21.57
187,Thomasina,Varty,tvarty56@creativecommons.org,Agender,243.152.136.178
188,Pam,Henworth,phenworth57@who.int,Female,221.27.243.223
189,Harlin,Matresse,hmatresse58@indiatimes.com,Non-binary,148.245.125.90
190,Nancy,MacNeice,nmacneice59@cdbaby.com,Female,250.18.173.206
191,Cam,Jacquemot,cjacquemot5a@examiner.com,Female,162.168.205.208
192,Christine,Glasman,cglasman5b@slideshare.net,Female,83.153.205.233
193,Winfield,Jobson,wjobson5c@yahoo.com,Male,103.246.130.99
194,Abel,Vickar,avickar5d@paginegialle.it,Agender,83.115.23.120
195,Homer,Rosini,hrosini5e@wsj.com,Male,182.120.17.236
196,Izzy,Sarjent,isarjent5f@amazon.com,Male,163.128.247.145
197,Barclay,Thunderman,bthunderman5g@feedburner.com,Male,15.218.49.67
198,Lissa,Saggs,lsaggs5h@reference.com,Female,29.248.188.88
199,Hanson,Iacomelli,hiacomelli5i@people.com.cn,Male,215.76.99.63
200,Neilla,Bilborough,nbilborough5j@foxnews.com,Female,36.7.97.158
201,Corey,Pittendreigh,cpittendreigh5k@cnbc.com,Female,248.241.174.176
202,Krishna,Romushkin,kromushkin5l@fastcompany.com,Male,10.23.37.170
203,Job,Dumbelton,jdumbelton5m@soundcloud.com,Male,165.168.196.206
204,Angeline,Huggard,ahuggard5n@nydailynews.com,Female,179.157.0.80
205,Eva,Huggan,ehuggan5o@imdb.com,Female,247.228.90.128
206,Delmar,Juris,djuris5p@redcross.org,Male,47.252.4.149
207,Neel,Ravens,nravens5q@spiegel.de,Male,208.16.172.26
208,Matt,Casarino,mcasarino5r@imgur.com,Male,48.118.98.124
209,Toddy,Kiossel,tkiossel5s@vk.com,Male,126.112.136.180
210,Craggy,Cotton,ccotton5t@wired.com,Male,179.84.45.57
211,Gabi,Goggen,ggoggen5u@nps.gov,Polygender,109.5.251.75
212,Domingo,Lillicrop,dlillicrop5v@vimeo.com,Male,10.144.40.145
213,Franky,Blewett,fblewett5w@mtv.com,Female,78.7.14.193
214,Mickie,Beiderbecke,mbeiderbecke5x@photobucket.com,Male,106.171.129.57
215,Pattie,Hayle,phayle5y@example.com,Female,189.144.85.61
216,Reta,Airdrie,rairdrie5z@arizona.edu,Female,255.76.22.215
217,Faustine,Carbine,fcarbine60@twitter.com,Female,205.7.122.166
218,Rosalie,Scardifeild,rscardifeild61@netlog.com,Polygender,75.141.130.114
219,Hy,Abson,habson62@cpanel.net,Polygender,30.70.165.215
220,Tierney,Load,tload63@dion.ne.jp,Female,107.244.129.177
221,Marco,Venditto,mvenditto64@ustream.tv,Male,192.31.215.181
222,Rachelle,Harker,rharker65@sogou.com,Female,196.187.174.167
223,Faunie,Poskitt,fposkitt66@ning.com,Bigender,253.114.20.96
224,Kristal,Peris,kperis67@latimes.com,Female,30.143.226.44
225,Nonah,Tookey,ntookey68@usda.gov,Female,172.98.228.42
226,Milzie,Shannahan,mshannahan69@dmoz.org,Genderfluid,209.247.205.229
227,Rollin,Anker,ranker6a@nhs.uk,Male,65.11.98.131
228,Letta,Firminger,lfirminger6b@tinyurl.com,Female,96.126.222.36
229,Erma,Drewitt,edrewitt6c@furl.net,Female,63.212.88.55
230,Flori,D'Antoni,fdantoni6d@networksolutions.com,Female,189.66.31.64
231,Debbi,Gilleon,dgilleon6e@dot.gov,Female,117.46.147.91
232,Eugenio,Mendes,emendes6f@cdc.gov,Male,220.105.79.121
233,Bethanne,McKea,bmckea6g@google.ca,Female,124.64.28.119
234,Lamont,Whittock,lwhittock6h@narod.ru,Male,186.76.175.218
235,Miran,Heaphy,mheaphy6i@samsung.com,Female,137.44.74.230
236,Malynda,Laflin,mlaflin6j@ucoz.ru,Female,118.49.44.89
237,Alex,De Lorenzo,adelorenzo6k@eventbrite.com,Male,115.206.30.116
238,Virge,Gillani,vgillani6l@columbia.edu,Male,68.238.200.158
239,Trude,Pointin,tpointin6m@marriott.com,Female,228.102.8.14
240,Karla,Hutcheon,khutcheon6n@1und1.de,Polygender,175.3.65.228
241,Mellicent,Masding,mmasding6o@buzzfeed.com,Female,148.133.93.68
242,Maison,Petrowsky,mpetrowsky6p@weebly.com,Male,236.193.152.253
243,Kris,Dunston,kdunston6q@ox.ac.uk,Male,62.100.214.80
244,Layne,Warton,lwarton6r@pagesperso-orange.fr,Genderqueer,82.174.163.66
245,Enrica,Harrowell,eharrowell6s@marketwatch.com,Female,38.27.91.228
246,Alyssa,Brumen,abrumen6t@163.com,Female,238.212.130.5
247,Mandel,Baskerfield,mbaskerfield6u@geocities.com,Male,2.223.35.180
248,Norry,Severy,nsevery6v@cdbaby.com,Male,15.56.67.30
249,Caye,Silverstone,csilverstone6w@joomla.org,Female,134.16.129.137
250,Alfie,Wayper,awayper6x@forbes.com,Female,22.87.87.161
251,Inesita,Biggen,ibiggen6y@dailymotion.com,Female,23.67.89.38
252,Carlene,Doram,cdoram6z@rediff.com,Female,10.141.149.244
253,Garrard,Forth,gforth70@lulu.com,Male,246.117.145.207
254,Mendel,Delcastel,mdelcastel71@multiply.com,Male,249.23.119.234
255,Elmer,Follit,efollit72@topsy.com,Male,130.86.136.138
256,Peter,Argyle,pargyle73@amazon.de,Male,11.133.222.74
257,Mavra,Fannin,mfannin74@usgs.gov,Female,55.89.155.73
258,Petronilla,Gerner,pgerner75@storify.com,Female,170.20.198.70
259,Edwina,Paulo,epaulo76@seesaa.net,Female,33.44.21.228
260,Carney,Grimshaw,cgrimshaw77@webs.com,Male,229.28.38.248
261,Wit,Dibden,wdibden78@sciencedirect.com,Male,169.179.145.182
262,Roby,Trymme,rtrymme79@goo.gl,Female,39.53.158.132
263,Rossie,Gerhts,rgerhts7a@geocities.com,Male,249.19.234.160
264,Leelah,Dalgardno,ldalgardno7b@who.int,Non-binary,42.111.242.15
265,Denney,Baterip,dbaterip7c@theatlantic.com,Male,68.178.142.54
266,Brand,Walczak,bwalczak7d@clickbank.net,Male,122.69.61.220
267,Selig,Delaprelle,sdelaprelle7e@tuttocitta.it,Male,231.190.165.34
268,Chester,Becraft,cbecraft7f@istockphoto.com,Polygender,230.169.199.72
269,Yul,Collimore,ycollimore7g@hud.gov,Male,52.175.119.73
270,Isidor,Rowberry,irowberry7h@berkeley.edu,Male,190.134.212.135
271,Robb,Vearncomb,rvearncomb7i@bbb.org,Male,179.240.173.71
272,Gerome,Sim,gsim7j@google.de,Male,5.4.196.1
273,Zebulen,Prangnell,zprangnell7k@baidu.com,Male,186.42.227.169
274,Siobhan,Sterland,ssterland7l@google.co.uk,Female,11.17.170.149
275,Margarita,Viall,mviall7m@auda.org.au,Female,169.63.2.206
276,Lazare,Swancock,lswancock7n@java.com,Male,126.97.2.5
277,Liam,Coverlyn,lcoverlyn7o@blogger.com,Male,95.120.185.154
278,Chloe,Romaynes,cromaynes7p@ed.gov,Female,35.128.186.155
279,Beale,Files,bfiles7q@bigcartel.com,Male,159.102.47.83
280,Berna,Meryett,bmeryett7r@umn.edu,Female,227.233.64.96
281,Daile,Goeff,dgoeff7s@weebly.com,Female,65.4.89.104
282,Salvatore,Asty,sasty7t@cafepress.com,Male,198.79.60.67
283,Audre,Howler,ahowler7u@dagondesign.com,Female,19.211.172.63
284,Michal,Lomasna,mlomasna7v@un.org,Female,98.141.161.134
285,Ernest,Bozworth,ebozworth7w@ox.ac.uk,Male,19.206.25.141
286,Jerald,Gomm,jgomm7x@theglobeandmail.com,Male,99.184.169.200
287,Vale,Ordelt,vordelt7y@nydailynews.com,Male,252.207.27.168
288,Kiah,Ivashin,kivashin7z@wisc.edu,Female,238.201.253.188
289,Faun,Dutton,fdutton80@cisco.com,Genderfluid,126.210.77.231
290,Kalila,Hedney,khedney81@businessweek.com,Female,223.145.38.208
291,Flinn,Gepp,fgepp82@ustream.tv,Male,116.86.74.22
292,Reyna,Bruyett,rbruyett83@chron.com,Female,73.86.81.174
293,Daphna,Wittleton,dwittleton84@feedburner.com,Female,14.245.173.188
294,Gustaf,Yelyashev,gyelyashev85@mashable.com,Male,173.4.196.136
295,Lorrie,Mincher,lmincher86@boston.com,Female,86.59.120.98
296,Clement,Glendining,cglendining87@1und1.de,Male,170.70.171.161
297,Prince,Macci,pmacci88@seesaa.net,Male,54.52.247.244
298,Drusie,Sives,dsives89@hexun.com,Female,1.109.252.34
299,Cordell,Baudains,cbaudains8a@vimeo.com,Bigender,35.81.76.235
300,Damian,Smurfitt,dsmurfitt8b@reddit.com,Male,105.39.72.114
301,Giordano,Llewellen,gllewellen8c@github.io,Male,95.234.124.233
302,Rozelle,Renforth,rrenforth8d@forbes.com,Female,110.79.1.222
303,Kare,Stanex,kstanex8e@nba.com,Female,66.222.42.31
304,Kaycee,Shadwick,kshadwick8f@theatlantic.com,Female,184.79.13.52
305,Quill,Malham,qmalham8g@shutterfly.com,Male,245.198.57.202
306,Patrizius,Danby,pdanby8h@tripod.com,Male,232.30.121.65
307,Jerald,Luttger,jluttger8i@eventbrite.com,Male,183.205.165.69
308,Parnell,Yannoni,pyannoni8j@spotify.com,Male,167.146.142.175
309,Brander,Izaac,bizaac8k@shinystat.com,Male,137.157.171.87
310,Lona,Islip,lislip8l@netlog.com,Female,114.18.211.193
311,Moises,Hughf,mhughf8m@cdbaby.com,Genderqueer,45.214.180.99
312,Wallie,Barreau,wbarreau8n@bloglovin.com,Female,172.45.253.166
313,Cori,Hayth,chayth8o@canalblog.com,Female,76.127.5.15
314,Graig,Gormley,ggormley8p@amazon.de,Male,185.130.117.169
315,Sinclare,Fletcher,sfletcher8q@cam.ac.uk,Male,192.97.120.116
316,Roddie,Losty,rlosty8r@ycombinator.com,Male,243.115.225.177
317,Natassia,Cervantes,ncervantes8s@sphinn.com,Female,43.73.108.46
318,Ciro,VanBrugh,cvanbrugh8t@theguardian.com,Male,118.89.44.223
319,Enrichetta,Cicculi,ecicculi8u@ft.com,Polygender,4.131.153.249
320,Peyton,Melbert,pmelbert8v@auda.org.au,Male,119.199.199.129
321,Murdoch,Constance,mconstance8w@hexun.com,Male,147.229.23.85
322,Rodolfo,Purser,rpurser8x@nasa.gov,Male,81.183.165.188
323,Tiffie,Torrans,ttorrans8y@utexas.edu,Female,78.57.42.127
324,Haze,MacKowle,hmackowle8z@deliciousdays.com,Male,139.46.81.33
325,Thaine,Burnup,tburnup90@odnoklassniki.ru,Male,37.126.177.33
326,Magdalene,Harroway,mharroway91@marriott.com,Female,233.70.48.176
327,Ethelin,Tomankowski,etomankowski92@amazon.co.jp,Female,6.211.62.26
328,Kelila,Harback,kharback93@dailymail.co.uk,Female,104.114.146.115
329,Lari,Scuse,lscuse94@phpbb.com,Non-binary,89.161.15.79
330,Austine,Landsborough,alandsborough95@tiny.cc,Bigender,174.242.239.40
331,Rickie,Maysor,rmaysor96@baidu.com,Male,199.117.212.172
332,Kellie,Forri,kforri97@gov.uk,Female,98.200.126.93
333,Corrie,Shatliffe,cshatliffe98@webeden.co.uk,Male,224.207.255.23
334,Elmo,Stump,estump99@ifeng.com,Male,194.29.176.148
335,Elianore,Skerme,eskerme9a@123-reg.co.uk,Female,189.116.199.22
336,Connor,Bruty,cbruty9b@usgs.gov,Male,61.233.33.89
337,Corella,Waryk,cwaryk9c@fc2.com,Female,23.203.10.122
338,Chan,Hubbard,chubbard9d@tinyurl.com,Male,208.228.183.159
339,Hedda,Brower,hbrower9e@pinterest.com,Female,29.69.202.231
340,Sindee,Moncarr,smoncarr9f@lycos.com,Female,123.122.40.73
341,Rani,Yaakov,ryaakov9g@diigo.com,Female,203.119.205.126
342,Heloise,Jenicke,hjenicke9h@parallels.com,Female,112.61.10.217
343,Brian,Labon,blabon9i@prweb.com,Male,16.249.217.73
344,Brian,Stawell,bstawell9j@geocities.com,Male,79.177.163.255
345,Rebe,Birnie,rbirnie9k@who.int,Female,235.53.200.53
346,Raleigh,Conner,rconner9l@taobao.com,Male,38.180.233.121
347,Brandyn,Prewett,bprewett9m@deliciousdays.com,Genderqueer,189.236.244.45
348,Pepita,Seston,pseston9n@craigslist.org,Female,156.79.160.253
349,Lorens,Clougher,lclougher9o@google.pl,Male,57.144.77.86
350,Saxon,Pietersma,spietersma9p@sogou.com,Male,14.17.237.100
351,Carolina,Percifull,cpercifull9q@google.com.hk,Non-binary,163.6.204.100
352,Derrik,MacDunleavy,dmacdunleavy9r@pbs.org,Male,167.214.246.180
353,Valeda,Audritt,vaudritt9s@blogtalkradio.com,Female,242.15.40.112
354,Maybelle,Scarsbrooke,mscarsbrooke9t@imdb.com,Female,33.251.237.232
355,Mischa,Hayfield,mhayfield9u@reddit.com,Male,226.171.89.211
356,Benita,Lorain,blorain9v@archive.org,Female,34.25.230.186
357,Suzanne,McChruiter,smcchruiter9w@yelp.com,Female,79.228.13.239
358,Riobard,Fenwick,rfenwick9x@discovery.com,Agender,76.190.162.132
359,Buffy,Klainer,bklainer9y@princeton.edu,Female,164.251.243.138
360,Ward,Orange,worange9z@economist.com,Male,0.53.215.18
361,Aaron,Pleasance,apleasancea0@imageshack.us,Male,88.76.121.214
362,Everett,Canto,ecantoa1@comsenz.com,Male,171.160.215.225
363,Killy,Gulliver,kgullivera2@upenn.edu,Male,113.130.202.178
364,Horatio,Siviter,hsivitera3@ucla.edu,Male,5.207.162.144
365,Robbie,Janda,rjandaa4@addtoany.com,Female,142.198.118.88
366,Vikki,Ivers,viversa5@tinypic.com,Female,105.127.52.62
367,Linzy,Prescot,lprescota6@instagram.com,Female,19.193.43.77
368,Bayard,Stathers,bstathersa7@imageshack.us,Male,112.229.189.232
369,Danyelle,Vockings,dvockingsa8@cyberchimps.com,Female,209.215.203.113
370,Linnell,Crichten,lcrichtena9@domainmarket.com,Female,81.14.76.130
371,Isador,Zaple,izapleaa@mtv.com,Male,206.254.19.185
372,Fons,Pumfrett,fpumfrettab@forbes.com,Male,186.136.228.64
373,Kelci,Nowakowski,knowakowskiac@i2i.jp,Female,180.114.252.242
374,Maggi,Samsonsen,msamsonsenad@prnewswire.com,Female,7.94.100.185
375,Cyrillus,Thomason,cthomasonae@youtu.be,Agender,134.180.204.25
376,Rhiamon,Ranking,rrankingaf@usatoday.com,Female,107.154.122.190
377,Scott,Spencer,sspencerag@jugem.jp,Male,221.87.53.71
378,Drud,Klyn,dklynah@smh.com.au,Male,21.75.235.173
379,Kayla,Spittall,kspittallai@nih.gov,Agender,13.154.57.195
380,Coriss,Cottle,ccottleaj@google.ca,Female,75.224.153.21
381,Gian,Pidgley,gpidgleyak@odnoklassniki.ru,Male,200.236.17.176
382,Lorette,Noriega,lnoriegaal@paypal.com,Female,31.149.215.9
383,Anatollo,Cason,acasonam@flickr.com,Genderfluid,59.21.213.7
384,Karine,Ardy,kardyan@dmoz.org,Female,240.192.38.39
385,Saba,Mullins,smullinsao@state.tx.us,Female,250.234.148.104
386,Geordie,Faithfull,gfaithfullap@about.me,Male,160.3.139.115
387,Danny,Addenbrooke,daddenbrookeaq@weebly.com,Female,218.187.118.51
388,Matthaeus,Godar,mgodarar@seattletimes.com,Male,121.141.119.59
389,Roxie,Davitt,rdavittas@livejournal.com,Female,255.157.163.108
390,Sergent,Netherwood,snetherwoodat@etsy.com,Bigender,141.130.9.50
391,Fabio,Harryman,fharrymanau@wunderground.com,Male,199.160.174.116
392,Marin,Hedge,mhedgeav@go.com,Female,20.38.140.165
393,Lilias,Ethridge,lethridgeaw@loc.gov,Female,58.147.247.189
394,Magdaia,Swatridge,mswatridgeax@unicef.org,Female,110.80.115.244
395,Nert,MacGillavery,nmacgillaveryay@rakuten.co.jp,Female,172.54.212.133
396,Ellynn,Base,ebaseaz@go.com,Female,206.166.210.87
397,Tessi,Boreland,tborelandb0@hostgator.com,Female,32.74.120.99
398,Nicol,Bradane,nbradaneb1@biblegateway.com,Male,56.55.89.177
399,Joell,Queyos,jqueyosb2@yahoo.co.jp,Agender,218.22.12.70
400,Amelita,Yarker,ayarkerb3@nature.com,Female,197.100.4.124
401,Doria,Burfield,dburfieldb4@cnn.com,Female,79.91.210.116
402,Elmo,Poat,epoatb5@ebay.co.uk,Male,7.212.168.44
403,Nadean,Dictus,ndictusb6@youku.com,Female,234.247.180.238
404,Eb,McNeigh,emcneighb7@quantcast.com,Male,215.35.223.137
405,Frederica,O'Spillane,fospillaneb8@virginia.edu,Female,2.152.247.141
406,Harlen,Casa,hcasab9@biblegateway.com,Male,97.232.18.77
407,Blanch,Turbayne,bturbayneba@hexun.com,Female,47.219.145.236
408,Elyn,Jakubczyk,ejakubczykbb@miibeian.gov.cn,Female,86.59.127.130
409,Pavla,Jayes,pjayesbc@joomla.org,Female,2.93.22.103
410,Parry,Peyntue,ppeyntuebd@japanpost.jp,Male,245.7.23.8
411,Moss,Blanpein,mblanpeinbe@globo.com,Male,154.173.131.212
412,Edlin,Rubee,erubeebf@china.com.cn,Male,14.43.142.137
413,Teressa,Maxsted,tmaxstedbg@printfriendly.com,Female,31.134.0.170
414,Adda,Vann,avannbh@loc.gov,Female,71.60.20.83
415,Harriette,Tuson,htusonbi@wikipedia.org,Female,87.171.3.129
416,Franky,Timmens,ftimmensbj@google.fr,Female,122.164.40.146
417,Domenic,Corkel,dcorkelbk@mapquest.com,Male,145.112.153.46
418,Marcel,Fetherstonhaugh,mfetherstonhaughbl@timesonline.co.uk,Male,228.59.244.88
419,Tab,Chomicz,tchomiczbm@dailymotion.com,Male,249.4.17.53
420,Sapphire,Heugel,sheugelbn@cnet.com,Bigender,142.225.178.13
421,Tessa,Tompkin,ttompkinbo@booking.com,Female,231.72.246.15
422,Nicola,Marney,nmarneybp@free.fr,Male,216.66.31.85
423,Silvester,Jauncey,sjaunceybq@prnewswire.com,Male,166.21.121.253
424,Celia,Baynes,cbaynesbr@nifty.com,Female,95.174.0.1
425,Lothario,Gepp,lgeppbs@storify.com,Male,185.153.208.247
426,Ferrel,Liebmann,fliebmannbt@harvard.edu,Male,208.223.211.109
427,Cindee,Celler,ccellerbu@walmart.com,Female,0.30.37.155
428,Brett,Baline,bbalinebv@kickstarter.com,Male,121.137.29.115
429,Carrissa,Rosen,crosenbw@clickbank.net,Female,69.75.107.237
430,Patrick,Fielden,pfieldenbx@go.com,Male,190.27.195.35
431,Colas,Riceards,criceardsby@netvibes.com,Genderqueer,234.181.127.169
432,Winslow,Forge,wforgebz@washington.edu,Male,139.167.230.78
433,Katrine,Climer,kclimerc0@gov.uk,Female,129.157.63.63
434,Hally,Calliss,hcallissc1@japanpost.jp,Female,244.63.66.8
435,Roseline,Driscoll,rdriscollc2@ted.com,Female,147.67.218.34
436,Roderich,Brecken,rbreckenc3@zimbio.com,Male,156.145.190.112
437,Chelsea,Chatan,cchatanc4@eepurl.com,Female,171.45.196.224
438,Lukas,MacKeever,lmackeeverc5@meetup.com,Male,196.208.217.33
439,Ives,Tombleson,itomblesonc6@twitpic.com,Male,27.136.186.237
440,Husein,Dering,hderingc7@state.tx.us,Male,91.233.199.247
441,Rosalynd,Dudenie,rdudeniec8@hhs.gov,Female,248.155.77.163
442,Juliane,Copnall,jcopnallc9@netvibes.com,Female,39.63.22.66
443,Amata,Fairn,afairnca@g.co,Female,154.115.254.197
444,Maryanne,Chanson,mchansoncb@freewebs.com,Female,173.66.254.214
445,Felicio,Odegaard,fodegaardcc@loc.gov,Male,206.131.45.97
446,Powell,Piggens,ppiggenscd@sbwire.com,Male,144.63.104.20
447,Calhoun,Norton,cnortonce@census.gov,Male,37.47.100.48
448,Kristofor,Fall,kfallcf@berkeley.edu,Male,1.110.94.30
449,Olimpia,Gavrielly,ogavriellycg@bluehost.com,Female,253.177.65.87
450,Saunders,Dayment,sdaymentch@so-net.ne.jp,Male,16.101.5.198
451,Trevor,Twiddell,ttwiddellci@plala.or.jp,Male,125.30.76.244
452,Hamil,Tatlock,htatlockcj@over-blog.com,Male,22.246.5.56
453,Nev,Gladeche,ngladecheck@ca.gov,Male,15.41.232.31
454,Normy,Shord,nshordcl@hud.gov,Male,111.178.41.144
455,Thor,Kadwallider,tkadwallidercm@goodreads.com,Male,3.51.83.86
456,Alanah,Vowels,avowelscn@google.it,Female,1.185.116.215
457,Angeli,Medhurst,amedhurstco@free.fr,Male,19.227.87.238
458,Hieronymus,Aggett,haggettcp@ow.ly,Male,12.109.183.124
459,Collie,Silbermann,csilbermanncq@prlog.org,Female,223.76.192.81
460,Othelia,Bowdler,obowdlercr@sciencedirect.com,Polygender,118.174.155.137
461,Aleda,Spinas,aspinascs@wordpress.org,Female,91.105.201.226
462,Alaric,Klimecki,aklimeckict@time.com,Male,157.253.65.42
463,Roana,Ficken,rfickencu@hatena.ne.jp,Bigender,93.71.127.41
464,Norri,Gannaway,ngannawaycv@dell.com,Non-binary,22.137.147.3
465,Karil,Upham,kuphamcw@loc.gov,Female,92.3.7.227
466,Adelina,Laflin,alaflincx@mayoclinic.com,Female,110.121.92.56
467,Fannie,Dennistoun,fdennistouncy@cnn.com,Female,218.251.1.136
468,Shirline,Gadaud,sgadaudcz@reuters.com,Female,48.84.173.253
469,Jone,Cockle,jcockled0@blogspot.com,Male,89.103.64.36
470,Joete,Alibone,jaliboned1@uiuc.edu,Female,81.220.83.70
471,Ernesta,Knoles,eknolesd2@harvard.edu,Female,165.32.156.246
472,Rhys,Jaskowicz,rjaskowiczd3@cocolog-nifty.com,Male,118.49.182.239
473,Emelita,Lampl,elampld4@fema.gov,Female,242.241.55.9
474,Gussi,Parmeter,gparmeterd5@sogou.com,Female,43.172.114.186
475,Myron,Ricart,mricartd6@amazon.co.uk,Male,154.52.168.245
476,Estella,Darington,edaringtond7@dyndns.org,Female,34.125.128.100
477,Maddy,Winham,mwinhamd8@guardian.co.uk,Male,64.185.142.83
478,Selig,Frankling,sfranklingd9@aol.com,Agender,158.184.84.16
479,Rubie,Renzo,rrenzoda@google.com.hk,Female,125.95.104.49
480,Florry,Spikins,fspikinsdb@goo.gl,Female,242.54.44.35
481,Dewie,Foakes,dfoakesdc@yellowpages.com,Male,154.116.246.208
482,Cicely,Davisson,cdavissondd@howstuffworks.com,Female,26.212.176.189
483,Welby,Harwick,wharwickde@friendfeed.com,Male,168.215.77.168
484,Hillyer,Topliss,htoplissdf@github.io,Polygender,32.106.147.205
485,Gayleen,Letterick,gletterickdg@blinklist.com,Female,136.87.214.2
486,Remus,Bortolomei,rbortolomeidh@bluehost.com,Male,37.67.21.102
487,Amaleta,Oldham,aoldhamdi@godaddy.com,Female,169.24.8.114
488,Josepha,Hibling,jhiblingdj@imageshack.us,Female,93.164.60.240
489,Brigitta,Bawden,bbawdendk@freewebs.com,Female,144.70.87.136
490,Larissa,Newick,lnewickdl@webeden.co.uk,Female,68.153.241.200
491,Patrizio,Delatour,pdelatourdm@hubpages.com,Male,201.199.83.75
492,Lilith,Pavlasek,lpavlasekdn@qq.com,Female,123.82.31.232
493,Carver,Priddle,cpriddledo@stumbleupon.com,Male,229.89.153.56
494,Tann,Smuth,tsmuthdp@nsw.gov.au,Male,111.241.157.70
495,Archibold,Barbrick,abarbrickdq@delicious.com,Male,32.252.241.66
496,Adoree,Bermingham,aberminghamdr@cisco.com,Agender,163.98.148.71
497,Malinda,Meaton,mmeatonds@washingtonpost.com,Female,48.251.164.132
498,Georgia,Ucchino,gucchinodt@ovh.net,Genderqueer,163.246.119.89
499,Karim,Gierek,kgierekdu@cbc.ca,Male,0.135.190.185
500,Donny,Blogg,dbloggdv@163.com,Female,157.233.238.219
501,Melessa,Marmyon,mmarmyondw@umn.edu,Female,159.248.64.231
502,Halsey,Rapa,hrapadx@goodreads.com,Male,161.13.148.153
503,Corabelle,Messiter,cmessiterdy@google.nl,Female,180.218.102.170
504,Alisander,Dutnell,adutnelldz@linkedin.com,Male,102.119.244.30
505,Maisey,Aggiss,maggisse0@scientificamerican.com,Female,117.249.11.9
506,Powell,Itzkov,pitzkove1@wsj.com,Male,220.241.8.171
507,Gasparo,Quincey,gquinceye2@blinklist.com,Male,198.96.236.131
508,Sherlock,Behneke,sbehnekee3@guardian.co.uk,Male,154.221.16.66
509,Billie,Pick,bpicke4@hibu.com,Female,109.194.66.56
510,Eveline,Nicklin,enickline5@illinois.edu,Female,171.22.18.216
511,Bald,Magnar,bmagnare6@prnewswire.com,Male,202.13.73.83
512,Carlynn,MacWilliam,cmacwilliame7@zimbio.com,Female,56.71.136.246
513,Norina,Schoroder,nschorodere8@ebay.com,Female,29.149.174.247
514,Electra,Clayworth,eclayworthe9@unicef.org,Female,37.246.254.254
515,Nikaniki,Penhalurick,npenhalurickea@ed.gov,Female,20.255.117.227
516,Raeann,McKevitt,rmckevitteb@t-online.de,Female,111.115.195.191
517,Percy,Zealander,pzealanderec@usnews.com,Male,33.46.208.9
518,Mychal,Addicott,maddicotted@reuters.com,Male,242.223.201.238
519,Mel,Bernot,mbernotee@parallels.com,Male,231.107.92.60
520,Cindra,Kleinber,ckleinberef@hhs.gov,Female,193.17.77.56
521,Itch,Chatburn,ichatburneg@networkadvertising.org,Male,125.250.21.193
522,Kristo,Quiney,kquineyeh@npr.org,Male,86.191.13.21
523,Joelle,Szepe,jszepeei@slideshare.net,Female,48.193.77.21
524,Frederique,Calloway,fcallowayej@bloomberg.com,Female,27.48.89.239
525,Des,Thorius,dthoriusek@alibaba.com,Male,242.52.162.94
526,Alison,Tharme,atharmeel@alibaba.com,Female,42.164.170.135
527,Evan,Donnell,edonnellem@goo.gl,Male,234.90.92.74
528,Harv,Bolam,hbolamen@ucsd.edu,Non-binary,181.101.228.225
529,Francklin,Terbrug,fterbrugeo@shinystat.com,Male,248.79.147.198
530,Michale,Sarvar,msarvarep@businessweek.com,Male,111.98.55.127
531,Nikaniki,Kilrow,nkilroweq@odnoklassniki.ru,Female,142.152.134.125
532,Merola,Peepall,mpeepaller@vistaprint.com,Female,218.118.102.27
533,Frans,Yaknov,fyaknoves@epa.gov,Male,247.128.163.225
534,Amelia,Rappport,arappportet@google.com.au,Female,214.82.168.7
535,Forrest,Fyfield,ffyfieldeu@examiner.com,Male,17.187.229.65
536,Jose,Kennewell,jkennewellev@bandcamp.com,Male,66.135.2.112
537,Sadye,Haxell,shaxellew@samsung.com,Female,79.72.35.199
538,Roddie,Humes,rhumesex@epa.gov,Non-binary,232.15.173.207
539,Kalinda,Hinge,khingeey@google.com.au,Female,75.114.28.128
540,Herold,Foulis,hfoulisez@microsoft.com,Male,13.64.124.194
541,Lita,Volleth,lvollethf0@tamu.edu,Female,56.60.64.170
542,Raphael,Rollings,rrollingsf1@utexas.edu,Male,210.4.153.106
543,Guntar,Crum,gcrumf2@google.co.jp,Male,16.108.87.199
544,Arabela,Monnery,amonneryf3@epa.gov,Female,84.185.254.90
545,Jennee,Gribbin,jgribbinf4@reverbnation.com,Female,116.239.152.194
546,Sutton,Gallardo,sgallardof5@github.com,Male,255.51.147.173
547,Ardra,Chrisp,achrispf6@dot.gov,Female,87.154.34.233
548,Vincents,Yallop,vyallopf7@pbs.org,Male,211.230.118.94
549,Dudley,Elsmore,delsmoref8@ucoz.ru,Male,94.239.195.105
550,Rodd,Betho,rbethof9@youku.com,Male,235.212.107.225
551,Kelila,Clay,kclayfa@imgur.com,Female,60.8.190.255
552,Caritta,Farrington,cfarringtonfb@prnewswire.com,Female,91.247.137.236
553,Adara,Peabody,apeabodyfc@icio.us,Female,98.158.20.161
554,Averil,Fairman,afairmanfd@unblog.fr,Female,60.204.238.122
555,Gherardo,Cossell,gcossellfe@mlb.com,Male,168.151.113.72
556,Durante,Nazaret,dnazaretff@netvibes.com,Male,57.214.223.126
557,Tadio,Girardez,tgirardezfg@php.net,Male,112.182.142.92
558,Rosa,Fresson,rfressonfh@cargocollective.com,Female,110.17.38.39
559,Sherlocke,Pudsall,spudsallfi@cnbc.com,Male,220.181.181.177
560,Cyrill,Galpin,cgalpinfj@statcounter.com,Male,4.139.12.71
561,Deni,Bragginton,dbraggintonfk@photobucket.com,Female,127.250.21.126
562,Moyra,Fassbindler,mfassbindlerfl@gnu.org,Female,35.163.127.214
563,Forrester,Christmas,fchristmasfm@umich.edu,Male,12.154.252.59
564,Minnnie,D'Aguanno,mdaguannofn@pbs.org,Female,110.197.227.205
565,Perrine,Livesley,plivesleyfo@jigsy.com,Female,121.77.86.134
566,Haley,Brien,hbrienfp@instagram.com,Female,20.167.244.39
567,Erick,Liddyard,eliddyardfq@blogspot.com,Male,218.135.128.31
568,Gale,Minister,gministerfr@wikipedia.org,Female,147.253.171.24
569,Mariele,Reavey,mreaveyfs@dagondesign.com,Female,133.199.141.21
570,Vinni,Armand,varmandft@kickstarter.com,Female,97.227.40.90
571,Haley,Burkert,hburkertfu@hubpages.com,Female,231.111.204.174
572,Chadwick,Draper,cdraperfv@mtv.com,Male,210.173.69.216
573,Nananne,McIllrick,nmcillrickfw@icq.com,Female,179.67.228.184
574,Candra,Fredi,cfredifx@wsj.com,Genderfluid,204.88.117.225
575,Obie,Trawin,otrawinfy@eventbrite.com,Male,134.181.100.16
576,Angel,Brownhill,abrownhillfz@twitter.com,Female,178.1.226.245
577,Trumann,Eccleshare,teccleshareg0@xing.com,Male,157.34.79.184
578,Shellie,Dukelow,sdukelowg1@si.edu,Female,134.36.104.204
579,Joanne,Bloy,jbloyg2@goo.gl,Polygender,6.44.207.108
580,Vito,Tolomei,vtolomeig3@admin.ch,Male,15.170.125.76
581,Marcus,Townby,mtownbyg4@ovh.net,Male,192.212.56.57
582,Theodore,Lumber,tlumberg5@mapy.cz,Male,220.166.8.24
583,Ulberto,Itzig,uitzigg6@homestead.com,Male,21.112.254.134
584,Mahmoud,Canlin,mcanling7@apache.org,Male,41.61.221.144
585,Charlene,Dwire,cdwireg8@kickstarter.com,Female,200.72.217.111
586,Peyton,Kneel,pkneelg9@i2i.jp,Male,24.206.241.153
587,Bartholomew,Ivanenkov,bivanenkovga@smugmug.com,Male,112.254.214.26
588,Danni,Cruse,dcrusegb@pcworld.com,Female,208.198.237.239
589,Maiga,Messier,mmessiergc@nps.gov,Female,124.248.67.43
590,Quintilla,Farnell,qfarnellgd@answers.com,Female,112.11.208.145
591,Lauren,McNab,lmcnabge@dailymail.co.uk,Female,136.27.99.95
592,Renado,MacKay,rmackaygf@simplemachines.org,Non-binary,28.50.73.183
593,Ado,Chrisp,achrispgg@qq.com,Male,12.170.113.85
594,Mercie,Piddlehinton,mpiddlehintongh@businessweek.com,Female,237.52.186.228
595,Paule,Bourne,pbournegi@google.com.hk,Female,4.112.51.28
596,Oren,Buxcey,obuxceygj@list-manage.com,Male,178.181.146.157
597,Zachariah,MacGuiness,zmacguinessgk@patch.com,Male,21.36.99.183
598,Thekla,Wigzell,twigzellgl@wikispaces.com,Female,251.224.161.34
599,Margareta,O'Fairy,mofairygm@themeforest.net,Female,41.80.153.205
600,Lyn,Gorce,lgorcegn@buzzfeed.com,Male,147.154.39.163
601,Nannie,Foxten,nfoxtengo@chron.com,Bigender,9.196.8.107
602,Chev,Lawie,clawiegp@google.co.jp,Male,134.244.219.201
603,Myrwyn,Byrom,mbyromgq@typepad.com,Male,211.61.251.143
604,Merell,Rottcher,mrottchergr@zimbio.com,Male,91.211.125.90
605,Levon,Lamping,llampinggs@archive.org,Male,81.238.159.197
606,Stan,Cressor,scressorgt@reuters.com,Agender,56.61.62.176
607,Alvis,Keay,akeaygu@51.la,Male,48.180.121.219
608,Bria,Gosenell,bgosenellgv@linkedin.com,Female,253.134.49.159
609,Corrine,Sargison,csargisongw@utexas.edu,Female,156.58.74.31
610,Aviva,Rainey,araineygx@rediff.com,Female,30.150.74.63
611,Charlena,Goggin,cgoggingy@arstechnica.com,Female,14.126.41.149
612,Chase,Flockhart,cflockhartgz@utexas.edu,Male,39.34.251.155
613,Bevan,Lavender,blavenderh0@census.gov,Male,0.173.76.178
614,Shepperd,Munnion,smunnionh1@linkedin.com,Male,162.124.253.70
615,Glynnis,Bumpas,gbumpash2@taobao.com,Bigender,181.160.148.210
616,Odette,Templeman,otemplemanh3@ucoz.ru,Polygender,238.212.247.90
617,Aeriell,Djokovic,adjokovich4@booking.com,Female,12.244.143.8
618,Aylmar,Laurant,alauranth5@wordpress.com,Male,15.191.132.90
619,Jacky,Mundie,jmundieh6@hibu.com,Male,134.27.115.116
620,Lily,Borsi,lborsih7@wikispaces.com,Female,68.146.210.154
621,Bartel,Barends,bbarendsh8@globo.com,Male,129.208.232.128
622,Kamila,Phipp,kphipph9@pinterest.com,Female,3.153.248.160
623,Paulita,Hehnke,phehnkeha@ft.com,Female,12.86.201.108
624,Dorene,Carreyette,dcarreyettehb@jiathis.com,Female,161.140.82.29
625,Marlon,Dower,mdowerhc@soup.io,Male,162.117.212.17
626,Lawry,Okroy,lokroyhd@yahoo.co.jp,Male,97.59.215.144
627,Robinia,Vallentin,rvallentinhe@biblegateway.com,Female,147.225.233.15
628,Mallorie,Creane,mcreanehf@usnews.com,Female,126.35.130.60
629,Bevvy,Leaves,bleaveshg@bandcamp.com,Agender,84.12.156.160
630,Hunfredo,Thomazet,hthomazethh@state.tx.us,Male,252.168.194.43
631,Hall,Jeens,hjeenshi@digg.com,Male,227.29.80.167
632,Lannie,Carncross,lcarncrosshj@businesswire.com,Male,130.120.169.46
633,Leigh,Rangeley,lrangeleyhk@patch.com,Female,47.235.224.139
634,Miran,Growden,mgrowdenhl@jiathis.com,Female,170.9.13.10
635,Diandra,Gutcher,dgutcherhm@tumblr.com,Agender,123.109.59.89
636,Morlee,Lamps,mlampshn@nymag.com,Male,130.249.221.134
637,Lon,Alyutin,lalyutinho@netscape.com,Male,192.219.184.196
638,Samuel,Farbrother,sfarbrotherhp@wix.com,Male,161.73.31.229
639,Jackie,Duckerin,jduckerinhq@reference.com,Male,3.7.143.205
640,Reinold,Izhakov,rizhakovhr@hexun.com,Male,168.43.145.96
641,Yance,Whiston,ywhistonhs@jimdo.com,Male,237.88.0.9
642,Consalve,Barta,cbartaht@amazon.co.uk,Male,182.48.181.199
643,Honor,Blaksley,hblaksleyhu@live.com,Female,182.103.250.233
644,Mozelle,Antushev,mantushevhv@macromedia.com,Female,92.130.10.166
645,Raymund,Rudland,rrudlandhw@yellowpages.com,Male,146.254.157.212
646,Sloan,Calwell,scalwellhx@hubpages.com,Male,70.12.110.159
647,Rickie,Peres,rpereshy@lulu.com,Male,253.76.114.203
648,Trenton,Verdon,tverdonhz@uol.com.br,Male,224.253.44.195
649,Flossi,Klyn,fklyni0@mayoclinic.com,Female,168.255.105.144
650,Pete,Cooksey,pcookseyi1@people.com.cn,Bigender,85.153.38.173
651,Berget,Brawn,bbrawni2@reuters.com,Bigender,26.239.254.236
652,Filippa,Chaundy,fchaundyi3@ehow.com,Female,111.22.149.32
653,Donn,Geggus,dgeggusi4@ovh.net,Male,196.114.84.49
654,Aleda,Lincke,alinckei5@csmonitor.com,Female,200.13.111.204
655,Bertrand,Skerm,bskermi6@marketwatch.com,Male,96.98.235.232
656,Blake,Trowell,btrowelli7@wikimedia.org,Male,21.245.226.242
657,Mordecai,Forster,mforsteri8@nature.com,Male,182.205.214.186
658,Milt,Bayford,mbayfordi9@1688.com,Male,198.91.167.9
659,Bertie,Snelman,bsnelmania@example.com,Male,107.155.63.113
660,Marga,Ast,mastib@mac.com,Female,1.218.188.115
661,Felicia,Dedmam,fdedmamic@miibeian.gov.cn,Female,76.192.102.144
662,Gibbie,Feedome,gfeedomeid@blogger.com,Male,0.98.111.120
663,Milton,Hugonin,mhugoninie@patch.com,Male,162.6.186.60
664,Christoforo,Jermyn,cjermynif@hatena.ne.jp,Male,185.136.160.232
665,Blondie,Lideard,blideardig@jiathis.com,Polygender,159.211.171.134
666,Fiann,Copley,fcopleyih@ucoz.ru,Female,153.100.44.195
667,Katy,Gronow,kgronowii@squarespace.com,Female,29.96.20.198
668,Teena,Birkbeck,tbirkbeckij@msu.edu,Female,139.215.25.112
669,Cosetta,Hattiff,chattiffik@omniture.com,Female,120.244.214.100
670,Carin,Crosseland,ccrosselandil@webeden.co.uk,Agender,130.107.32.11
671,Emogene,Hillin,ehillinim@1688.com,Polygender,238.6.198.104
672,Kial,Krzysztofiak,kkrzysztofiakin@macromedia.com,Female,38.188.129.56
673,Correy,Cogin,ccoginio@themeforest.net,Male,81.178.197.38
674,Gaby,Drakes,gdrakesip@typepad.com,Genderfluid,30.104.75.129
675,Dorian,Lucks,dlucksiq@gmpg.org,Female,18.108.135.140
676,Karim,Finding,kfindingir@mozilla.com,Male,95.144.150.32
677,Carmelita,Coils,ccoilsis@gizmodo.com,Female,176.85.169.60
678,Riley,Beckson,rbecksonit@uiuc.edu,Male,120.167.52.223
679,Homere,Kunneke,hkunnekeiu@arstechnica.com,Male,82.249.12.125
680,Gratiana,De Gouy,gdegouyiv@constantcontact.com,Genderfluid,6.176.94.109
681,Doralynn,Lucian,dlucianiw@123-reg.co.uk,Female,240.158.160.85
682,Benedicto,Glaves,bglavesix@blog.com,Male,255.104.148.145
683,Tommie,Sneesby,tsneesbyiy@zdnet.com,Male,41.168.206.165
684,Sandy,Nevin,sneviniz@mac.com,Female,84.106.193.203
685,Demetris,Gothard,dgothardj0@un.org,Male,207.30.112.142
686,Gianna,Union,gunionj1@skyrock.com,Female,158.95.153.89
687,Aguistin,Huntington,ahuntingtonj2@pbs.org,Male,178.140.173.38
688,Derrick,Boyall,dboyallj3@sourceforge.net,Male,205.60.78.60
689,Ines,Sherred,isherredj4@mlb.com,Female,92.53.208.123
690,Joellyn,Grishechkin,jgrishechkinj5@tiny.cc,Female,214.192.40.167
691,Veradis,Lucio,vlucioj6@amazonaws.com,Female,234.251.82.220
692,Gabbie,Featherstonehaugh,gfeatherstonehaughj7@nature.com,Male,86.212.209.204
693,Hammad,Hutchence,hhutchencej8@auda.org.au,Male,21.79.232.163
694,Daron,Michieli,dmichielij9@sbwire.com,Female,213.213.142.124
695,Teodor,Yashin,tyashinja@zimbio.com,Male,155.15.97.150
696,Graig,Ingilson,gingilsonjb@businessinsider.com,Male,119.128.216.55
697,Dana,Proctor,dproctorjc@bbb.org,Female,178.175.239.94
698,Suki,Oxford,soxfordjd@bandcamp.com,Female,1.47.197.93
699,Gae,Shankle,gshankleje@w3.org,Female,23.199.189.77
700,Teodoro,Eves,tevesjf@lulu.com,Non-binary,249.34.194.87
701,Cyb,Veelers,cveelersjg@ox.ac.uk,Agender,245.102.251.98
702,Nathan,Tosdevin,ntosdevinjh@hexun.com,Male,248.207.113.48
703,Bertram,Skipworth,bskipworthji@privacy.gov.au,Male,21.85.172.47
704,Jarret,Greedy,jgreedyjj@virginia.edu,Male,20.240.245.130
705,Edeline,Hewlings,ehewlingsjk@webmd.com,Female,1.100.103.207
706,Nikolai,Pinney,npinneyjl@wordpress.org,Male,158.44.80.210
707,Gizela,Gard,ggardjm@google.com.hk,Female,37.193.195.136
708,Clark,Shergill,cshergilljn@hugedomains.com,Male,142.61.110.248
709,Jackqueline,Lashmar,jlashmarjo@miitbeian.gov.cn,Female,252.159.198.224
710,Mariquilla,Keme,mkemejp@businessweek.com,Female,156.147.186.26
711,Odele,Lounds,oloundsjq@aboutads.info,Female,55.176.186.151
712,Sayres,Farquar,sfarquarjr@yolasite.com,Male,33.135.123.45
713,Worthy,Galego,wgalegojs@webnode.com,Male,44.73.44.150
714,Blaine,Woodward,bwoodwardjt@about.me,Male,7.107.184.157
715,Beniamino,O'Mara,bomaraju@unc.edu,Male,16.30.35.211
716,Quent,Bonwell,qbonwelljv@example.com,Male,142.180.255.125
717,Betteann,Verbrugghen,bverbrugghenjw@prnewswire.com,Female,29.190.198.22
718,Andra,Feveryear,afeveryearjx@tumblr.com,Genderqueer,63.16.72.70
719,Jasmina,Pauncefort,jpauncefortjy@virginia.edu,Female,194.204.27.182
720,Denney,McGuggy,dmcguggyjz@google.com,Male,29.188.215.100
721,Karel,Clarkson,kclarksonk0@wunderground.com,Male,57.202.5.39
722,Dorice,Placidi,dplacidik1@uiuc.edu,Female,140.44.169.196
723,Mikkel,Rothery,mrotheryk2@guardian.co.uk,Male,127.30.5.93
724,Miller,Cargon,mcargonk3@pagesperso-orange.fr,Male,87.159.218.244
725,Christina,Renshaw,crenshawk4@pinterest.com,Female,125.14.178.187
726,Beau,Margrett,bmargrettk5@opera.com,Male,196.243.63.248
727,Sidnee,Minghi,sminghik6@yandex.ru,Polygender,121.192.69.4
728,Gerhardine,Blaszkiewicz,gblaszkiewiczk7@hatena.ne.jp,Female,166.234.144.136
729,Lewiss,Kimmons,lkimmonsk8@bravesites.com,Male,228.28.64.98
730,Hatti,Thornthwaite,hthornthwaitek9@sphinn.com,Female,222.16.103.228
731,Gwenneth,Vannoort,gvannoortka@ustream.tv,Female,35.253.242.123
732,Clywd,Boyack,cboyackkb@elegantthemes.com,Male,173.8.26.6
733,Donovan,Lorand,dlorandkc@techcrunch.com,Male,35.42.150.68
734,Lezlie,Gerling,lgerlingkd@springer.com,Female,192.189.36.190
735,Suzanne,Walcot,swalcotke@aol.com,Female,255.183.77.107
736,Rebeka,Santo,rsantokf@spotify.com,Female,158.80.140.117
737,Bastian,Tourville,btourvillekg@youku.com,Male,80.205.40.118
738,Ashbey,Stittle,astittlekh@t.co,Male,165.74.155.135
739,Zulema,Ismead,zismeadki@bing.com,Female,76.151.11.194
740,Sabrina,Dmitriev,sdmitrievkj@wunderground.com,Female,70.224.203.180
741,Ikey,Wallice,iwallicekk@4shared.com,Male,100.122.19.29
742,Arlen,Telezhkin,atelezhkinkl@cbslocal.com,Polygender,210.101.132.186
743,Harmonia,Di Filippo,hdifilippokm@pen.io,Female,44.233.113.149
744,Teodoor,Sandwich,tsandwichkn@51.la,Male,118.166.154.145
745,Giraud,Dominico,gdominicoko@globo.com,Male,64.98.31.70
746,Trent,Salzburg,tsalzburgkp@vk.com,Male,137.78.246.132
747,Simonette,Weaver,sweaverkq@state.tx.us,Female,162.145.170.177
748,Madlin,Deerness,mdeernesskr@reference.com,Female,243.213.3.184
749,Blaine,Fasham,bfashamks@sciencedaily.com,Agender,139.187.40.92
750,Gav,Thomerson,gthomersonkt@networksolutions.com,Male,127.40.102.127
751,Lincoln,Follis,lfollisku@github.com,Male,205.76.54.42
752,Humberto,McSherry,hmcsherrykv@psu.edu,Male,98.36.159.142
753,Blanca,Carrol,bcarrolkw@phoca.cz,Female,39.108.104.162
754,Kiah,Blincko,kblinckokx@google.pl,Female,94.82.188.179
755,Adria,Dayborne,adayborneky@163.com,Female,233.29.206.5
756,Farand,McClosh,fmccloshkz@squidoo.com,Female,72.59.25.145
757,Arly,Stainburn,astainburnl0@bing.com,Female,114.66.89.178
758,Frans,Rouse,frousel1@wufoo.com,Male,39.190.140.106
759,Kaile,Fairhead,kfairheadl2@desdev.cn,Female,188.108.67.178
760,Ronnie,Marushak,rmarushakl3@shareasale.com,Male,226.99.24.161
761,Jannel,Tasch,jtaschl4@reuters.com,Female,29.205.35.168
762,Andee,Poone,apoonel5@t-online.de,Female,86.24.74.11
763,Brady,Bolzmann,bbolzmannl6@newyorker.com,Male,182.147.159.71
764,Abby,Pullman,apullmanl7@nature.com,Female,109.143.142.253
765,Elsbeth,Kiehne,ekiehnel8@wikimedia.org,Female,152.20.20.244
766,Marlyn,Emburey,membureyl9@nationalgeographic.com,Female,174.19.215.126
767,Ariela,Maddison,amaddisonla@nasa.gov,Female,32.113.28.252
768,Karlee,Deddum,kdeddumlb@studiopress.com,Genderfluid,108.193.167.49
769,Anatole,Larway,alarwaylc@wisc.edu,Male,211.70.136.144
770,Alvinia,Libbie,alibbield@qq.com,Female,36.250.240.241
771,Dukie,Lansley,dlansleyle@example.com,Male,225.247.36.9
772,Ivar,Jauncey,ijaunceylf@webs.com,Male,115.222.139.234
773,Heda,Tarte,htartelg@nydailynews.com,Female,96.27.49.69
774,Jeffrey,Hassin,jhassinlh@ifeng.com,Male,172.132.242.162
775,Ansel,Ninnotti,aninnottili@shareasale.com,Male,156.63.15.118
776,Vally,Philot,vphilotlj@imageshack.us,Female,42.58.148.211
777,Agna,Gillinghams,agillinghamslk@tumblr.com,Female,217.121.32.130
778,Susy,Bailes,sbailesll@tmall.com,Female,205.238.170.3
779,Gabriella,Coarser,gcoarserlm@phoca.cz,Female,75.138.208.240
780,Yorker,Westlake,ywestlakeln@instagram.com,Male,245.62.26.183
781,Colette,Vivians,cvivianslo@businessweek.com,Female,80.192.67.95
782,Michelina,Gomez,mgomezlp@cloudflare.com,Female,117.148.199.191
783,Jobie,Cumesky,jcumeskylq@theguardian.com,Female,143.55.125.215
784,Noble,Winchcombe,nwinchcombelr@storify.com,Male,135.244.94.184
785,Pippa,Benoix,pbenoixls@dell.com,Female,156.252.96.229
786,Griffy,Mariotte,gmariottelt@umn.edu,Male,129.206.65.58
787,Kenton,Costin,kcostinlu@joomla.org,Male,234.14.164.89
788,Vilma,Pember,vpemberlv@cyberchimps.com,Non-binary,164.4.163.242
789,Son,Pottery,spotterylw@stanford.edu,Polygender,10.59.28.17
790,Abagail,Dibb,adibblx@examiner.com,Female,53.175.7.137
791,Ely,Djekovic,edjekovicly@bandcamp.com,Male,194.188.243.195
792,Sabra,MacKissack,smackissacklz@1688.com,Female,42.9.153.146
793,Chaunce,Hambrook,chambrookm0@mail.ru,Male,158.30.232.15
794,Braden,Dundredge,bdundredgem1@who.int,Male,208.232.68.115
795,Nonna,Stooders,nstoodersm2@comsenz.com,Female,144.24.25.250
796,Babara,Bassford,bbassfordm3@sphinn.com,Female,124.201.211.83
797,Cassie,Rivlin,crivlinm4@amazon.co.uk,Male,89.153.28.31
798,Cordelia,Blaydes,cblaydesm5@hibu.com,Female,50.144.97.207
799,Becka,Saffell,bsaffellm6@noaa.gov,Female,22.8.225.80
800,Pattie,Ziemsen,pziemsenm7@technorati.com,Male,132.135.42.215
801,Alika,Hurran,ahurranm8@mlb.com,Female,192.81.82.30
802,Ingemar,Thorp,ithorpm9@macromedia.com,Male,184.82.56.45
803,Sterling,Snoddy,ssnoddyma@microsoft.com,Male,27.242.6.113
804,Matthaeus,Pendlebury,mpendleburymb@google.es,Male,68.72.185.116
805,Melly,Ipsley,mipsleymc@tamu.edu,Female,51.65.190.219
806,Karel,Loveitt,kloveittmd@indiatimes.com,Male,29.23.100.124
807,Melicent,Wewell,mwewellme@blogspot.com,Female,60.121.103.192
808,Julee,Pyner,jpynermf@google.com.au,Female,249.123.162.110
809,Marion,Pennaman,mpennamanmg@mapy.cz,Female,160.74.122.67
810,Papageno,Meiklam,pmeiklammh@toplist.cz,Male,227.53.112.68
811,Kimberley,Haggarty,khaggartymi@topsy.com,Genderqueer,254.54.237.187
812,Norah,Bodycomb,nbodycombmj@aboutads.info,Female,155.153.244.167
813,Kean,Kubis,kkubismk@ftc.gov,Male,82.114.6.238
814,Pauletta,Runcie,pruncieml@latimes.com,Bigender,26.72.246.15
815,Kat,Thebes,kthebesmm@a8.net,Female,238.82.116.26
816,Gabriell,Emmer,gemmermn@ca.gov,Female,197.131.222.215
817,Seumas,Corriea,scorrieamo@soup.io,Male,196.184.61.197
818,Terencio,Grevatt,tgrevattmp@umich.edu,Male,128.127.19.7
819,Marlyn,Beevor,mbeevormq@live.com,Female,49.229.169.239
820,Dorolice,Roskell,droskellmr@pbs.org,Female,24.138.203.121
821,Halsy,Evenden,hevendenms@sciencedaily.com,Male,27.141.154.255
822,Barnard,Dumbleton,bdumbletonmt@furl.net,Male,87.122.46.169
823,Gay,Lyman,glymanmu@webs.com,Male,4.0.73.126
824,Kristoforo,Duprey,kdupreymv@clickbank.net,Male,25.166.76.176
825,Olav,Connop,oconnopmw@ibm.com,Male,228.62.82.241
826,Joyan,Bortoli,jbortolimx@1und1.de,Female,131.111.120.141
827,Elfrieda,Dugall,edugallmy@mozilla.org,Female,114.141.18.209
828,Sky,Yeell,syeellmz@tinyurl.com,Male,128.93.54.115
829,Marven,Norledge,mnorledgen0@free.fr,Male,86.26.36.91
830,Suki,Gegay,sgegayn1@qq.com,Female,23.253.45.222
831,Ambrosio,Massie,amassien2@vistaprint.com,Male,207.132.195.241
832,Teodor,Gianni,tgiannin3@reuters.com,Male,102.151.228.198
833,Giffard,Emanuel,gemanueln4@addthis.com,Male,23.114.135.70
834,Mauricio,Bessent,mbessentn5@surveymonkey.com,Male,234.81.31.178
835,Dorene,Akred,dakredn6@illinois.edu,Female,167.178.56.195
836,Kally,Bromilow,kbromilown7@bbc.co.uk,Female,194.182.225.206
837,Salvidor,Byrcher,sbyrchern8@xrea.com,Male,225.250.227.125
838,Ara,Flips,aflipsn9@alexa.com,Male,237.157.66.138
839,Aileen,Dimnage,adimnagena@wp.com,Female,156.60.23.61
840,Conway,Wheowall,cwheowallnb@de.vu,Male,47.92.200.212
841,Emelia,Jee,ejeenc@jigsy.com,Female,181.124.24.166
842,Toddy,Catford,tcatfordnd@gmpg.org,Male,120.31.151.244
843,Hansiain,Shaudfurth,hshaudfurthne@etsy.com,Male,92.134.62.19
844,Nanette,Christophe,nchristophenf@quantcast.com,Female,162.161.220.149
845,Imojean,Oury,iouryng@amazon.de,Female,206.18.71.239
846,Joela,Hulcoop,jhulcoopnh@goo.ne.jp,Female,179.28.238.8
847,Mechelle,Rosengren,mrosengrenni@simplemachines.org,Female,33.205.24.28
848,Paulo,Crispin,pcrispinnj@rambler.ru,Male,116.10.58.16
849,Nobie,Hasely,nhaselynk@umich.edu,Male,66.125.152.229
850,Zed,Trayford,ztrayfordnl@nytimes.com,Male,71.171.28.175
851,Melissa,Durno,mdurnonm@unc.edu,Female,68.58.247.57
852,Yule,Iston,yistonnn@prlog.org,Male,131.38.131.249
853,Nissa,Routhorn,nrouthornno@com.com,Female,164.172.237.229
854,Ddene,Kapelhoff,dkapelhoffnp@indiegogo.com,Female,3.252.254.150
855,Ladonna,Croke,lcrokenq@livejournal.com,Female,201.97.188.107
856,Janith,Sharrier,jsharriernr@ovh.net,Female,59.190.60.117
857,Nichol,Prettejohns,nprettejohnsns@wufoo.com,Female,90.229.182.147
858,Fannie,Nutting,fnuttingnt@homestead.com,Female,184.20.127.209
859,Nadiya,Prichard,nprichardnu@globo.com,Female,85.117.212.153
860,Tammi,Stailey,tstaileynv@ucsd.edu,Female,217.46.243.123
861,Leigh,Dykes,ldykesnw@de.vu,Female,191.240.98.111
862,Shel,Godmar,sgodmarnx@topsy.com,Female,115.14.229.148
863,Susy,Bowness,sbownessny@mtv.com,Female,180.145.62.112
864,Hartwell,Gautrey,hgautreynz@oaic.gov.au,Genderqueer,61.254.42.168
865,Keriann,Scolli,kscollio0@exblog.jp,Female,234.36.14.220
866,Garrik,Oakshott,goakshotto1@weibo.com,Male,79.169.152.149
867,Sile,Burker,sburkero2@abc.net.au,Female,170.157.18.238
868,Vivia,Trusler,vtruslero3@livejournal.com,Female,22.197.247.3
869,Irina,Sadry,isadryo4@ibm.com,Female,138.146.203.55
870,Conrade,Nuzzti,cnuzztio5@forbes.com,Male,79.127.71.249
871,Edin,Crowter,ecrowtero6@umich.edu,Female,51.91.11.16
872,Aksel,Woolfenden,awoolfendeno7@edublogs.org,Male,87.233.253.30
873,Kaylyn,Plastow,kplastowo8@canalblog.com,Female,204.150.178.213
874,Gabriel,Francescozzi,gfrancescozzio9@census.gov,Female,152.21.52.71
875,Todd,Fowlie,tfowlieoa@hao123.com,Male,223.214.252.246
876,Jennifer,Kemble,jkembleob@mac.com,Female,94.70.16.140
877,Frazer,Poulglais,fpoulglaisoc@usatoday.com,Male,62.37.191.239
878,Norton,Naper,nnaperod@ovh.net,Male,53.108.155.35
879,Vyky,Pervoe,vpervoeoe@go.com,Female,221.207.215.176
880,Lilllie,Norheny,lnorhenyof@360.cn,Female,221.7.160.39
881,Biddie,Perse,bperseog@about.com,Female,228.153.140.214
882,Sabra,Ropert,sropertoh@toplist.cz,Female,78.67.77.145
883,Cull,Keson,ckesonoi@mit.edu,Male,253.25.65.126
884,Bendix,Truitt,btruittoj@usnews.com,Male,49.232.111.135
885,Janet,Harverson,jharversonok@odnoklassniki.ru,Genderqueer,158.246.142.124
886,Nissy,McFadyen,nmcfadyenol@opensource.org,Female,78.160.185.17
887,Dacie,Phelit,dphelitom@jiathis.com,Female,63.250.81.87
888,Gayelord,Huglin,ghuglinon@alexa.com,Bigender,98.222.165.130
889,Jenica,Boddam,jboddamoo@constantcontact.com,Polygender,248.106.194.182
890,Adiana,Mitkin,amitkinop@scientificamerican.com,Female,146.86.102.193
891,Jean,Sandells,jsandellsoq@narod.ru,Male,245.15.114.101
892,Terrill,Topping,ttoppingor@abc.net.au,Genderfluid,79.197.180.213
893,Salomi,Schule,sschuleos@indiatimes.com,Female,209.250.85.160
894,Garnette,Halm,ghalmot@gizmodo.com,Female,99.144.170.220
895,Gillan,Baurerich,gbaurerichou@youtu.be,Female,233.63.50.115
896,Roy,Shorthouse,rshorthouseov@bravesites.com,Male,58.99.98.33
897,Loise,Joddens,ljoddensow@apache.org,Female,115.199.66.157
898,Haskel,Grisdale,hgrisdaleox@jimdo.com,Male,16.239.79.149
899,Roslyn,Fenning,rfenningoy@who.int,Female,220.30.229.197
900,Joceline,Fancy,jfancyoz@intel.com,Female,124.208.252.89
901,Linn,Geck,lgeckp0@examiner.com,Male,40.144.39.219
902,Isador,Smee,ismeep1@cloudflare.com,Male,153.206.255.255
903,Fawn,Daffern,fdaffernp2@paginegialle.it,Female,225.12.197.103
904,Jae,Bearman,jbearmanp3@technorati.com,Male,158.233.97.47
905,Kimberlee,Conechie,kconechiep4@squarespace.com,Female,66.94.131.56
906,Kirsteni,Santorini,ksantorinip5@ezinearticles.com,Female,246.128.13.117
907,Carlin,Smale,csmalep6@topsy.com,Female,225.62.214.20
908,Torin,Copson,tcopsonp7@feedburner.com,Male,180.89.233.251
909,Denni,Damiata,ddamiatap8@webnode.com,Female,71.19.17.19
910,Emlyn,Samuels,esamuelsp9@taobao.com,Female,197.20.91.215
911,Glyn,Recher,grecherpa@shareasale.com,Male,69.125.1.3
912,Rossy,O'Currigan,rocurriganpb@naver.com,Male,58.90.71.174
913,Kathie,Hail,khailpc@deliciousdays.com,Female,108.22.146.235
914,Filide,Ramsted,framstedpd@mashable.com,Female,14.150.10.206
915,Conny,Allred,callredpe@desdev.cn,Male,46.126.55.128
916,Tarah,Santoro,tsantoropf@dmoz.org,Female,69.41.97.213
917,Kin,Tirrey,ktirreypg@omniture.com,Male,119.101.247.110
918,Francklin,Blamire,fblamireph@skype.com,Male,122.185.230.24
919,Nanni,Gloster,nglosterpi@digg.com,Female,51.61.22.81
920,Dukie,Allardyce,dallardycepj@unc.edu,Male,41.248.9.65
921,Nappy,Strettle,nstrettlepk@ihg.com,Male,193.181.206.94
922,Jean,Pottie,jpottiepl@usa.gov,Female,29.96.125.4
923,Bentley,Weaben,bweabenpm@sina.com.cn,Male,101.254.115.43
924,Tonia,Lengthorn,tlengthornpn@dedecms.com,Female,88.192.248.44
925,Sallee,Dewbury,sdewburypo@nifty.com,Female,226.182.238.238
926,Cheri,Klaff,cklaffpp@rambler.ru,Female,3.148.154.10
927,Kermy,Tomovic,ktomovicpq@netvibes.com,Male,29.188.67.199
928,Lezlie,Sangwine,lsangwinepr@pcworld.com,Female,27.206.67.6
929,Forster,Paddie,fpaddieps@mozilla.com,Male,44.80.72.21
930,Marian,Bertouloume,mbertouloumept@yolasite.com,Female,96.136.52.107
931,Gerard,Moatt,gmoattpu@mayoclinic.com,Male,241.230.76.201
932,Jefferey,Debenham,jdebenhampv@independent.co.uk,Male,60.123.162.9
933,Addie,Arlott,aarlottpw@boston.com,Female,63.45.57.242
934,Burch,Fowlston,bfowlstonpx@archive.org,Male,20.71.59.175
935,Kipp,Dalston,kdalstonpy@livejournal.com,Male,124.183.58.90
936,Elyssa,Dodgshun,edodgshunpz@time.com,Bigender,246.62.225.82
937,Bailie,Giveen,bgiveenq0@google.com.au,Male,37.235.249.130
938,Tuesday,Cottee,tcotteeq1@sphinn.com,Female,156.72.166.144
939,Jewelle,Tambling,jtamblingq2@jiathis.com,Female,100.90.241.3
940,Way,Cluderay,wcluderayq3@buzzfeed.com,Male,194.23.36.60
941,Auroora,Otterwell,aotterwellq4@taobao.com,Female,242.75.186.228
942,Gunter,Limer,glimerq5@guardian.co.uk,Male,172.119.50.190
943,Shaylyn,Wilfinger,swilfingerq6@reference.com,Female,66.200.184.232
944,Peirce,Cona,pconaq7@ehow.com,Male,128.58.16.121
945,Waverley,Beale,wbealeq8@youku.com,Male,202.191.199.82
946,Tore,Rowatt,trowattq9@sohu.com,Male,15.97.28.95
947,Karlotte,Dumingo,kdumingoqa@hugedomains.com,Female,5.82.16.84
948,Marylee,Bodycote,mbodycoteqb@edublogs.org,Female,23.131.228.67
949,Janean,Gandley,jgandleyqc@homestead.com,Female,230.28.33.129
950,Osborn,Woollacott,owoollacottqd@woothemes.com,Male,150.54.227.11
951,Cece,Quick,cquickqe@constantcontact.com,Polygender,117.224.34.106
952,Carlin,Baniard,cbaniardqf@acquirethisname.com,Female,176.148.58.27
953,Carmella,Clemintoni,cclemintoniqg@businesswire.com,Female,145.231.98.75
954,Giffer,Unthank,gunthankqh@cargocollective.com,Male,30.147.98.101
955,Valentino,Gidman,vgidmanqi@zdnet.com,Male,168.95.95.180
956,John,Hepher,jhepherqj@china.com.cn,Male,28.136.196.29
957,Zonnya,Mates,zmatesqk@sina.com.cn,Female,59.216.102.197
958,Marvin,Pinnington,mpinningtonql@imgur.com,Non-binary,9.225.157.104
959,Maurice,Goodge,mgoodgeqm@issuu.com,Male,164.85.182.227
960,Gilbertine,Ledrane,gledraneqn@go.com,Female,175.222.199.30
961,Reynolds,Stockings,rstockingsqo@yelp.com,Male,39.72.186.66
962,Sol,Lune,sluneqp@posterous.com,Male,110.135.198.7
963,Crista,Bendix,cbendixqq@umich.edu,Non-binary,194.112.204.197
964,Karmen,Blaycock,kblaycockqr@flickr.com,Female,87.72.205.199
965,Kele,Lanchbury,klanchburyqs@a8.net,Male,146.89.150.106
966,Archie,McLarens,amclarensqt@purevolume.com,Male,218.128.66.191
967,Stanislaw,Johnys,sjohnysqu@wikimedia.org,Male,169.84.52.85
968,Natala,Henriet,nhenrietqv@fotki.com,Female,96.33.152.200
969,Nikita,Sweedland,nsweedlandqw@psu.edu,Male,243.15.48.8
970,Hilda,Lowcock,hlowcockqx@springer.com,Female,145.194.114.12
971,Lindsey,Guiduzzi,lguiduzziqy@drupal.org,Female,29.92.38.28
972,Constantina,Taffee,ctaffeeqz@narod.ru,Female,10.121.49.46
973,Adah,Crowd,acrowdr0@tiny.cc,Female,250.87.46.175
974,Jamie,Stoving,jstovingr1@ucsd.edu,Male,209.63.215.106
975,Wendeline,Lutz,wlutzr2@wired.com,Female,215.215.80.43
976,Manda,Pietrowicz,mpietrowiczr3@canalblog.com,Female,41.27.253.85
977,Mary,Blodgett,mblodgettr4@live.com,Female,58.213.96.137
978,Sheree,Gomes,sgomesr5@technorati.com,Female,86.128.144.225
979,Candace,Fishpoole,cfishpooler6@4shared.com,Agender,96.148.202.116
980,Jada,Hutten,jhuttenr7@lulu.com,Agender,60.1.10.117
981,Marjy,Packington,mpackingtonr8@sfgate.com,Female,54.70.190.245
982,Derron,Oakinfold,doakinfoldr9@addthis.com,Male,97.107.168.229
983,Wright,Baudacci,wbaudaccira@adobe.com,Male,14.70.179.177
984,Padraic,Basek,pbasekrb@marriott.com,Male,52.42.28.185
985,Caressa,Giacomello,cgiacomellorc@thetimes.co.uk,Female,211.101.241.5
986,Othella,Trathan,otrathanrd@economist.com,Female,112.34.170.204
987,Mel,Philler,mphillerre@nhs.uk,Female,148.1.93.201
988,Kimmi,Tapenden,ktapendenrf@newsvine.com,Female,242.3.111.152
989,Murry,Swadon,mswadonrg@friendfeed.com,Male,10.185.11.82
990,Skipper,Wakenshaw,swakenshawrh@pagesperso-orange.fr,Male,162.79.69.209
991,Daphna,Hannibal,dhannibalri@github.com,Female,215.207.49.245
992,Andros,Siflet,asifletrj@techcrunch.com,Male,57.63.75.187
993,Nelle,Grumell,ngrumellrk@admin.ch,Genderqueer,105.211.168.90
994,Alta,Geeves,ageevesrl@illinois.edu,Female,84.131.83.47
995,Theobald,Sanbroke,tsanbrokerm@stanford.edu,Male,201.179.225.19
996,Flor,Jaffrey,fjaffreyrn@latimes.com,Female,117.176.63.44
997,Edi,Keford,ekefordro@sfgate.com,Female,203.219.232.147
998,Alayne,Ulyat,aulyatrp@yelp.com,Female,45.84.37.72
999,Nils,Killik,nkillikrq@chron.com,Male,140.149.13.243
1000,Giorgia,Seldon,gseldonrr@facebook.com,Female,178.39.130.110
