id,first_name,last_name,email,gender,ip_address
1,Geoffrey,Dilrew,gdilrew0@census.gov,Male,15.240.167.128
2,Charline,Skurm,cskurm1@dedecms.com,Genderqueer,174.146.57.173
3,Alleen,Gifkins,agifkins2@microsoft.com,Female,97.162.195.119
4,Cathie,Overlow,coverlow3@yale.edu,Female,140.242.162.83
5,Annelise,Duckers,aduckers4@chicagotribune.com,Female,20.32.192.73
6,Grant,Richardot,grichardot5@fda.gov,Male,174.128.200.82
7,Aleece,Ready,aready6@alexa.com,Female,158.74.154.130
8,Cordula,Chadband,cchadband7@nytimes.com,Female,61.9.57.107
9,Selinda,Jewson,sjewson8@symantec.com,Female,192.136.26.192
10,Ivor,Haire,ihaire9@hao123.com,Male,130.29.226.116
11,Elenore,Hallad,ehallada@usa.gov,Female,246.104.51.11
12,Zuzana,Petel,zpetelb@washington.edu,Female,182.24.237.118
13,Herc,Eliasen,heliasenc@people.com.cn,Male,197.100.180.97
14,Holmes,Ismirnioglou,hismirniogloud@liveinternet.ru,Male,190.126.190.181
15,Berkley,Collibear,bcollibeare@phoca.cz,Male,101.241.145.44
16,Fara,Gebhardt,fgebhardtf@jimdo.com,Female,126.48.193.90
17,Honor,Haggarth,hhaggarthg@diigo.com,Female,210.241.131.248
18,Lettie,Aitchison,laitchisonh@pcworld.com,Female,186.139.26.97
19,Ailina,Bowater,abowateri@examiner.com,Female,8.93.189.110
20,Lyn,Nicholl,lnichollj@weibo.com,Male,146.35.138.50
21,Loralyn,Butrimovich,lbutrimovichk@acquirethisname.com,Female,152.126.199.35
22,Irene,Evemy,ievemyl@google.nl,Female,104.10.147.124
23,Heida,Dowbiggin,hdowbigginm@shutterfly.com,Female,7.55.222.15
24,Michaella,Yude,myuden@omniture.com,Female,31.102.61.232
25,Pierce,Formilli,pformillio@google.ru,Male,177.85.62.77
26,Shawn,Edington,sedingtonp@goo.gl,Female,2.179.111.57
27,Teodoor,Peyes,tpeyesq@webmd.com,Male,230.18.59.51
28,Jess,Harries,jharriesr@bloomberg.com,Female,236.164.60.30
29,Emera,Iashvili,eiashvilis@sun.com,Female,247.6.12.110
30,Malena,Amiable,mamiablet@goo.gl,Female,6.239.123.84
31,Nerta,Wooffitt,nwooffittu@yellowpages.com,Female,96.172.106.126
32,Kamillah,Adshead,kadsheadv@timesonline.co.uk,Female,202.145.4.143
33,Sinclair,Gerretsen,sgerretsenw@bloglines.com,Male,56.43.159.84
34,Lurette,Quidenham,lquidenhamx@macromedia.com,Genderqueer,57.71.191.39
35,Chas,Stangoe,cstangoey@dagondesign.com,Male,18.164.235.101
36,Neill,Ratnage,nratnagez@twitter.com,Male,4.206.238.23
37,Brit,Briamo,bbriamo10@networkadvertising.org,Male,186.219.243.55
38,Caralie,Fairall,cfairall11@webeden.co.uk,Female,244.14.18.31
39,Kayne,Tallman,ktallman12@webnode.com,Male,73.5.121.126
40,Igor,Duthy,iduthy13@slate.com,Male,99.187.96.223
41,Saloma,de Pinna,sdepinna14@last.fm,Female,76.255.82.166
42,Dwayne,Knocker,dknocker15@sakura.ne.jp,Non-binary,158.42.76.225
43,Berny,Collis,bcollis16@google.co.jp,Female,221.118.150.1
44,Rosetta,Tee,rtee17@sciencedirect.com,Female,200.192.143.60
45,Lorrie,Ludvigsen,lludvigsen18@opensource.org,Male,249.226.34.93
46,Renata,Boyde,rboyde19@mtv.com,Female,7.133.171.168
47,Kienan,Maron,kmaron1a@123-reg.co.uk,Male,255.49.252.238
48,Bell,Cattell,bcattell1b@ucla.edu,Female,63.177.141.224
49,Francisca,Ockleshaw,fockleshaw1c@msu.edu,Female,121.147.121.23
50,Slade,Tomanek,stomanek1d@pinterest.com,Male,189.164.156.101
51,Aggie,Shegog,ashegog1e@unblog.fr,Female,145.161.62.177
52,Wye,Poe,wpoe1f@shop-pro.jp,Male,58.163.17.35
53,Desmund,Ivakhno,divakhno1g@live.com,Male,141.109.159.37
54,Ennis,Cheson,echeson1h@nps.gov,Male,172.211.117.39
55,Winslow,Crawshay,wcrawshay1i@seesaa.net,Male,37.125.182.155
56,Flory,Gummoe,fgummoe1j@icio.us,Male,7.195.194.124
57,Abba,Roland,aroland1k@omniture.com,Male,74.6.8.179
58,Johnathon,Beldan,jbeldan1l@qq.com,Male,117.195.19.67
59,Nicolea,Pidgin,npidgin1m@wunderground.com,Female,97.107.33.233
60,Garrik,Wagen,gwagen1n@goo.ne.jp,Non-binary,205.142.80.162
61,Arvin,Strickler,astrickler1o@ow.ly,Male,17.16.42.231
62,Wyatan,Pryn,wpryn1p@webmd.com,Male,43.136.224.83
63,Vinita,Gaw,vgaw1q@bigcartel.com,Female,200.221.215.244
64,Elmer,Laetham,elaetham1r@google.es,Male,217.130.13.220
65,Donnajean,Nendick,dnendick1s@indiegogo.com,Female,66.57.41.77
66,Rafe,Barkley,rbarkley1t@archive.org,Male,155.3.118.183
67,Yuri,Chiverstone,ychiverstone1u@infoseek.co.jp,Male,105.149.250.213
68,Johanna,Scutt,jscutt1v@zdnet.com,Female,213.130.12.112
69,Leonard,Itzak,litzak1w@amazon.de,Male,240.135.14.163
70,Bliss,Caves,bcaves1x@csmonitor.com,Female,30.44.246.98
71,Norrie,Armell,narmell1y@php.net,Female,76.80.213.39
72,Catharine,Chasles,cchasles1z@deliciousdays.com,Female,25.240.208.14
73,Rodrique,Yaxley,ryaxley20@comcast.net,Male,96.60.10.216
74,Bradly,Minguet,bminguet21@blinklist.com,Male,230.46.81.250
75,Maegan,Blount,mblount22@ted.com,Female,112.139.241.119
76,Flor,McNeilley,fmcneilley23@wunderground.com,Female,166.82.97.250
77,Tobe,Lorie,tlorie24@webmd.com,Female,204.12.117.21
78,Lesli,McLaren,lmclaren25@seesaa.net,Female,210.225.148.220
79,Addia,Bend,abend26@blogspot.com,Female,144.211.189.3
80,Jania,Henze,jhenze27@craigslist.org,Female,186.17.230.76
81,Tabbi,Cosgrave,tcosgrave28@merriam-webster.com,Genderfluid,65.204.132.85
82,Noah,Mieville,nmieville29@privacy.gov.au,Male,151.161.212.130
83,Laney,Crottagh,lcrottagh2a@hostgator.com,Female,27.237.56.128
84,Gauthier,Lulham,glulham2b@google.pl,Male,188.68.231.27
85,Tory,Fidell,tfidell2c@booking.com,Female,96.3.234.187
86,Rahel,Clausner,rclausner2d@washington.edu,Female,222.76.128.115
87,Franklin,Eckhard,feckhard2e@indiatimes.com,Male,39.190.10.164
88,Sammy,McCreath,smccreath2f@upenn.edu,Male,99.28.202.227
89,Alexandros,Bastie,abastie2g@ezinearticles.com,Genderqueer,152.53.9.110
90,Homer,Huard,hhuard2h@xinhuanet.com,Male,164.31.98.254
91,Romain,Askem,raskem2i@ow.ly,Male,14.99.133.2
92,Sidoney,McHan,smchan2j@delicious.com,Female,183.211.57.190
93,Kane,Drance,kdrance2k@marriott.com,Male,62.229.242.238
94,Fax,Jenkin,fjenkin2l@acquirethisname.com,Male,98.193.129.169
95,Cosmo,Vannoni,cvannoni2m@artisteer.com,Male,229.25.106.57
96,Eleonore,Ferfulle,eferfulle2n@vinaora.com,Female,181.239.169.239
97,Denney,Zannotelli,dzannotelli2o@usda.gov,Male,22.83.215.28
98,Chiarra,Dunphy,cdunphy2p@wordpress.com,Polygender,16.129.91.243
99,Kyle,Jordin,kjordin2q@smugmug.com,Female,4.49.149.241
100,Symon,Smethurst,ssmethurst2r@ox.ac.uk,Male,6.241.214.6
101,Crin,Gadson,cgadson2s@addthis.com,Female,61.13.52.81
102,Dale,Stealy,dstealy2t@auda.org.au,Male,193.63.107.131
103,Carter,Bexon,cbexon2u@pcworld.com,Male,104.191.205.168
104,Karlie,Cowoppe,kcowoppe2v@creativecommons.org,Female,208.240.169.233
105,Oralla,Atkinson,oatkinson2w@gizmodo.com,Female,220.207.17.30
106,Nap,Hungerford,nhungerford2x@washingtonpost.com,Male,17.128.176.105
107,Zola,Walklot,zwalklot2y@themeforest.net,Female,76.11.223.62
108,Jacynth,Kidgell,jkidgell2z@skype.com,Female,158.35.9.237
109,Maxie,Haberfield,mhaberfield30@hexun.com,Female,92.170.90.222
110,Gibbie,Drowsfield,gdrowsfield31@tamu.edu,Male,163.144.164.93
111,Janeva,Gosselin,jgosselin32@europa.eu,Female,101.57.156.253
112,Goran,Neenan,gneenan33@noaa.gov,Male,35.41.58.95
113,Any,Face,aface34@example.com,Male,0.138.169.52
114,Saul,Rowatt,srowatt35@google.com.br,Bigender,111.148.223.191
115,Corrianne,Sollime,csollime36@slashdot.org,Bigender,135.89.58.27
116,Dame,Vowden,dvowden37@vistaprint.com,Male,250.52.120.158
117,Marv,Longega,mlongega38@tinypic.com,Male,245.39.234.104
118,Christen,Cockney,ccockney39@admin.ch,Female,90.71.112.42
119,Niki,Wanjek,nwanjek3a@wsj.com,Male,128.5.56.38
120,Fransisco,Romero,fromero3b@cpanel.net,Male,213.179.2.219
121,Randolf,Sturr,rsturr3c@livejournal.com,Male,62.133.135.210
122,Stanford,Woodthorpe,swoodthorpe3d@nhs.uk,Male,88.167.24.242
123,Almeria,Readie,areadie3e@xrea.com,Female,237.147.42.60
124,Gail,Kyffin,gkyffin3f@51.la,Male,76.192.68.33
125,Terrance,Tuminini,ttuminini3g@utexas.edu,Male,192.228.105.3
126,Huberto,Lisciardelli,hlisciardelli3h@ehow.com,Male,170.207.69.73
127,Andreas,Dufer,adufer3i@nasa.gov,Male,78.158.206.140
128,Druci,Size,dsize3j@mail.ru,Female,101.172.54.237
129,Sidnee,Borge,sborge3k@t-online.de,Male,84.232.137.216
130,Port,Linne,plinne3l@nytimes.com,Male,96.175.251.1
131,Theo,Sprey,tsprey3m@rambler.ru,Female,185.154.255.26
132,Fleur,Senecaut,fsenecaut3n@ucsd.edu,Female,36.193.114.55
133,Pincus,Levine,plevine3o@who.int,Male,120.126.230.65
134,Deane,Hay,dhay3p@aol.com,Male,115.165.36.10
135,Kalila,Hansley,khansley3q@creativecommons.org,Female,95.221.34.157
136,Asa,MacLleese,amaclleese3r@gov.uk,Male,33.186.129.98
137,Vallie,Bellward,vbellward3s@globo.com,Female,124.132.44.180
138,Ophelia,Skivington,oskivington3t@dmoz.org,Female,232.215.138.67
139,Min,Leaning,mleaning3u@spotify.com,Female,170.129.46.100
140,Elinor,Tomkinson,etomkinson3v@statcounter.com,Female,189.120.80.80
141,Alma,Pfertner,apfertner3w@ca.gov,Female,238.126.192.242
142,Crista,Gellibrand,cgellibrand3x@meetup.com,Female,250.43.30.122
143,Lewiss,Corteney,lcorteney3y@foxnews.com,Male,100.109.119.185
144,Tabitha,Suerz,tsuerz3z@yandex.ru,Female,109.0.82.138
145,Merilyn,Basson,mbasson40@histats.com,Female,170.108.37.146
146,Papagena,Ervine,pervine41@gnu.org,Female,53.178.98.4
147,Karmen,Reck,kreck42@guardian.co.uk,Female,140.187.107.205
148,Stanwood,Brimilcombe,sbrimilcombe43@cornell.edu,Male,44.108.90.208
149,Marillin,Cannam,mcannam44@zimbio.com,Genderqueer,6.167.40.4
150,Perceval,Fernyhough,pfernyhough45@51.la,Male,122.193.30.8
151,Stefanie,Stroder,sstroder46@about.me,Female,11.210.13.10
152,Gunther,Jonk,gjonk47@umich.edu,Male,116.242.117.58
153,Rori,Raigatt,rraigatt48@jugem.jp,Female,232.90.164.253
154,Jarrid,Tomney,jtomney49@businessweek.com,Male,68.157.32.203
155,Cosimo,Plester,cplester4a@mtv.com,Male,193.102.26.56
156,Serge,Faughey,sfaughey4b@dion.ne.jp,Male,123.148.37.173
157,Heindrick,Lambrecht,hlambrecht4c@google.cn,Male,14.127.76.244
158,Talia,Ponceford,tponceford4d@dmoz.org,Female,160.219.14.179
159,Dara,Caple,dcaple4e@storify.com,Female,165.120.205.107
160,Kati,Antcliffe,kantcliffe4f@indiegogo.com,Female,14.115.187.25
161,Erinna,Cowdrey,ecowdrey4g@aboutads.info,Female,231.194.35.38
162,Kelsey,Guitonneau,kguitonneau4h@skyrock.com,Female,187.51.16.144
163,Tallie,Suff,tsuff4i@cpanel.net,Male,90.97.98.167
164,Kit,Saltsberg,ksaltsberg4j@usatoday.com,Male,30.103.20.37
165,Kirstyn,Hydes,khydes4k@blog.com,Female,164.82.110.244
166,Zondra,Baxstair,zbaxstair4l@ucoz.com,Agender,132.105.223.174
167,Abdel,Farish,afarish4m@nytimes.com,Agender,0.97.62.119
168,Gunter,Schuster,gschuster4n@senate.gov,Male,236.152.46.88
169,Judie,Biasetti,jbiasetti4o@scribd.com,Female,163.196.165.144
170,Tildi,Runciman,trunciman4p@ow.ly,Female,161.239.155.33
171,Susanne,Swinerd,sswinerd4q@wix.com,Female,249.232.218.78
172,Sidonnie,Mixworthy,smixworthy4r@unc.edu,Female,177.116.19.243
173,Maurie,Pridden,mpridden4s@4shared.com,Male,101.107.36.234
174,Darrel,Truelock,dtruelock4t@yellowpages.com,Male,244.155.125.40
175,Broderic,Baines,bbaines4u@usda.gov,Male,16.131.225.159
176,Deeanne,Linck,dlinck4v@about.me,Female,195.78.44.213
177,Elizabeth,Rougier,erougier4w@sourceforge.net,Female,31.161.156.187
178,Zena,Wicklin,zwicklin4x@earthlink.net,Non-binary,176.73.242.252
179,Kassie,Jeffry,kjeffry4y@fema.gov,Female,232.97.181.26
180,Rose,Scammell,rscammell4z@smh.com.au,Female,218.55.38.107
181,Theodor,Merryweather,tmerryweather50@elpais.com,Male,36.254.22.66
182,Karlens,Chaffin,kchaffin51@chron.com,Male,20.115.36.130
183,Lew,Ridler,lridler52@alibaba.com,Male,95.9.157.72
184,Aldo,Alben,aalben53@amazon.co.jp,Male,81.31.129.71
185,Kaja,Castiello,kcastiello54@princeton.edu,Female,232.153.99.177
186,Beale,Jobling,bjobling55@edublogs.org,Male,215.134.141.8
187,Sander,Haville,shaville56@rediff.com,Male,166.158.164.83
188,Rourke,Laise,rlaise57@twitpic.com,Male,78.134.199.77
189,Kearney,Richard,krichard58@macromedia.com,Male,20.140.141.30
190,Alasteir,Ary,aary59@blogs.com,Male,130.53.211.126
191,Jessika,Morley,jmorley5a@unblog.fr,Female,212.9.240.2
192,Franklin,Gomez,fgomez5b@fotki.com,Male,136.125.160.168
193,Alison,Ocheltree,aocheltree5c@dedecms.com,Female,123.146.212.157
194,Melonie,Warkup,mwarkup5d@google.de,Female,202.2.82.47
195,Alejandra,Rosenblatt,arosenblatt5e@moonfruit.com,Bigender,161.170.8.54
196,Blair,Deport,bdeport5f@a8.net,Female,195.147.180.47
197,Phillis,Dolley,pdolley5g@hostgator.com,Female,19.250.223.142
198,Horten,Pacheco,hpacheco5h@dropbox.com,Male,86.221.57.60
199,Margit,Lardez,mlardez5i@unicef.org,Female,107.195.225.32
200,Hendrik,Gomar,hgomar5j@intel.com,Male,112.147.117.97
201,Ame,MacDiarmid,amacdiarmid5k@uiuc.edu,Female,235.113.10.70
202,Natka,Duffan,nduffan5l@comsenz.com,Female,97.71.188.145
203,Alisun,Rennicks,arennicks5m@stumbleupon.com,Female,201.241.120.149
204,Reeva,Hehir,rhehir5n@flavors.me,Female,86.192.67.238
205,Odo,Freeberne,ofreeberne5o@aboutads.info,Male,106.241.108.102
206,Robers,Waldera,rwaldera5p@infoseek.co.jp,Male,131.183.61.171
207,Alon,Conneely,aconneely5q@shop-pro.jp,Male,175.91.136.165
208,Isiahi,Rosberg,irosberg5r@elpais.com,Male,68.124.202.112
209,Ellary,Coram,ecoram5s@domainmarket.com,Male,184.199.193.114
210,Garnette,Newburn,gnewburn5t@intel.com,Female,201.42.80.96
211,Francine,Siburn,fsiburn5u@wsj.com,Female,11.88.1.125
212,Jarid,Werner,jwerner5v@cisco.com,Male,238.135.177.39
213,Hertha,Casiero,hcasiero5w@google.fr,Female,110.171.79.221
214,Abran,Cool,acool5x@techcrunch.com,Male,44.133.49.144
215,Karina,Gealy,kgealy5y@infoseek.co.jp,Non-binary,2.133.67.1
216,Jarret,Sainte Paul,jsaintepaul5z@answers.com,Male,24.47.9.98
217,Lloyd,Thorouggood,lthorouggood60@digg.com,Male,250.161.234.17
218,Teresina,Nozzolinii,tnozzolinii61@sitemeter.com,Female,121.69.155.115
219,Jarret,Dobbie,jdobbie62@vimeo.com,Male,46.33.102.146
220,Price,Arundel,parundel63@cnn.com,Male,193.175.138.243
221,Joella,Skuce,jskuce64@zdnet.com,Female,194.79.152.205
222,Calypso,Grebert,cgrebert65@merriam-webster.com,Female,83.102.141.83
223,Glenda,Greensides,ggreensides66@surveymonkey.com,Female,64.141.127.8
224,Constantino,Toe,ctoe67@fotki.com,Male,50.98.244.236
225,Noam,MacRedmond,nmacredmond68@tmall.com,Male,46.22.246.140
226,Freddy,Pretorius,fpretorius69@cpanel.net,Female,255.157.55.19
227,Corey,Swindells,cswindells6a@businessweek.com,Male,211.85.89.250
228,Stesha,Gallegos,sgallegos6b@behance.net,Female,27.179.157.7
229,Shaylah,McBratney,smcbratney6c@simplemachines.org,Female,169.53.122.150
230,Mariellen,Paine,mpaine6d@yahoo.com,Genderfluid,189.31.110.106
231,Elliott,Neller,eneller6e@dot.gov,Male,241.229.146.40
232,Teodora,Goalby,tgoalby6f@disqus.com,Genderqueer,141.111.195.30
233,Wendy,Kubik,wkubik6g@harvard.edu,Female,28.57.76.249
234,Karlene,MacGraith,kmacgraith6h@biblegateway.com,Female,180.140.222.118
235,Lindy,Segoe,lsegoe6i@cornell.edu,Female,113.196.188.187
236,Alyson,Cuer,acuer6j@arstechnica.com,Female,68.55.196.197
237,Tymothy,Assinder,tassinder6k@wired.com,Male,92.32.47.49
238,Fleur,Dibb,fdibb6l@virginia.edu,Female,52.174.93.203
239,Rosina,Trew,rtrew6m@java.com,Female,249.78.180.144
240,Elissa,Esposi,eesposi6n@bloomberg.com,Female,157.155.150.166
241,Reine,Demann,rdemann6o@howstuffworks.com,Female,95.50.30.91
242,Theo,Hallum,thallum6p@histats.com,Female,213.208.246.245
243,Malorie,Senyard,msenyard6q@biblegateway.com,Female,1.116.170.165
244,Millisent,Chatan,mchatan6r@spotify.com,Female,206.13.130.85
245,Codie,Del Checolo,cdelchecolo6s@shinystat.com,Male,188.203.37.64
246,Fredra,Creese,fcreese6t@flavors.me,Female,246.254.179.240
247,Leanna,O'Noulane,lonoulane6u@cpanel.net,Female,196.108.252.116
248,Jemie,Pleat,jpleat6v@goo.ne.jp,Female,193.104.140.0
249,Bailie,Sallings,bsallings6w@lulu.com,Male,55.114.109.241
250,Nat,Licquorish,nlicquorish6x@gravatar.com,Female,89.129.5.133
251,Archaimbaud,Bowles,abowles6y@narod.ru,Genderfluid,186.127.170.184
252,Duffy,Geertsen,dgeertsen6z@google.com.br,Male,53.208.197.182
253,Pietro,MacAndrew,pmacandrew70@va.gov,Male,137.226.25.99
254,Flor,Weyland,fweyland71@usa.gov,Female,209.174.240.60
255,Baryram,Authers,bauthers72@dyndns.org,Male,104.151.102.43
256,Corliss,Beagin,cbeagin73@cnbc.com,Female,108.158.247.233
257,Karie,Gianinotti,kgianinotti74@ihg.com,Female,77.49.83.237
258,Gianna,Lanmeid,glanmeid75@dion.ne.jp,Genderqueer,238.236.90.210
259,Cynthy,Teale,cteale76@twitter.com,Female,32.125.99.223
260,Sebastian,Hotton,shotton77@columbia.edu,Male,158.85.126.77
261,Meris,Sterricks,msterricks78@dyndns.org,Female,106.16.68.194
262,Guthrie,Jeaneau,gjeaneau79@lycos.com,Male,28.71.255.117
263,Gavin,Benettolo,gbenettolo7a@merriam-webster.com,Male,101.190.239.96
264,Bobbe,Haistwell,bhaistwell7b@mail.ru,Female,122.108.116.181
265,Bat,Withers,bwithers7c@amazon.com,Male,12.219.13.193
266,Albert,Danielovitch,adanielovitch7d@loc.gov,Genderqueer,44.71.224.231
267,Ethelbert,Aseef,easeef7e@nature.com,Male,43.11.240.32
268,Nissa,Biggadike,nbiggadike7f@g.co,Female,242.221.42.131
269,Dallas,Disdel,ddisdel7g@hatena.ne.jp,Genderfluid,101.184.194.135
270,Zane,Paynton,zpaynton7h@msn.com,Male,47.44.58.228
271,Rochelle,Thouless,rthouless7i@oaic.gov.au,Female,3.182.228.63
272,Noe,Tanguy,ntanguy7j@nasa.gov,Male,89.178.23.103
273,Chadd,Gehrts,cgehrts7k@dailymail.co.uk,Male,243.149.45.125
274,Arden,Chooter,achooter7l@sogou.com,Female,140.125.194.178
275,Antonella,Alexsandrovich,aalexsandrovich7m@cdbaby.com,Female,23.140.212.128
276,Alexandra,Mildner,amildner7n@issuu.com,Female,177.8.129.196
277,Cher,Aykroyd,caykroyd7o@myspace.com,Female,51.73.27.50
278,Modesta,Lere,mlere7p@ycombinator.com,Female,173.33.168.57
279,Helen-elizabeth,Batey,hbatey7q@sina.com.cn,Female,37.137.160.53
280,Rochella,Thorlby,rthorlby7r@state.tx.us,Female,32.213.52.30
281,Rania,Crimp,rcrimp7s@so-net.ne.jp,Female,9.169.91.252
282,Melicent,Sowle,msowle7t@google.ru,Genderfluid,236.232.242.231
283,Vachel,Sheran,vsheran7u@gizmodo.com,Male,249.97.90.30
284,Garik,Arnoud,garnoud7v@spiegel.de,Male,177.189.88.216
285,Ludwig,Roots,lroots7w@1688.com,Male,193.232.106.117
286,Yank,Hingeley,yhingeley7x@vinaora.com,Male,160.213.13.15
287,Remus,Byard,rbyard7y@freewebs.com,Male,89.31.103.89
288,Cathryn,Aitcheson,caitcheson7z@un.org,Female,239.65.205.130
289,Kerrill,Bramstom,kbramstom80@dmoz.org,Female,55.230.240.217
290,Camila,Lotherington,clotherington81@loc.gov,Female,181.170.231.210
291,Ewart,Allchorn,eallchorn82@sfgate.com,Male,79.0.87.77
292,Danya,Bastow,dbastow83@imgur.com,Male,156.112.236.14
293,Merrile,Bergin,mbergin84@github.com,Female,225.62.197.175
294,Tod,Trubshawe,ttrubshawe85@pagesperso-orange.fr,Male,127.222.74.14
295,Robyn,Pepperd,rpepperd86@phoca.cz,Female,176.241.235.219
296,Jayme,Stollenwerck,jstollenwerck87@zimbio.com,Male,41.18.49.47
297,Amargo,Radmer,aradmer88@myspace.com,Female,83.56.114.123
298,Yvon,Roggero,yroggero89@cnn.com,Male,124.52.54.185
299,Dee dee,Hawkshaw,dhawkshaw8a@bloglines.com,Female,100.184.86.156
300,Vincents,Gleader,vgleader8b@fda.gov,Male,5.102.55.144
301,Barry,Bugg,bbugg8c@cbsnews.com,Female,161.58.71.202
302,Berthe,Fysh,bfysh8d@un.org,Female,43.198.181.137
303,Lutero,Stanistrete,lstanistrete8e@wisc.edu,Male,126.224.164.224
304,Calley,Kose,ckose8f@shutterfly.com,Female,77.122.34.62
305,Harald,Baroux,hbaroux8g@storify.com,Male,24.248.73.160
306,Darrel,Blaschke,dblaschke8h@pinterest.com,Male,185.17.112.171
307,Bendicty,Enns,benns8i@washingtonpost.com,Male,65.208.225.138
308,Dun,Scrammage,dscrammage8j@mozilla.com,Male,49.239.29.210
309,Sarene,Teasell,steasell8k@adobe.com,Female,233.4.44.128
310,Harlene,Spurryer,hspurryer8l@shareasale.com,Female,23.121.233.92
311,Oates,Illem,oillem8m@answers.com,Male,7.51.123.40
312,Sofia,Jewers,sjewers8n@cpanel.net,Female,52.168.179.158
313,Kikelia,Argontt,kargontt8o@smh.com.au,Female,102.58.45.79
314,Shelton,Bendtsen,sbendtsen8p@unesco.org,Male,31.185.143.18
315,Suellen,Sute,ssute8q@illinois.edu,Female,228.0.86.170
316,Rollins,Boothebie,rboothebie8r@state.tx.us,Male,46.137.244.248
317,Marylynne,Angerstein,mangerstein8s@java.com,Female,58.244.236.244
318,Court,Neath,cneath8t@devhub.com,Male,61.201.222.166
319,Harper,Fenemore,hfenemore8u@ezinearticles.com,Agender,105.7.52.48
320,Flinn,Ruselin,fruselin8v@fc2.com,Male,119.35.138.78
321,Correna,Bolesma,cbolesma8w@blogspot.com,Female,201.106.80.229
322,Tammy,Stolze,tstolze8x@tamu.edu,Genderqueer,16.22.182.214
323,Foster,Farlambe,ffarlambe8y@opensource.org,Male,121.76.127.69
324,Gus,Milne,gmilne8z@pbs.org,Female,169.250.42.84
325,Garik,Byre,gbyre90@cbslocal.com,Male,12.117.68.144
326,Marigold,Schiementz,mschiementz91@de.vu,Female,107.155.216.201
327,Joane,Eggleston,jeggleston92@1688.com,Female,13.208.128.174
328,Borden,Allonby,ballonby93@seattletimes.com,Male,116.36.4.232
329,Haleigh,Duffitt,hduffitt94@pcworld.com,Male,243.55.113.166
330,Fredi,Stair,fstair95@jigsy.com,Female,72.82.154.40
331,Helen,Arnau,harnau96@vimeo.com,Female,8.10.209.210
332,Byron,Lisett,blisett97@tumblr.com,Genderqueer,226.106.240.161
333,Avery,Goublier,agoublier98@home.pl,Male,176.95.206.224
334,Kelila,Hurche,khurche99@mapquest.com,Non-binary,150.171.49.194
335,Tiffy,Lorenz,tlorenz9a@narod.ru,Female,150.240.72.180
336,Lawrence,Tinson,ltinson9b@nih.gov,Agender,34.172.159.56
337,Krystalle,Cordie,kcordie9c@gravatar.com,Female,124.105.216.220
338,Dalila,Simms,dsimms9d@blogs.com,Female,93.231.3.100
339,Virgie,Shewring,vshewring9e@earthlink.net,Genderfluid,237.119.236.121
340,Carlen,Critchard,ccritchard9f@thetimes.co.uk,Female,174.238.37.95
341,Glenine,de Guerre,gdeguerre9g@unesco.org,Female,86.180.187.171
342,Linoel,Westwater,lwestwater9h@hibu.com,Male,112.33.160.47
343,Rube,Search,rsearch9i@dyndns.org,Male,95.124.170.85
344,Perkin,Brose,pbrose9j@woothemes.com,Male,87.119.214.138
345,Jeddy,Seebert,jseebert9k@dmoz.org,Male,213.224.180.64
346,Mindy,Oxenbury,moxenbury9l@japanpost.jp,Female,248.212.158.22
347,Jaymie,Smedmoor,jsmedmoor9m@unicef.org,Male,96.41.22.97
348,Ashlan,Piggot,apiggot9n@ocn.ne.jp,Female,124.14.219.170
349,Friedrick,Zamora,fzamora9o@un.org,Male,209.85.96.236
350,Pasquale,Nouch,pnouch9p@ustream.tv,Male,77.151.153.139
351,Calv,Muckloe,cmuckloe9q@moonfruit.com,Male,55.250.247.14
352,Mead,McGrey,mmcgrey9r@bbb.org,Male,173.88.70.208
353,Gilles,Setterfield,gsetterfield9s@stumbleupon.com,Male,237.42.36.223
354,Peyton,Shadrach,pshadrach9t@wikipedia.org,Male,62.152.55.89
355,Alena,Grzegorecki,agrzegorecki9u@ibm.com,Female,42.170.174.158
356,Gaylord,O' Quirk,goquirk9v@yahoo.com,Male,44.77.156.21
357,Frazier,Malia,fmalia9w@umich.edu,Male,32.144.17.35
358,Cos,Goulter,cgoulter9x@sciencedirect.com,Male,26.237.96.16
359,Tilda,Harwick,tharwick9y@archive.org,Female,66.229.126.216
360,Murray,Cossentine,mcossentine9z@oracle.com,Male,227.44.8.102
361,Gamaliel,Alexandersson,galexanderssona0@topsy.com,Male,52.94.207.36
362,Hernando,Hedditch,hhedditcha1@pen.io,Male,155.176.27.135
363,Bonny,Fishlee,bfishleea2@ft.com,Female,83.25.215.160
364,Oralie,Gyngyll,ogyngylla3@ibm.com,Female,195.11.206.111
365,Mark,Mawson,mmawsona4@multiply.com,Male,225.149.199.153
366,Giacobo,Ansill,gansilla5@buzzfeed.com,Male,106.225.119.170
367,Letty,Harold,lharolda6@cnbc.com,Female,7.209.60.56
368,Mariele,Skeates,mskeatesa7@hubpages.com,Female,187.255.154.233
369,Stanislaw,Blowne,sblownea8@cbc.ca,Male,100.0.108.76
370,Ronnie,Digwood,rdigwooda9@goo.gl,Female,45.33.250.27
371,Cross,Gedling,cgedlingaa@google.ru,Male,161.192.112.65
372,Elliot,Manser,emanserab@state.tx.us,Male,21.91.253.127
373,Glennis,Lahrs,glahrsac@ocn.ne.jp,Female,67.204.229.233
374,Granville,Allenson,gallensonad@salon.com,Male,99.103.15.130
375,Tommie,Buney,tbuneyae@51.la,Female,9.23.49.64
376,Constancy,Rolph,crolphaf@fotki.com,Female,72.153.145.194
377,Earle,Auden,eaudenag@uiuc.edu,Male,203.240.159.89
378,Gilbertina,Mayers,gmayersah@abc.net.au,Female,117.117.63.36
379,Kalle,Licquorish,klicquorishai@ezinearticles.com,Male,80.192.151.201
380,Kendal,Fellowes,kfellowesaj@samsung.com,Male,36.71.236.117
381,Bernadine,O'Rodane,borodaneak@stanford.edu,Female,61.101.202.177
382,Lexie,Mosby,lmosbyal@chron.com,Female,53.93.128.137
383,Rutherford,Costelloe,rcostelloeam@independent.co.uk,Male,229.207.44.140
384,Meredithe,Neely,mneelyan@over-blog.com,Female,15.171.39.168
385,Sibbie,Pichmann,spichmannao@amazon.com,Female,89.222.105.62
386,Ham,Treasure,htreasureap@state.tx.us,Male,113.154.194.186
387,Catarina,Guitel,cguitelaq@geocities.jp,Female,74.76.148.137
388,Ximenes,Heliot,xheliotar@merriam-webster.com,Male,42.39.20.165
389,Thacher,MacIlriach,tmacilriachas@mail.ru,Male,161.127.30.255
390,Selma,Croal,scroalat@fastcompany.com,Female,184.149.87.1
391,Maggie,Farquharson,mfarquharsonau@microsoft.com,Female,226.7.253.238
392,Valentijn,Shilleto,vshilletoav@businessinsider.com,Non-binary,194.77.103.89
393,Andy,Barns,abarnsaw@senate.gov,Male,84.102.68.107
394,Arni,Fransseni,afransseniax@indiatimes.com,Male,101.100.26.129
395,Sabina,Bainbridge,sbainbridgeay@g.co,Female,18.95.85.251
396,Christian,Laurent,claurentaz@facebook.com,Female,168.219.195.86
397,Laurice,Katzmann,lkatzmannb0@amazonaws.com,Genderqueer,237.137.239.129
398,Chaddie,Steward,cstewardb1@uol.com.br,Male,171.211.53.251
399,Yankee,Stukings,ystukingsb2@mlb.com,Male,72.211.162.16
400,Archibald,Mottinelli,amottinellib3@quantcast.com,Male,86.3.200.217
401,Stephani,McWilliams,smcwilliamsb4@imdb.com,Female,255.134.85.51
402,Elysee,Snalom,esnalomb5@i2i.jp,Female,220.208.172.1
403,Frants,Grigolashvill,fgrigolashvillb6@epa.gov,Male,26.27.68.43
404,Rose,Oxbie,roxbieb7@usda.gov,Agender,135.121.172.15
405,Virginia,Zanutti,vzanuttib8@tuttocitta.it,Female,108.130.166.237
406,Chevalier,Abramamov,cabramamovb9@mediafire.com,Male,113.161.87.233
407,Lanny,Shearmur,lshearmurba@squarespace.com,Female,93.19.221.226
408,Justinn,Wallbutton,jwallbuttonbb@twitpic.com,Female,194.53.195.179
409,Normand,Clubbe,nclubbebc@woothemes.com,Male,26.235.196.23
410,Fara,Mallard,fmallardbd@admin.ch,Female,172.3.238.124
411,Valaria,Kiehl,vkiehlbe@technorati.com,Female,232.131.26.117
412,Nance,FitzGeorge,nfitzgeorgebf@mlb.com,Non-binary,77.170.246.161
413,Teresa,Coneley,tconeleybg@bloomberg.com,Female,190.39.50.46
414,Ned,Moorhouse,nmoorhousebh@timesonline.co.uk,Male,9.200.181.154
415,Cyril,Urvoy,curvoybi@zdnet.com,Male,134.89.129.116
416,Kordula,Sarath,ksarathbj@hp.com,Female,97.208.77.84
417,Britney,Artiss,bartissbk@usgs.gov,Female,162.68.76.19
418,Honey,Binge,hbingebl@washingtonpost.com,Female,250.135.168.13
419,Arnold,Buney,abuneybm@clickbank.net,Male,85.8.205.161
420,Tremayne,Frusher,tfrusherbn@chicagotribune.com,Male,100.36.74.204
421,Delilah,Bilborough,dbilboroughbo@cloudflare.com,Female,164.30.21.161
422,Elisabeth,Phinn,ephinnbp@bbb.org,Female,129.82.65.79
423,Johna,McGonigle,jmcgoniglebq@ask.com,Bigender,243.248.147.131
424,Georgianne,Nortcliffe,gnortcliffebr@blogspot.com,Female,34.156.251.149
425,Davidson,Blondel,dblondelbs@photobucket.com,Male,19.65.85.92
426,Andi,Marklow,amarklowbt@yale.edu,Female,127.187.11.83
427,Giavani,Love,glovebu@columbia.edu,Male,92.200.215.116
428,Gabriella,Bowden,gbowdenbv@google.ca,Female,191.15.77.172
429,Andeee,Garnall,agarnallbw@bloglovin.com,Female,94.122.251.35
430,Trever,Battie,tbattiebx@columbia.edu,Male,135.168.124.208
431,Ray,Rookwell,rrookwellby@washington.edu,Non-binary,242.175.85.56
432,Tobiah,Seabrooke,tseabrookebz@dot.gov,Male,18.7.51.174
433,Inger,Panswick,ipanswickc0@time.com,Female,90.58.239.148
434,Gustaf,Reape,greapec1@eventbrite.com,Male,213.92.96.171
435,Leighton,Joinsey,ljoinseyc2@last.fm,Male,66.234.27.224
436,Eolanda,Kramer,ekramerc3@g.co,Female,167.180.34.141
437,Holli,Boom,hboomc4@angelfire.com,Polygender,240.201.3.204
438,Audie,Wilks,awilksc5@java.com,Female,72.243.233.1
439,Ogdon,Pattlel,opattlelc6@vinaora.com,Male,175.94.46.191
440,Melinda,McKeowon,mmckeowonc7@ning.com,Female,240.5.45.8
441,Margalo,Hovel,mhovelc8@youku.com,Female,143.109.229.190
442,Weidar,Webling,wweblingc9@uiuc.edu,Male,182.183.178.65
443,Orren,Stockhill,ostockhillca@artisteer.com,Male,38.238.183.194
444,Robinett,Wegman,rwegmancb@so-net.ne.jp,Female,211.30.97.234
445,Joelle,McRobert,jmcrobertcc@slashdot.org,Female,59.124.229.148
446,Kip,Helmke,khelmkecd@narod.ru,Female,133.247.253.53
447,Thomasina,Morales,tmoralesce@mlb.com,Female,212.215.99.54
448,Nissy,Pieter,npietercf@prnewswire.com,Female,189.100.155.113
449,Latisha,Wyke,lwykecg@arstechnica.com,Female,209.141.213.150
450,Jessalyn,Liggins,jligginsch@slashdot.org,Polygender,176.159.196.47
451,Corly,Thomasset,cthomassetci@census.gov,Female,94.100.149.100
452,Tomasina,Sissons,tsissonscj@theatlantic.com,Female,108.169.45.73
453,Yancey,Decroix,ydecroixck@people.com.cn,Male,26.64.221.111
454,Kass,Nye,knyecl@amazonaws.com,Female,141.140.227.218
455,Chet,Barnewall,cbarnewallcm@lulu.com,Male,185.255.110.171
456,Kermie,Wilcox,kwilcoxcn@spiegel.de,Male,83.228.195.89
457,Renelle,Godspeede,rgodspeedeco@census.gov,Non-binary,11.217.173.166
458,Major,Muscott,mmuscottcp@imageshack.us,Male,208.179.70.113
459,Bernice,Joye,bjoyecq@theatlantic.com,Female,30.123.45.130
460,Gertrudis,Ballantine,gballantinecr@theglobeandmail.com,Female,63.158.70.53
461,Wynne,Linnitt,wlinnittcs@ucoz.com,Female,227.148.167.108
462,Naomi,Bartczak,nbartczakct@aol.com,Female,27.41.209.130
463,Clint,Treece,ctreececu@indiatimes.com,Male,31.25.215.38
464,Kaspar,Cymper,kcympercv@multiply.com,Male,134.95.51.115
465,Jeremie,Sertin,jsertincw@flickr.com,Male,78.72.240.19
466,Chaim,Mc Gee,cmcgeecx@shutterfly.com,Male,245.66.139.68
467,Susan,Johannes,sjohannescy@bandcamp.com,Female,99.24.189.235
468,Ingelbert,Cheesley,icheesleycz@cdbaby.com,Male,98.134.3.180
469,Lorry,Gives,lgivesd0@reference.com,Male,32.4.223.185
470,Cynthea,Milson,cmilsond1@paginegialle.it,Female,59.11.103.195
471,Sena,Duckerin,sduckerind2@storify.com,Female,5.91.131.132
472,Christi,Coopper,ccoopperd3@walmart.com,Female,146.18.85.77
473,Harley,Lamming,hlammingd4@comcast.net,Female,2.55.154.171
474,Manolo,Furney,mfurneyd5@chronoengine.com,Male,161.75.19.47
475,Pietro,Suggett,psuggettd6@1und1.de,Male,75.233.147.94
476,Janene,Chapelhow,jchapelhowd7@nature.com,Female,65.33.141.171
477,Storm,Coryndon,scoryndond8@flickr.com,Female,114.51.98.250
478,Bronny,Debenham,bdebenhamd9@github.com,Male,227.67.73.187
479,Land,Gillie,lgillieda@auda.org.au,Male,61.12.117.38
480,Merrili,Beeby,mbeebydb@census.gov,Agender,6.150.178.41
481,Florette,Sutch,fsutchdc@macromedia.com,Female,101.202.221.42
482,Jenifer,Ector,jectordd@upenn.edu,Female,170.101.228.177
483,Napoleon,Benedidick,nbenedidickde@pcworld.com,Male,13.54.110.221
484,Lindsey,Salmen,lsalmendf@theguardian.com,Male,139.216.182.161
485,Dael,Drake,ddrakedg@whitehouse.gov,Male,84.243.83.3
486,Liza,Pfaff,lpfaffdh@java.com,Genderfluid,172.10.8.183
487,Beatrice,Bortoletti,bbortolettidi@economist.com,Female,115.102.231.28
488,Julie,McClurg,jmcclurgdj@acquirethisname.com,Male,61.229.106.104
489,Giusto,Jedrzejczyk,gjedrzejczykdk@go.com,Male,119.143.238.122
490,Lynde,Tommasuzzi,ltommasuzzidl@facebook.com,Bigender,238.204.68.141
491,Cybill,Killiam,ckilliamdm@huffingtonpost.com,Female,145.220.253.149
492,Hans,Bellham,hbellhamdn@twitpic.com,Male,99.17.94.21
493,Dew,Tomaskunas,dtomaskunasdo@w3.org,Male,138.201.255.29
494,Eachelle,Maxfield,emaxfielddp@cmu.edu,Bigender,240.7.12.135
495,Thayne,Ruperto,trupertodq@who.int,Male,250.142.37.109
496,Ulick,Zorzenoni,uzorzenonidr@utexas.edu,Male,193.2.138.34
497,Arron,Braksper,abraksperds@squarespace.com,Male,196.126.126.238
498,Geordie,Thies,gthiesdt@people.com.cn,Male,219.85.149.246
499,Rafi,MacAne,rmacanedu@etsy.com,Male,55.120.28.211
500,Erna,Dayment,edaymentdv@chronoengine.com,Female,222.119.166.249
501,Malissa,Hurren,mhurrendw@bing.com,Female,108.171.253.74
502,Guilbert,Allerton,gallertondx@skyrock.com,Male,106.19.14.118
503,Vernen,Turville,vturvilledy@sohu.com,Male,112.245.214.131
504,Ermin,Tracy,etracydz@cafepress.com,Male,36.49.100.242
505,Scotty,Voss,svosse0@chronoengine.com,Male,45.52.26.115
506,Mickie,Divine,mdivinee1@sina.com.cn,Male,45.123.170.226
507,Thornton,MacCafferty,tmaccaffertye2@eepurl.com,Male,46.27.9.173
508,Reynolds,Davidoff,rdavidoffe3@facebook.com,Male,250.109.149.90
509,Hugibert,Blaksley,hblaksleye4@sbwire.com,Male,72.76.138.107
510,Kip,Keese,kkeesee5@oakley.com,Agender,99.52.244.62
511,Nelie,Bottell,nbottelle6@go.com,Female,252.138.219.15
512,Dagny,Cripin,dcripine7@cornell.edu,Male,142.103.173.87
513,Lynde,Skyppe,lskyppee8@photobucket.com,Female,201.94.13.85
514,Henrie,Whittenbury,hwhittenburye9@gnu.org,Agender,28.58.61.138
515,Kacie,Kolczynski,kkolczynskiea@com.com,Female,127.105.126.253
516,Yehudit,Dunan,ydunaneb@wikia.com,Male,21.180.165.130
517,Boot,Chastelain,bchastelainec@va.gov,Male,79.117.31.132
518,Jeremias,Guinnane,jguinnaneed@devhub.com,Male,70.123.154.224
519,Rowena,Money,rmoneyee@fastcompany.com,Female,76.20.18.184
520,Alasdair,Caven,acavenef@nifty.com,Male,173.113.165.143
521,Pierette,Gibbings,pgibbingseg@sina.com.cn,Female,118.216.156.162
522,Lauritz,Rundall,lrundalleh@cyberchimps.com,Male,220.207.175.39
523,Jacquette,Campo,jcampoei@aol.com,Genderfluid,92.187.201.115
524,Serene,Mangenot,smangenotej@alibaba.com,Female,95.232.234.162
525,Winne,Geeson,wgeesonek@foxnews.com,Female,233.4.72.137
526,Percy,Staniland,pstanilandel@shinystat.com,Male,111.242.202.19
527,Jennica,Bilovus,jbilovusem@craigslist.org,Non-binary,109.238.20.87
528,Alleyn,Thomasen,athomasenen@mozilla.org,Male,159.131.35.46
529,Samara,Leadbetter,sleadbettereo@bbb.org,Female,226.255.58.239
530,Effie,Livesay,elivesayep@imageshack.us,Female,191.138.120.61
531,Borg,Kardos,bkardoseq@bbc.co.uk,Male,122.15.80.241
532,Marlon,Dyde,mdydeer@nymag.com,Male,33.76.67.175
533,Floria,McKmurrie,fmckmurriees@prlog.org,Female,199.162.118.229
534,Ezechiel,Beasleigh,ebeasleighet@bravesites.com,Male,209.180.214.31
535,Carlina,Willavize,cwillavizeeu@elpais.com,Female,40.136.159.145
536,Idell,Luckes,iluckesev@chronoengine.com,Female,251.24.176.131
537,Stearne,Strode,sstrodeew@sphinn.com,Genderqueer,239.38.103.178
538,Ashla,Van den Dael,avandendaelex@nytimes.com,Female,0.72.79.200
539,Eleonora,Kennady,ekennadyey@miibeian.gov.cn,Female,254.49.96.229
540,Willamina,Knappen,wknappenez@dailymail.co.uk,Female,50.7.170.210
541,Eberhard,Antonchik,eantonchikf0@simplemachines.org,Male,115.93.73.233
542,Michelina,Tidgewell,mtidgewellf1@mayoclinic.com,Female,122.217.137.183
543,Audry,Bertelet,aberteletf2@geocities.jp,Female,97.200.74.37
544,Moses,Masdon,mmasdonf3@1und1.de,Male,62.124.198.176
545,Durward,Lomis,dlomisf4@wunderground.com,Male,207.166.250.153
546,Thaddus,Robez,trobezf5@adobe.com,Male,31.140.130.144
547,Gannie,Warren,gwarrenf6@thetimes.co.uk,Male,242.138.215.230
548,Gun,Massimi,gmassimif7@flavors.me,Male,92.85.140.14
549,Heriberto,Kiefer,hkieferf8@oracle.com,Male,138.96.179.27
550,Matthaeus,Ferreiro,mferreirof9@ucsd.edu,Male,232.150.98.239
551,Gisele,Squirrell,gsquirrellfa@usa.gov,Female,154.42.79.153
552,Bevvy,Dodding,bdoddingfb@imdb.com,Female,165.49.227.165
553,Masha,Glowacz,mglowaczfc@tinypic.com,Female,158.234.151.224
554,Anatollo,Bickersteth,abickerstethfd@privacy.gov.au,Male,164.214.83.215
555,Kimberlee,Benbow,kbenbowfe@google.co.jp,Female,83.102.116.1
556,Salvador,Rosenthal,srosenthalff@businessweek.com,Male,71.95.118.95
557,Carol,Scotson,cscotsonfg@who.int,Female,67.223.102.52
558,Tiena,Blasdale,tblasdalefh@nature.com,Female,249.75.255.175
559,Lydia,Rabbitts,lrabbittsfi@berkeley.edu,Female,76.120.41.166
560,Ewan,Trude,etrudefj@istockphoto.com,Male,45.62.221.90
561,Stanford,Croxall,scroxallfk@irs.gov,Male,195.92.52.134
562,Delainey,Batsford,dbatsfordfl@hubpages.com,Male,132.168.245.229
563,Tabby,Uttley,tuttleyfm@diigo.com,Female,159.66.214.134
564,Lanie,Kubasek,lkubasekfn@prlog.org,Male,43.25.152.198
565,Nikola,Scimonelli,nscimonellifo@google.fr,Male,137.178.26.228
566,Diandra,Klimowski,dklimowskifp@google.com.au,Female,183.149.168.163
567,Marlane,Springett,mspringettfq@ustream.tv,Female,82.160.160.131
568,Valaree,Conningham,vconninghamfr@google.co.jp,Female,11.187.177.173
569,Mavis,Mackieson,mmackiesonfs@bbb.org,Female,5.209.222.87
570,Sileas,Sorrie,ssorrieft@hubpages.com,Female,91.130.175.182
571,Chrissy,Jurczyk,cjurczykfu@e-recht24.de,Female,191.72.243.235
572,Kennith,Emer,kemerfv@scribd.com,Polygender,196.102.144.10
573,Tiertza,Iacobini,tiacobinifw@utexas.edu,Female,102.122.90.70
574,Madelon,Jeff,mjefffx@dropbox.com,Female,87.31.245.207
575,Cosimo,Lehr,clehrfy@smh.com.au,Male,34.172.51.54
576,Alasteir,Marrow,amarrowfz@hatena.ne.jp,Genderqueer,92.218.175.76
577,Jonah,Fantham,jfanthamg0@spotify.com,Male,186.145.194.79
578,Donalt,Tedman,dtedmang1@goodreads.com,Male,143.136.29.32
579,Glen,Causnett,gcausnettg2@google.com.hk,Female,158.153.60.12
580,Barny,Calley,bcalleyg3@google.ru,Male,21.208.148.11
581,Nerita,Biagioni,nbiagionig4@usda.gov,Female,213.181.203.56
582,Roxine,Righy,rrighyg5@youtube.com,Female,222.74.227.150
583,Wat,Bygrave,wbygraveg6@google.com.au,Male,158.0.224.241
584,Melessa,Bark,mbarkg7@pbs.org,Female,76.51.189.187
585,Jeno,Raggles,jragglesg8@slate.com,Male,25.222.23.48
586,Nollie,Abade,nabadeg9@nymag.com,Male,136.252.32.17
587,Willabella,Canellas,wcanellasga@sogou.com,Female,51.78.35.99
588,Olenka,Dudek,odudekgb@timesonline.co.uk,Female,189.87.3.50
589,Lydia,Cornill,lcornillgc@npr.org,Female,147.132.139.85
590,Kettie,Bonus,kbonusgd@japanpost.jp,Female,132.71.15.70
591,Blanca,Stonhouse,bstonhousege@google.ca,Female,88.1.171.250
592,Pamella,Basey,pbaseygf@msu.edu,Female,176.21.13.247
593,Court,Tuison,ctuisongg@last.fm,Male,169.150.51.141
594,Casar,Rosson,crossongh@ed.gov,Male,177.176.135.123
595,Farand,Nel,fnelgi@jiathis.com,Female,165.142.147.86
596,Iolanthe,Leinweber,ileinwebergj@meetup.com,Female,55.236.101.37
597,Johannah,Greensite,jgreensitegk@berkeley.edu,Female,56.166.60.70
598,Phil,Newarte,pnewartegl@blogger.com,Male,173.20.241.147
599,Morton,Emmins,memminsgm@pinterest.com,Male,144.39.39.110
600,Skipper,Kubek,skubekgn@google.de,Male,49.130.66.127
601,Witty,Hegarty,whegartygo@epa.gov,Male,200.178.165.183
602,Orly,Verman,overmangp@imageshack.us,Female,255.193.125.155
603,Sky,Laughton,slaughtongq@istockphoto.com,Male,115.65.8.192
604,Guinna,Rault,graultgr@sciencedaily.com,Female,104.83.231.201
605,Daniele,Hawford,dhawfordgs@who.int,Female,105.183.53.178
606,Jerry,Dyerson,jdyersongt@wiley.com,Male,24.62.177.158
607,Jerrilee,Nehls,jnehlsgu@friendfeed.com,Female,213.247.46.44
608,Jean,Rogliero,jroglierogv@reference.com,Male,205.142.61.40
609,Yetta,MacShirie,ymacshiriegw@columbia.edu,Female,69.243.15.92
610,Amber,Tern,aterngx@1688.com,Female,80.24.120.177
611,Cathe,Grumell,cgrumellgy@soup.io,Female,3.157.114.133
612,Kathryn,Yurtsev,kyurtsevgz@adobe.com,Female,4.107.201.65
613,Robbert,Nare,rnareh0@stanford.edu,Male,72.67.68.92
614,Mac,Grunson,mgrunsonh1@twitpic.com,Male,185.8.127.182
615,Annis,Mosconi,amosconih2@fema.gov,Female,153.181.246.36
616,Rollin,Buscombe,rbuscombeh3@tripadvisor.com,Male,24.118.172.177
617,Giraud,Tortis,gtortish4@princeton.edu,Male,202.220.38.84
618,Kennie,Olsen,kolsenh5@altervista.org,Male,132.248.4.25
619,Ambrosi,Hammel,ahammelh6@uol.com.br,Male,114.19.107.119
620,Bliss,Aleksahkin,baleksahkinh7@instagram.com,Female,64.95.148.116
621,Felizio,Westnedge,fwestnedgeh8@eepurl.com,Male,141.254.155.138
622,Berkie,Rawle,brawleh9@webmd.com,Male,175.67.180.28
623,Franky,Dibbe,fdibbeha@histats.com,Female,68.142.210.14
624,Aguistin,Quince,aquincehb@joomla.org,Male,130.231.111.162
625,Danita,Tilling,dtillinghc@google.ru,Female,132.220.125.189
626,Raynard,Coundley,rcoundleyhd@oracle.com,Polygender,142.90.48.108
627,Kristos,Kerss,kkersshe@ox.ac.uk,Male,20.90.179.213
628,Kari,Felce,kfelcehf@parallels.com,Female,105.249.67.167
629,Keenan,Grigoli,kgrigolihg@pen.io,Male,54.186.171.96
630,Gay,Flewan,gflewanhh@buzzfeed.com,Genderfluid,44.3.68.101
631,Berke,Ipsgrave,bipsgravehi@about.me,Male,34.211.121.137
632,Phip,Codlin,pcodlinhj@umich.edu,Male,88.197.188.122
633,Donall,Bartosik,dbartosikhk@hao123.com,Male,32.179.34.62
634,Viola,Cicchitello,vcicchitellohl@devhub.com,Female,96.134.99.123
635,Tersina,Bernardotti,tbernardottihm@reuters.com,Female,146.22.23.191
636,Zelda,Kelmere,zkelmerehn@senate.gov,Female,47.129.175.127
637,Nataline,Trimmell,ntrimmellho@dot.gov,Genderfluid,37.199.135.172
638,Davina,Starbuck,dstarbuckhp@zimbio.com,Female,151.103.218.193
639,Dilly,Farlow,dfarlowhq@japanpost.jp,Male,8.81.231.156
640,Kamilah,Podbury,kpodburyhr@google.es,Female,215.47.41.151
641,Kellen,Castard,kcastardhs@canalblog.com,Male,50.42.96.221
642,Mortimer,Old,moldht@technorati.com,Male,79.163.31.197
643,Pamela,McGenis,pmcgenishu@blogtalkradio.com,Female,18.60.84.244
644,Abe,Luther,alutherhv@usnews.com,Male,0.84.158.228
645,Lazaro,Morriss,lmorrisshw@disqus.com,Male,239.73.54.253
646,Ophelie,Clowser,oclowserhx@amazonaws.com,Female,183.164.184.174
647,Konstantin,Sowden,ksowdenhy@abc.net.au,Male,93.216.250.150
648,Allix,Bodley,abodleyhz@wunderground.com,Female,250.21.68.166
649,Ragnar,Spaule,rspaulei0@epa.gov,Non-binary,86.33.3.232
650,Penny,Eykel,peykeli1@washington.edu,Male,148.217.75.208
651,Gabriel,Hamfleet,ghamfleeti2@trellian.com,Female,5.248.98.200
652,Jonis,Lelande,jlelandei3@github.io,Female,219.67.74.150
653,Arleen,Chelley,achelleyi4@mtv.com,Female,221.226.252.137
654,Ofella,Troillet,otroilleti5@posterous.com,Female,75.198.123.143
655,Palm,Veness,pvenessi6@sohu.com,Male,65.22.101.184
656,Jason,Fansy,jfansyi7@t.co,Bigender,63.208.216.30
657,Devland,Story,dstoryi8@shutterfly.com,Male,82.188.191.183
658,Eugenia,Elvey,eelveyi9@earthlink.net,Female,34.115.203.214
659,Evanne,Carabet,ecarabetia@theglobeandmail.com,Female,102.224.157.51
660,Celinda,Martinez,cmartinezib@about.me,Female,83.86.0.24
661,Klemens,Bassindale,kbassindaleic@tamu.edu,Male,81.10.247.230
662,Wylie,Pote,wpoteid@chron.com,Non-binary,0.122.118.73
663,Missie,Auty,mautyie@psu.edu,Female,2.180.50.139
664,Sigismondo,Winchurch,swinchurchif@rediff.com,Male,36.101.161.197
665,Odette,MacKellen,omackellenig@360.cn,Female,210.184.142.77
666,Merill,Beviss,mbevissih@oakley.com,Male,184.27.102.105
667,Gaylord,Cashmore,gcashmoreii@lulu.com,Male,151.62.174.170
668,Novelia,Brickner,nbricknerij@cam.ac.uk,Female,13.57.133.224
669,Bernard,Paolini,bpaoliniik@gmpg.org,Male,39.237.63.189
670,Amalee,Dust,adustil@about.com,Genderqueer,6.247.252.13
671,Jard,Willox,jwilloxim@networksolutions.com,Male,44.72.37.3
672,Hermina,Woodman,hwoodmanin@dailymail.co.uk,Female,102.83.218.38
673,Lanny,Arrighetti,larrighettiio@dmoz.org,Female,138.115.160.16
674,Howie,cornhill,hcornhillip@yahoo.com,Male,103.131.152.188
675,Wood,Longshaw,wlongshawiq@yahoo.co.jp,Male,241.89.234.24
676,Maximilian,Ferson,mfersonir@furl.net,Male,91.249.13.89
677,Olenolin,Burnand,oburnandis@springer.com,Male,50.253.192.103
678,Cathleen,Abbett,cabbettit@foxnews.com,Female,35.89.185.37
679,Grant,Poppleston,gpopplestoniu@jugem.jp,Male,11.140.59.76
680,Holden,Billinge,hbillingeiv@soundcloud.com,Male,29.3.132.69
681,Clementine,Prynne,cprynneiw@gnu.org,Female,88.158.87.93
682,Ariadne,Wintersgill,awintersgillix@stumbleupon.com,Female,21.25.151.240
683,Margareta,Sutcliff,msutcliffiy@rambler.ru,Female,216.68.69.56
684,Gavra,Cliff,gcliffiz@chicagotribune.com,Female,94.236.130.116
685,Ilario,Eberlein,ieberleinj0@uol.com.br,Male,127.109.217.216
686,Mallorie,Clousley,mclousleyj1@wisc.edu,Female,126.2.84.241
687,Marena,Joost,mjoostj2@cmu.edu,Female,89.84.11.14
688,Guy,Legister,glegisterj3@umn.edu,Male,179.10.208.249
689,Christoper,Feckey,cfeckeyj4@engadget.com,Male,92.4.23.92
690,Alvan,Bernhardt,abernhardtj5@walmart.com,Male,24.64.31.142
691,Augy,Jeffreys,ajeffreysj6@engadget.com,Non-binary,7.52.250.103
692,Elisa,Forte,efortej7@uol.com.br,Female,167.65.132.111
693,Iggy,Minghi,iminghij8@reference.com,Male,185.192.160.238
694,Mercy,Woodrow,mwoodrowj9@miibeian.gov.cn,Female,187.145.129.199
695,Bard,MacKimmie,bmackimmieja@hexun.com,Male,46.102.78.2
696,Bonnie,MacAiline,bmacailinejb@joomla.org,Female,11.144.37.37
697,Blondelle,Tunaclift,btunacliftjc@cdbaby.com,Polygender,85.109.132.68
698,Wendall,Firmage,wfirmagejd@buzzfeed.com,Male,35.144.144.238
699,Tamma,Shaefer,tshaeferje@newyorker.com,Female,94.153.135.206
700,Karisa,Chuck,kchuckjf@icq.com,Female,100.252.136.154
701,Gregor,Froment,gfromentjg@nba.com,Male,229.171.67.129
702,Jocko,Brownlow,jbrownlowjh@webeden.co.uk,Male,178.211.73.77
703,Zonda,Housen,zhousenji@reddit.com,Female,101.140.48.74
704,Barney,Maneylaws,bmaneylawsjj@biglobe.ne.jp,Male,230.51.53.168
705,Katleen,Paike,kpaikejk@prlog.org,Female,40.167.202.165
706,Erek,Titchener,etitchenerjl@goo.gl,Male,71.141.191.169
707,Brennan,Whalebelly,bwhalebellyjm@cbc.ca,Male,102.222.182.166
708,Arnuad,Strongman,astrongmanjn@spotify.com,Male,223.17.154.80
709,Darlene,Bukowski,dbukowskijo@csmonitor.com,Female,53.23.149.175
710,Shaylynn,Willey,swilleyjp@goodreads.com,Female,43.157.91.147
711,Marvin,Leroux,mlerouxjq@businessinsider.com,Male,111.59.125.23
712,Rafaelia,Smidmore,rsmidmorejr@ucla.edu,Female,17.21.226.10
713,Sandro,Chiese,schiesejs@google.ca,Male,194.101.130.153
714,Sarina,Feyer,sfeyerjt@tumblr.com,Female,29.74.155.26
715,Pauly,Lecordier,plecordierju@earthlink.net,Female,164.0.105.17
716,Harald,Huburn,hhuburnjv@wikimedia.org,Male,184.234.216.149
717,Cordi,Patise,cpatisejw@trellian.com,Female,43.116.79.1
718,Viki,Biddlestone,vbiddlestonejx@unblog.fr,Female,117.253.8.195
719,Cammie,Attfield,cattfieldjy@hexun.com,Female,24.137.125.191
720,Shaun,Gerdes,sgerdesjz@google.ca,Female,215.66.105.90
721,Bary,MacFaul,bmacfaulk0@sogou.com,Male,238.230.81.23
722,Truda,Exroll,texrollk1@bravesites.com,Female,192.62.217.146
723,Johna,Matthias,jmatthiask2@squidoo.com,Female,129.149.240.135
724,Steffi,Berget,sbergetk3@independent.co.uk,Female,213.31.34.19
725,Ursulina,Clines,uclinesk4@networkadvertising.org,Female,241.75.236.94
726,Jobie,Blaszczynski,jblaszczynskik5@alexa.com,Female,65.16.15.117
727,Paige,Lansley,plansleyk6@abc.net.au,Genderqueer,170.199.34.231
728,Huntington,Clixby,hclixbyk7@discovery.com,Male,13.206.228.138
729,Lothario,Satchell,lsatchellk8@archive.org,Male,119.159.56.171
730,Minny,Rubartelli,mrubartellik9@disqus.com,Genderqueer,179.33.210.16
731,Stanislas,Rotte,srotteka@plala.or.jp,Male,67.231.101.174
732,Helga,Lawman,hlawmankb@icio.us,Female,172.159.20.34
733,Nelie,Allport,nallportkc@ocn.ne.jp,Female,4.56.51.129
734,Haily,Shoebotham,hshoebothamkd@lycos.com,Female,186.115.151.143
735,Cly,Camm,ccammke@devhub.com,Male,109.148.169.17
736,Anet,Krook,akrookkf@seesaa.net,Female,157.162.156.225
737,Mabelle,Lillicrop,mlillicropkg@sakura.ne.jp,Polygender,113.70.144.205
738,Finn,Wortt,fworttkh@bloglines.com,Male,13.46.189.248
739,Faunie,Bentje,fbentjeki@businessweek.com,Female,251.179.241.188
740,Frederic,Quinney,fquinneykj@drupal.org,Male,47.119.14.232
741,Zelda,Esparza,zesparzakk@wiley.com,Female,1.130.13.185
742,Missie,Carlill,mcarlillkl@youku.com,Female,115.36.11.168
743,Delilah,Henrion,dhenrionkm@noaa.gov,Polygender,100.68.42.95
744,Hiram,Venner,hvennerkn@usda.gov,Male,30.119.206.226
745,Tanny,Harvatt,tharvattko@marketwatch.com,Male,100.85.28.126
746,Holden,Presslee,hpressleekp@rambler.ru,Male,222.29.202.208
747,Tucker,Isakovitch,tisakovitchkq@scribd.com,Male,245.122.41.81
748,Lawrence,Yarranton,lyarrantonkr@people.com.cn,Male,145.155.86.11
749,Mitchael,Sherebrooke,msherebrookeks@histats.com,Male,168.149.147.89
750,Piper,Olohan,polohankt@livejournal.com,Agender,11.58.26.66
751,Rose,Ayshford,rayshfordku@yelp.com,Female,243.2.43.183
752,Devin,Mowle,dmowlekv@slate.com,Female,147.248.217.89
753,Linnie,MacMorland,lmacmorlandkw@livejournal.com,Female,59.18.191.195
754,Maggy,Primrose,mprimrosekx@stumbleupon.com,Genderqueer,83.189.96.71
755,Melly,Morrilly,mmorrillyky@google.nl,Female,169.101.19.102
756,Mona,Empson,mempsonkz@webnode.com,Female,223.89.103.214
757,Claus,Finlater,cfinlaterl0@mtv.com,Male,126.39.82.199
758,Jereme,Coxwell,jcoxwelll1@studiopress.com,Male,156.223.184.136
759,Quent,Manthorpe,qmanthorpel2@ibm.com,Agender,237.214.74.142
760,Sybil,Napier,snapierl3@ow.ly,Agender,180.14.200.249
761,Florette,Habben,fhabbenl4@sogou.com,Female,195.213.197.252
762,Karly,Greenly,kgreenlyl5@economist.com,Female,44.226.77.94
763,Garnet,Welband,gwelbandl6@creativecommons.org,Genderfluid,166.51.194.96
764,Timothy,Polotti,tpolottil7@delicious.com,Male,28.50.131.216
765,Jana,MacRirie,jmacririel8@networkadvertising.org,Female,51.23.87.29
766,Prescott,Maine,pmainel9@booking.com,Male,42.0.21.80
767,Abbe,D'Aulby,adaulbyla@i2i.jp,Male,30.101.94.213
768,Mandie,Gori,mgorilb@networksolutions.com,Female,25.49.57.85
769,Brad,Giacobbo,bgiacobbolc@prlog.org,Male,226.18.30.1
770,Louie,McIlmorie,lmcilmorield@eventbrite.com,Male,118.48.41.17
771,Lucienne,Henrot,lhenrotle@latimes.com,Female,120.221.134.225
772,Shadow,Humphrey,shumphreylf@hc360.com,Male,58.87.39.32
773,Paquito,Rainger,praingerlg@barnesandnoble.com,Male,169.142.160.102
774,Sylas,Whitaker,swhitakerlh@wikimedia.org,Male,150.21.33.44
775,Brendis,Gjerde,bgjerdeli@vkontakte.ru,Male,241.56.41.239
776,Regine,Thomassin,rthomassinlj@google.com.au,Female,127.56.57.179
777,Riccardo,Escritt,rescrittlk@uiuc.edu,Male,58.200.66.59
778,Panchito,Sproule,psproulell@techcrunch.com,Male,129.44.207.51
779,Colas,Malser,cmalserlm@go.com,Male,20.94.132.217
780,Sandy,Roakes,sroakesln@pagesperso-orange.fr,Male,16.150.162.20
781,Michele,Sweatland,msweatlandlo@nature.com,Female,63.243.60.199
782,Meredith,O'Feeney,mofeeneylp@dot.gov,Polygender,126.212.71.239
783,Baldwin,Siddall,bsiddalllq@admin.ch,Male,192.214.240.43
784,Bernie,Otto,bottolr@youtu.be,Male,25.5.2.21
785,Alanah,Blondin,ablondinls@geocities.com,Genderqueer,209.13.171.236
786,Augustine,Noads,anoadslt@altervista.org,Male,172.113.31.2
787,Gabi,Marquet,gmarquetlu@ihg.com,Female,245.240.127.75
788,Thurston,McLeese,tmcleeselv@dyndns.org,Male,66.76.227.146
789,Patrica,Teape,pteapelw@disqus.com,Female,221.34.158.234
790,Robby,Chidley,rchidleylx@bbb.org,Female,20.37.187.207
791,Weidar,Pagelsen,wpagelsenly@privacy.gov.au,Male,27.219.192.214
792,Joana,Loudon,jloudonlz@google.com.br,Female,127.121.28.219
793,Bendick,Tully,btullym0@quantcast.com,Male,114.135.198.10
794,Daven,Liptrod,dliptrodm1@blog.com,Male,54.253.161.47
795,Sean,Prandoni,sprandonim2@cam.ac.uk,Female,41.198.26.81
796,Wendall,Comford,wcomfordm3@cbslocal.com,Male,83.166.193.219
797,Alaine,Simyson,asimysonm4@nasa.gov,Female,232.146.247.153
798,Brittan,Jahner,bjahnerm5@phpbb.com,Genderqueer,14.125.155.114
799,Kamilah,Ferriday,kferridaym6@ow.ly,Female,119.65.206.123
800,Kelsi,Harflete,kharfletem7@nyu.edu,Female,205.175.135.167
801,Mari,Delve,mdelvem8@t.co,Female,17.95.145.107
802,Valida,Sanja,vsanjam9@stumbleupon.com,Female,72.165.21.36
803,Adrian,Thorpe,athorpema@xinhuanet.com,Male,117.230.76.10
804,Rustin,Grewar,rgrewarmb@netvibes.com,Male,26.150.155.102
805,Mason,Buckoke,mbuckokemc@blogtalkradio.com,Male,117.77.104.14
806,Alford,Croneen,acroneenmd@digg.com,Genderfluid,116.165.172.28
807,Lauree,Crim,lcrimme@google.com.br,Female,149.26.244.226
808,Vergil,Nussey,vnusseymf@howstuffworks.com,Male,155.134.114.6
809,Reamonn,Gundry,rgundrymg@issuu.com,Male,59.193.58.167
810,Vito,Stiegar,vstiegarmh@facebook.com,Male,203.187.125.178
811,Cristiano,Hammerton,chammertonmi@globo.com,Male,209.99.0.230
812,Allx,Lumby,alumbymj@hp.com,Female,73.25.100.130
813,Randene,Pyer,rpyermk@java.com,Female,149.27.81.77
814,Artemas,Tregidga,atregidgaml@myspace.com,Male,124.115.188.74
815,Paddy,Lowensohn,plowensohnmm@boston.com,Male,18.170.192.53
816,Clare,Lawton,clawtonmn@hibu.com,Male,250.79.174.94
817,Shanie,Bloomfield,sbloomfieldmo@businesswire.com,Female,195.219.114.217
818,Tabitha,Cavey,tcaveymp@mozilla.org,Female,176.9.17.125
819,Sisile,Fawcitt,sfawcittmq@qq.com,Female,211.230.85.150
820,Robinia,Tatters,rtattersmr@cnet.com,Female,183.226.234.83
821,Marie,MacConchie,mmacconchiems@soup.io,Female,149.0.152.45
822,Tony,Tinwell,ttinwellmt@list-manage.com,Genderqueer,115.42.218.13
823,Lars,Benoit,lbenoitmu@domainmarket.com,Male,185.112.220.201
824,Brande,Cotterel,bcotterelmv@ox.ac.uk,Female,114.148.37.106
825,Joane,Cruickshanks,jcruickshanksmw@elegantthemes.com,Female,246.135.25.194
826,Gardner,Dobble,gdobblemx@yelp.com,Male,148.231.40.15
827,Costa,Dowse,cdowsemy@oracle.com,Male,244.242.65.43
828,Dieter,Wollaston,dwollastonmz@businessweek.com,Male,184.63.59.35
829,Aurea,Haulkham,ahaulkhamn0@moonfruit.com,Female,119.204.146.93
830,Alison,Keningham,akeninghamn1@dell.com,Female,72.1.158.216
831,Carmon,Mourgue,cmourguen2@github.io,Female,186.53.35.94
832,Ichabod,Swoffer,iswoffern3@omniture.com,Genderqueer,146.163.62.248
833,Clement,Minithorpe,cminithorpen4@chicagotribune.com,Agender,232.154.181.8
834,Ethyl,Pinhorn,epinhornn5@java.com,Female,48.155.100.31
835,Shelley,Cowope,scowopen6@nature.com,Male,19.79.126.135
836,Hilliary,Yonge,hyongen7@nifty.com,Female,59.255.143.39
837,Errol,Suller,esullern8@wiley.com,Male,156.56.44.38
838,Ferdy,Balser,fbalsern9@hc360.com,Male,111.165.86.98
839,Dari,Borges,dborgesna@who.int,Polygender,79.150.209.3
840,Sylvester,Cuss,scussnb@123-reg.co.uk,Male,127.242.38.22
841,Ebonee,Baldin,ebaldinnc@wiley.com,Female,72.50.35.170
842,Ash,Spellard,aspellardnd@arstechnica.com,Male,51.163.196.225
843,Uriah,Sexton,usextonne@sina.com.cn,Male,28.110.220.172
844,Prent,Menham,pmenhamnf@google.pl,Male,240.232.1.171
845,Hailey,Knagges,hknaggesng@hubpages.com,Genderqueer,251.142.233.92
846,Allison,Scarre,ascarrenh@indiatimes.com,Female,113.15.247.240
847,Oliver,Hasslocher,ohasslocherni@about.com,Male,147.71.146.67
848,Parry,Hackett,phackettnj@ox.ac.uk,Male,235.211.70.183
849,Manfred,Garratt,mgarrattnk@cbsnews.com,Male,198.51.224.178
850,De,Baudy,dbaudynl@yale.edu,Female,79.54.124.204
851,Ruthanne,Rosbrough,rrosbroughnm@etsy.com,Female,202.76.239.246
852,Sheeree,Poznanski,spoznanskinn@is.gd,Female,62.133.14.131
853,Graehme,Crooks,gcrooksno@ustream.tv,Non-binary,145.31.253.142
854,Pyotr,Draycott,pdraycottnp@dropbox.com,Male,34.206.45.217
855,Cirilo,Armell,carmellnq@dyndns.org,Male,103.249.93.106
856,Dotti,Brimblecombe,dbrimblecombenr@ca.gov,Female,49.51.110.51
857,Raleigh,Vaulkhard,rvaulkhardns@howstuffworks.com,Male,35.227.186.175
858,Baxie,Kyte,bkytent@noaa.gov,Male,26.91.73.48
859,Olivier,Crolly,ocrollynu@google.co.jp,Male,50.175.175.117
860,Yurik,Treweela,ytreweelanv@i2i.jp,Male,190.39.76.179
861,Lisha,Adamowitz,ladamowitznw@infoseek.co.jp,Female,170.11.43.54
862,Lonni,Kohtler,lkohtlernx@ifeng.com,Female,211.30.105.51
863,Justinian,McNess,jmcnessny@blogs.com,Genderfluid,193.49.185.37
864,Micheil,Krolman,mkrolmannz@youku.com,Male,76.4.76.252
865,Sherye,Caudray,scaudrayo0@statcounter.com,Female,93.246.118.83
866,Inez,Escalera,iescalerao1@studiopress.com,Female,188.210.135.246
867,Stillman,Beuscher,sbeuschero2@flavors.me,Male,52.26.236.149
868,Yehudi,Ferraresi,yferraresio3@discuz.net,Male,80.10.60.181
869,Farlie,Grimwade,fgrimwadeo4@github.io,Male,154.72.117.168
870,Giorgi,McKennan,gmckennano5@usgs.gov,Male,19.120.98.70
871,Galen,Brothwell,gbrothwello6@whitehouse.gov,Male,77.56.151.45
872,Chastity,O'Leary,colearyo7@xrea.com,Polygender,159.88.118.87
873,Corissa,Bysouth,cbysoutho8@webmd.com,Female,244.177.237.161
874,Berty,Orgen,borgeno9@creativecommons.org,Female,209.185.222.14
875,Hermia,Densumbe,hdensumbeoa@vinaora.com,Female,109.41.179.160
876,Mimi,Hailwood,mhailwoodob@icio.us,Genderfluid,63.3.93.2
877,Barris,Athridge,bathridgeoc@marketwatch.com,Male,67.201.18.143
878,Joyan,Ebbetts,jebbettsod@forbes.com,Female,165.230.117.134
879,Neron,Bunhill,nbunhilloe@msu.edu,Male,154.178.232.6
880,Lind,Mould,lmouldof@theatlantic.com,Genderqueer,128.213.70.157
881,Carine,Eggleson,cegglesonog@wufoo.com,Female,106.178.195.215
882,Jessy,Catanheira,jcatanheiraoh@shinystat.com,Female,135.186.114.106
883,Alessandro,Guihen,aguihenoi@patch.com,Male,170.63.204.237
884,Zeke,Smallpeice,zsmallpeiceoj@skyrock.com,Male,99.25.21.18
885,Rubina,Dawnay,rdawnayok@intel.com,Female,56.15.191.208
886,Jo ann,Janeczek,jjaneczekol@wunderground.com,Female,243.238.122.143
887,Ephrem,Fairbanks,efairbanksom@plala.or.jp,Male,80.177.79.88
888,Wanids,Van de Vlies,wvandevlieson@ucoz.ru,Female,207.209.35.247
889,Hilliard,Mowatt,hmowattoo@1688.com,Male,71.19.66.228
890,Ramsay,Stood,rstoodop@symantec.com,Male,213.121.205.1
891,Gerrie,De Metz,gdemetzoq@macromedia.com,Male,226.145.235.163
892,Arlie,Berceros,abercerosor@wsj.com,Female,46.43.252.104
893,Misti,MacRorie,mmacrorieos@virginia.edu,Female,192.37.182.1
894,Kyle,Genicke,kgenickeot@dropbox.com,Male,38.228.167.55
895,Fredi,Buckleigh,fbuckleighou@hubpages.com,Female,88.82.57.205
896,Ginelle,McAusland,gmcauslandov@comsenz.com,Genderfluid,19.152.5.52
897,Rosemary,Martensen,rmartensenow@washingtonpost.com,Bigender,194.210.136.86
898,Jed,Heck,jheckox@rediff.com,Male,69.174.25.72
899,Oliviero,Hairesnape,ohairesnapeoy@yolasite.com,Male,11.135.225.12
900,Laurie,Yurtsev,lyurtsevoz@businessinsider.com,Female,170.6.86.254
901,Hieronymus,Duffan,hduffanp0@ebay.com,Male,106.196.162.239
902,Zebedee,Lugden,zlugdenp1@flickr.com,Male,162.5.107.237
903,Randell,Knibley,rknibleyp2@diigo.com,Male,6.199.131.46
904,Tull,Stodd,tstoddp3@va.gov,Male,180.73.31.47
905,Lauritz,Heinritz,lheinritzp4@cyberchimps.com,Polygender,90.198.235.170
906,Chantalle,Litchfield,clitchfieldp5@list-manage.com,Female,161.85.211.43
907,Cirillo,LLelweln,cllelwelnp6@cbc.ca,Male,247.94.43.26
908,Helenka,Delyth,hdelythp7@china.com.cn,Female,4.100.77.222
909,Gail,Ithell,githellp8@chicagotribune.com,Male,170.13.117.66
910,Percival,Mowsdill,pmowsdillp9@smugmug.com,Male,100.56.223.63
911,Cristen,Teather,cteatherpa@berkeley.edu,Female,215.38.210.161
912,Gwenny,Turbayne,gturbaynepb@squarespace.com,Female,158.220.178.186
913,Robin,Hawton,rhawtonpc@spotify.com,Female,135.2.211.104
914,Bern,Carillo,bcarillopd@tinypic.com,Male,54.93.55.127
915,Homere,McGloughlin,hmcgloughlinpe@mtv.com,Male,37.250.210.158
916,Derrick,Bickerton,dbickertonpf@fotki.com,Male,234.158.251.187
917,Ronny,Urey,rureypg@pbs.org,Non-binary,158.44.120.116
918,Kile,Shoorbrooke,kshoorbrookeph@jimdo.com,Male,4.233.211.68
919,Marlo,Ladds,mladdspi@ehow.com,Female,27.173.233.105
920,Murray,Jedrzejewsky,mjedrzejewskypj@webnode.com,Male,98.178.204.164
921,Gal,Glaysher,gglaysherpk@ted.com,Male,49.240.17.119
922,Jonis,Inglefield,jinglefieldpl@netvibes.com,Female,134.193.253.87
923,Wes,Piatek,wpiatekpm@skyrock.com,Agender,13.221.137.180
924,Sayers,Carlino,scarlinopn@senate.gov,Male,198.208.99.28
925,Melinde,De Fraine,mdefrainepo@go.com,Female,58.204.190.182
926,Hillard,Bulbeck,hbulbeckpp@flickr.com,Male,47.75.76.255
927,Temp,Doding,tdodingpq@yahoo.com,Male,190.37.164.74
928,Karyl,Spurge,kspurgepr@ezinearticles.com,Female,95.139.20.198
929,Adi,Lawley,alawleyps@berkeley.edu,Female,174.237.133.91
930,Bernie,Hillan,bhillanpt@hibu.com,Male,186.5.163.40
931,Timofei,Dempsey,tdempseypu@uiuc.edu,Non-binary,66.237.28.4
932,Pierce,Blumson,pblumsonpv@who.int,Male,57.232.206.54
933,Findlay,Manley,fmanleypw@ehow.com,Male,225.19.128.205
934,Elmira,Lunney,elunneypx@blogtalkradio.com,Female,70.125.169.23
935,Reynold,Kobes,rkobespy@wordpress.com,Male,9.178.180.108
936,Antonella,Broske,abroskepz@addthis.com,Female,210.246.243.87
937,Sammy,Hebblewhite,shebblewhiteq0@csmonitor.com,Male,109.161.214.238
938,Annnora,Tracey,atraceyq1@usa.gov,Female,233.110.77.60
939,Monro,Wike,mwikeq2@newsvine.com,Male,159.188.57.246
940,Winfred,Tuvey,wtuveyq3@hao123.com,Male,67.102.242.246
941,Hally,Ramelot,hramelotq4@google.it,Female,21.227.130.66
942,Britta,Balassa,bbalassaq5@infoseek.co.jp,Female,1.43.32.13
943,Eugen,Bishell,ebishellq6@imageshack.us,Male,195.224.93.5
944,Sidonnie,Lardge,slardgeq7@army.mil,Female,182.7.122.233
945,Caressa,Ortes,cortesq8@barnesandnoble.com,Female,147.154.120.15
946,Stacee,Raiman,sraimanq9@biblegateway.com,Female,239.150.39.227
947,Roddy,Braisby,rbraisbyqa@blinklist.com,Male,255.11.196.38
948,Zea,Gantzman,zgantzmanqb@eepurl.com,Female,153.179.222.32
949,Rica,Rowell,rrowellqc@guardian.co.uk,Polygender,51.125.227.182
950,Sasha,Bleddon,sbleddonqd@tuttocitta.it,Male,191.19.208.91
951,Quent,Litterick,qlitterickqe@etsy.com,Male,218.104.103.95
952,Davey,Grund,dgrundqf@google.co.jp,Male,210.117.14.40
953,Hansiain,Prangle,hprangleqg@europa.eu,Male,164.229.95.154
954,Burk,Krates,bkratesqh@upenn.edu,Male,76.144.186.127
955,Launce,Espinheira,lespinheiraqi@examiner.com,Male,56.132.35.123
956,Bastian,Prandin,bprandinqj@berkeley.edu,Male,24.226.21.215
957,Ganny,Canto,gcantoqk@mapquest.com,Male,212.229.95.193
958,Benton,Jacox,bjacoxql@dedecms.com,Genderfluid,171.22.215.226
959,Kenyon,Masse,kmasseqm@newsvine.com,Male,220.250.12.99
960,Lowe,Valasek,lvalasekqn@mit.edu,Male,46.138.165.60
961,Zedekiah,Rawle,zrawleqo@nifty.com,Male,167.106.231.142
962,Esra,Caughtry,ecaughtryqp@hugedomains.com,Male,214.79.221.245
963,Hildagard,Bernardo,hbernardoqq@pcworld.com,Female,241.172.205.94
964,Adair,Letixier,aletixierqr@rakuten.co.jp,Male,36.3.120.12
965,Carly,Savin,csavinqs@amazon.de,Male,126.136.1.201
966,Hedi,Streater,hstreaterqt@wsj.com,Bigender,24.19.62.11
967,Man,Keable,mkeablequ@artisteer.com,Male,7.30.13.189
968,Beatrice,Eilers,beilersqv@yahoo.co.jp,Female,25.4.239.57
969,Olympie,Phelps,ophelpsqw@mail.ru,Female,132.254.156.12
970,Lisle,Cobbe,lcobbeqx@ovh.net,Male,252.198.123.136
971,Miranda,Cheesman,mcheesmanqy@si.edu,Female,107.169.80.196
972,Theresina,Goskar,tgoskarqz@sakura.ne.jp,Female,88.168.109.166
973,Sherline,Fernandez,sfernandezr0@vistaprint.com,Agender,139.98.15.237
974,Blanca,Cattow,bcattowr1@pbs.org,Female,141.99.135.49
975,Patti,Kristiansen,pkristiansenr2@tripod.com,Female,247.84.100.19
976,Thorsten,Lismer,tlismerr3@miibeian.gov.cn,Male,72.164.21.149
977,Jamie,Varrow,jvarrowr4@narod.ru,Female,10.186.75.128
978,Ophelia,Cockerton,ocockertonr5@sciencedaily.com,Genderfluid,33.114.15.201
979,Dot,Nezey,dnezeyr6@ucla.edu,Female,81.233.105.88
980,Hadria,Hagston,hhagstonr7@utexas.edu,Female,116.254.37.17
981,Bradley,Inwood,binwoodr8@networksolutions.com,Male,201.168.240.168
982,Susie,Pyrah,spyrahr9@blogspot.com,Bigender,207.10.56.140
983,Felix,Cooley,fcooleyra@theglobeandmail.com,Genderfluid,249.117.63.248
984,Dylan,Gribbins,dgribbinsrb@bluehost.com,Male,53.27.128.239
985,Hendrick,Stockoe,hstockoerc@istockphoto.com,Male,151.249.122.57
986,Conney,Galley,cgalleyrd@cdbaby.com,Male,178.18.250.206
987,Cherey,Larkby,clarkbyre@forbes.com,Female,232.57.235.86
988,Francis,Beesey,fbeeseyrf@t-online.de,Male,187.246.188.179
989,Walther,Norrie,wnorrierg@aol.com,Male,106.200.85.35
990,Jone,Burtwistle,jburtwistlerh@buzzfeed.com,Male,175.241.111.134
991,Arlee,Schruur,aschruurri@independent.co.uk,Female,53.21.68.59
992,Ashley,Greetham,agreethamrj@google.com.au,Male,217.138.223.63
993,Katrinka,Isacoff,kisacoffrk@tinypic.com,Female,50.188.169.170
994,Kirbie,Madden,kmaddenrl@spiegel.de,Female,0.13.31.3
995,Ree,Howels,rhowelsrm@goodreads.com,Female,183.151.1.223
996,Genny,Whittleton,gwhittletonrn@senate.gov,Female,178.196.166.112
997,Friedrick,MacConnel,fmacconnelro@wikipedia.org,Male,182.189.179.155
998,Tobe,Perle,tperlerp@yandex.ru,Non-binary,9.22.123.73
999,Jenifer,Goulbourn,jgoulbournrq@google.ca,Female,204.101.48.120
1000,Erhart,Grills,egrillsrr@ovh.net,Male,193.193.136.183
