id,first_name,last_name,email,gender,ip_address
1,Goober,Eborn,geborn0@fda.gov,Male,229.231.145.195
2,Pebrook,Anker,panker1@bing.com,Male,159.177.206.229
3,Bran,Traske,btraske2@psu.edu,Genderfluid,39.13.170.141
4,Pauli,Fleg,pfleg3@economist.com,Female,230.236.170.158
5,Zia,O'Growgane,zogrowgane4@smugmug.com,Female,110.202.115.168
6,Abbe,McComas,amccomas5@spotify.com,Male,70.92.17.29
7,Cristal,Panther,cpanther6@mayoclinic.com,Female,102.94.69.140
8,Karrah,Tinmouth,ktinmouth7@google.com.au,Female,72.199.68.2
9,Heda,Folcarelli,hfolcarelli8@timesonline.co.uk,Polygender,65.219.132.103
10,Shannan,Littledike,slittledike9@webs.com,Male,175.29.99.159
11,Brittaney,Wainscoat,bwainscoata@goo.ne.jp,Female,21.180.220.56
12,Arv,Dougal,adougalb@mail.ru,Male,63.193.196.2
13,Blithe,Pettyfar,bpettyfarc@goodreads.com,Female,218.24.99.120
14,Ashlin,Aguilar,aaguilard@hexun.com,Male,164.84.18.246
15,Garrot,Mattes,gmattese@joomla.org,Male,187.119.167.141
16,Obed,Despenser,odespenserf@yellowbook.com,Male,143.197.31.103
17,Fons,Grzeskowski,fgrzeskowskig@so-net.ne.jp,Male,50.168.195.231
18,Joby,Poolman,jpoolmanh@a8.net,Bigender,126.229.39.4
19,Julienne,Hallwood,jhallwoodi@phpbb.com,Female,109.250.155.254
20,Morley,Ottewell,mottewellj@amazon.de,Male,102.17.99.121
21,Sindee,Sare,ssarek@toplist.cz,Female,222.113.198.154
22,Maurie,Wynrahame,mwynrahamel@answers.com,Male,25.28.227.144
23,Claudie,Gurner,cgurnerm@tinypic.com,Female,95.162.216.129
24,Ricky,Bosward,rboswardn@com.com,Female,75.100.22.155
25,Adrea,Boobier,aboobiero@naver.com,Female,162.72.115.162
26,Silas,Cosgriff,scosgriffp@yahoo.co.jp,Male,244.174.48.32
27,Johny,Gimber,jgimberq@wordpress.org,Male,231.140.4.248
28,Ives,Earley,iearleyr@ftc.gov,Male,201.197.179.169
29,Niki,Marian,nmarians@boston.com,Genderqueer,65.220.77.32
30,Audre,Eard,aeardt@hud.gov,Female,27.93.169.198
31,Lewiss,Rosenblad,lrosenbladu@slideshare.net,Male,252.46.181.72
32,Christean,Fenimore,cfenimorev@unicef.org,Female,66.204.22.114
33,Audrey,Garrity,agarrityw@washington.edu,Female,182.111.102.192
34,Mikkel,Shearer,mshearerx@biglobe.ne.jp,Male,163.40.192.91
35,Krispin,Callen,kcalleny@ebay.com,Male,102.61.146.74
36,Christye,Barrabeale,cbarrabealez@netvibes.com,Agender,93.46.219.171
37,Karol,Cobelli,kcobelli10@ezinearticles.com,Female,10.176.59.67
38,Belva,Tick,btick11@washingtonpost.com,Female,55.75.234.197
39,Zane,Dummigan,zdummigan12@hostgator.com,Bigender,136.122.130.140
40,Arnie,Tilte,atilte13@mysql.com,Male,64.58.21.38
41,Wilek,Ridger,wridger14@npr.org,Male,229.150.49.208
42,Alexio,Seeking,aseeking15@sphinn.com,Male,160.228.237.172
43,Finley,Von Oertzen,fvonoertzen16@woothemes.com,Male,100.249.93.108
44,Constantia,Tofts,ctofts17@wsj.com,Female,34.41.93.93
45,Augy,Graveston,agraveston18@vistaprint.com,Male,49.59.243.38
46,Clemmie,Norley,cnorley19@discovery.com,Male,94.54.155.154
47,Marti,Woodvine,mwoodvine1a@bizjournals.com,Female,154.254.228.160
48,Beryle,Dampier,bdampier1b@springer.com,Female,61.82.24.41
49,Kane,Clavering,kclavering1c@studiopress.com,Male,165.220.102.203
50,Avis,Durtnall,adurtnall1d@businesswire.com,Female,83.115.220.20
51,Debera,Ledekker,dledekker1e@prnewswire.com,Female,77.23.65.25
52,Nolie,Arrell,narrell1f@rakuten.co.jp,Female,231.123.186.168
53,Jedidiah,Nulty,jnulty1g@google.com.hk,Male,150.156.206.155
54,Keefe,Westcarr,kwestcarr1h@ox.ac.uk,Male,163.162.115.159
55,Conrado,Picton,cpicton1i@usgs.gov,Male,6.61.69.235
56,Davie,Jeroch,djeroch1j@drupal.org,Male,28.124.150.31
57,Marylee,Adrienne,madrienne1k@macromedia.com,Female,6.109.68.180
58,Nate,Overal,noveral1l@sogou.com,Male,247.32.136.76
59,Maddy,Chisnell,mchisnell1m@bbb.org,Female,151.241.103.243
60,Elnore,Paike,epaike1n@microsoft.com,Female,125.241.103.242
61,Amata,Gabel,agabel1o@slashdot.org,Female,221.88.182.195
62,Demetrius,Ambrogioli,dambrogioli1p@dell.com,Male,250.65.255.205
63,Thaddus,Josofovitz,tjosofovitz1q@tripod.com,Male,163.38.124.40
64,Halli,Castano,hcastano1r@huffingtonpost.com,Female,195.218.99.22
65,Ashly,Dufour,adufour1s@miibeian.gov.cn,Female,162.214.216.145
66,Cherida,Hendrickx,chendrickx1t@rakuten.co.jp,Female,62.108.64.40
67,Dedie,Adaway,dadaway1u@clickbank.net,Female,80.203.3.148
68,Fania,Rootham,frootham1v@ezinearticles.com,Female,110.74.59.48
69,Stevy,Crips,scrips1w@state.gov,Male,157.48.244.196
70,Rafferty,Urch,rurch1x@sciencedaily.com,Male,103.25.147.129
71,Lyndell,Awmack,lawmack1y@google.com,Female,134.180.43.196
72,Jennee,Oliveti,joliveti1z@dell.com,Female,60.29.118.228
73,Lori,Shermar,lshermar20@usnews.com,Female,188.234.229.52
74,Tommie,Sailes,tsailes21@odnoklassniki.ru,Genderfluid,255.50.118.6
75,Edna,Tinkler,etinkler22@nsw.gov.au,Female,124.80.113.159
76,Carmen,Cottey,ccottey23@un.org,Female,238.174.213.19
77,Ross,Sugge,rsugge24@blog.com,Male,10.12.24.232
78,Ryan,Scholte,rscholte25@utexas.edu,Male,203.220.165.118
79,Silva,Chavrin,schavrin26@naver.com,Female,152.249.112.117
80,Blair,Lewisham,blewisham27@blinklist.com,Male,6.115.187.80
81,Kermy,Mobius,kmobius28@ning.com,Male,88.149.153.243
82,Derrik,Gabriely,dgabriely29@washington.edu,Male,39.68.30.155
83,Buiron,Pettinger,bpettinger2a@amazon.co.jp,Male,39.180.47.65
84,Hort,Lerigo,hlerigo2b@admin.ch,Male,99.130.82.69
85,Charleen,Judron,cjudron2c@de.vu,Female,60.81.33.20
86,Roxanne,Oneill,roneill2d@usda.gov,Female,244.194.13.189
87,Kort,Sedgebeer,ksedgebeer2e@a8.net,Male,174.19.166.44
88,Torry,Erlam,terlam2f@wisc.edu,Male,91.125.200.180
89,Dore,Nock,dnock2g@angelfire.com,Male,77.79.50.37
90,Kassey,Anscott,kanscott2h@artisteer.com,Female,166.139.253.107
91,Dyane,Bimrose,dbimrose2i@privacy.gov.au,Female,126.5.109.33
92,Kym,Jado,kjado2j@wiley.com,Female,94.86.232.194
93,Baird,Grazier,bgrazier2k@homestead.com,Male,1.165.69.183
94,Lynnell,Stud,lstud2l@unesco.org,Female,98.0.37.81
95,Jule,Viggers,jviggers2m@sciencedaily.com,Male,35.220.141.11
96,Edita,Brizland,ebrizland2n@nbcnews.com,Female,70.150.196.116
97,Sutherlan,Stannus,sstannus2o@ucoz.ru,Male,73.0.46.127
98,Nariko,Chasmar,nchasmar2p@wikispaces.com,Female,200.140.113.118
99,Galven,Wanderschek,gwanderschek2q@clickbank.net,Male,139.67.203.28
100,Adriana,Hexam,ahexam2r@artisteer.com,Female,190.17.38.172
101,Prue,Arblaster,parblaster2s@businesswire.com,Female,86.174.61.143
102,Udale,Boken,uboken2t@wordpress.com,Male,153.163.24.147
103,Brooks,Klimaszewski,bklimaszewski2u@lycos.com,Male,58.119.143.61
104,Adorne,Deguara,adeguara2v@com.com,Female,41.56.240.180
105,Charmain,How to preserve,chowtopreserve2w@taobao.com,Female,16.27.224.173
106,Lyn,Peiro,lpeiro2x@foxnews.com,Male,38.83.242.212
107,Nerita,Kob,nkob2y@discuz.net,Genderqueer,184.81.199.117
108,Aubrey,Timmermann,atimmermann2z@microsoft.com,Female,5.62.126.243
109,Olivero,Vedenisov,ovedenisov30@cbsnews.com,Male,63.156.243.42
110,Alexandra,Corrin,acorrin31@cpanel.net,Female,104.114.191.108
111,Sinclair,Edmondson,sedmondson32@oakley.com,Male,123.220.114.76
112,Caitlin,Collings,ccollings33@barnesandnoble.com,Female,189.211.235.131
113,Shanta,Spiers,sspiers34@vimeo.com,Female,99.64.178.237
114,Willie,Melrose,wmelrose35@imageshack.us,Male,60.145.241.21
115,Aubrey,Richardt,arichardt36@tinyurl.com,Male,98.9.156.73
116,Diena,Renneke,drenneke37@acquirethisname.com,Female,93.67.204.149
117,Nate,Blankau,nblankau38@patch.com,Male,8.149.153.184
118,Lilly,Harder,lharder39@usatoday.com,Female,190.29.114.114
119,Rance,Durbyn,rdurbyn3a@storify.com,Male,79.172.243.213
120,Emilee,Fraczak,efraczak3b@devhub.com,Female,77.202.209.179
121,Cymbre,Silman,csilman3c@ucla.edu,Female,92.137.213.186
122,Jakob,Aasaf,jaasaf3d@example.com,Male,94.57.130.107
123,Gottfried,Bynold,gbynold3e@dropbox.com,Male,242.232.124.36
124,Marla,Bearward,mbearward3f@goo.ne.jp,Female,7.90.219.85
125,Korry,Spittles,kspittles3g@wp.com,Female,97.37.207.155
126,Teodor,Godman,tgodman3h@upenn.edu,Male,183.6.237.11
127,Zea,Charpling,zcharpling3i@sciencedaily.com,Female,91.138.196.33
128,Honoria,Baccup,hbaccup3j@jigsy.com,Female,121.171.159.182
129,Blayne,Ballay,bballay3k@dailymotion.com,Male,205.234.223.176
130,Marice,Ingham,mingham3l@sfgate.com,Female,44.21.192.52
131,Rafaellle,Rousby,rrousby3m@imdb.com,Male,185.2.188.49
132,Sig,Rosetti,srosetti3n@blinklist.com,Male,127.211.84.124
133,Ursulina,Steventon,usteventon3o@slashdot.org,Female,26.74.225.57
134,Jessie,Espinheira,jespinheira3p@vk.com,Female,234.72.200.192
135,Chic,Kimberly,ckimberly3q@patch.com,Male,233.49.249.183
136,Karie,Zuanazzi,kzuanazzi3r@joomla.org,Female,63.210.118.6
137,Annabella,Rottenbury,arottenbury3s@unicef.org,Female,188.98.218.193
138,Garnet,Tedahl,gtedahl3t@ted.com,Bigender,187.18.204.125
139,Anabelle,Very,avery3u@surveymonkey.com,Non-binary,129.228.55.243
140,Jed,Reide,jreide3v@amazon.co.uk,Bigender,15.34.72.118
141,Leroy,Prangle,lprangle3w@fda.gov,Male,165.116.252.54
142,Pasquale,Blinman,pblinman3x@thetimes.co.uk,Male,132.101.213.129
143,Bryn,Parnaby,bparnaby3y@tripadvisor.com,Male,81.31.195.61
144,Guy,Wyleman,gwyleman3z@elegantthemes.com,Male,237.106.0.42
145,Nester,Enderlein,nenderlein40@ycombinator.com,Male,233.110.142.150
146,Ransell,Raynton,rraynton41@soundcloud.com,Agender,98.178.136.181
147,Gerrie,Rassmann,grassmann42@ocn.ne.jp,Male,160.215.215.252
148,Joe,Erskin,jerskin43@freewebs.com,Male,238.180.41.72
149,Germaine,Oris,goris44@infoseek.co.jp,Male,186.245.181.197
150,Carlene,Nield,cnield45@reference.com,Female,34.121.27.253
151,Maximo,Dwyr,mdwyr46@miibeian.gov.cn,Male,235.137.41.159
152,Toiboid,Josofovitz,tjosofovitz47@arstechnica.com,Male,81.1.169.194
153,Johnathon,Klamman,jklamman48@51.la,Male,154.217.89.35
154,Edeline,Entwisle,eentwisle49@tripod.com,Female,102.129.123.38
155,Alex,Tathacott,atathacott4a@1688.com,Male,103.231.67.177
156,Killy,Millwall,kmillwall4b@cloudflare.com,Male,112.59.68.240
157,Erwin,Vlasyuk,evlasyuk4c@netscape.com,Male,236.170.81.30
158,Angil,Cockland,acockland4d@slashdot.org,Female,56.223.241.51
159,Homere,Hollingsby,hhollingsby4e@boston.com,Male,112.157.137.78
160,Burch,Nestle,bnestle4f@hibu.com,Male,72.76.153.4
161,Efren,Weathers,eweathers4g@privacy.gov.au,Male,128.207.196.76
162,Brockie,Spolton,bspolton4h@ifeng.com,Male,243.66.126.255
163,Sharron,Wisden,swisden4i@hc360.com,Bigender,16.137.111.19
164,Nobie,Cervantes,ncervantes4j@weibo.com,Male,187.79.50.98
165,Jean,Cloy,jcloy4k@joomla.org,Male,239.101.172.102
166,Hilario,Prise,hprise4l@microsoft.com,Male,107.94.175.141
167,Calley,Swynfen,cswynfen4m@umn.edu,Female,44.239.139.100
168,Tilda,Bushe,tbushe4n@google.de,Female,95.78.39.179
169,Meredith,Sygroves,msygroves4o@networkadvertising.org,Male,5.143.97.220
170,Jacquelynn,Edy,jedy4p@salon.com,Female,166.172.115.168
171,Freddie,Rieger,frieger4q@devhub.com,Male,193.13.119.250
172,Jakie,Pallasch,jpallasch4r@tamu.edu,Male,133.174.179.101
173,Portie,Roswarne,proswarne4s@netvibes.com,Male,193.157.48.16
174,Valentine,Hallex,vhallex4t@mapquest.com,Male,121.10.18.220
175,Tess,Craddock,tcraddock4u@nifty.com,Female,0.247.202.253
176,Nerta,Ryley,nryley4v@state.tx.us,Female,77.145.148.119
177,Angela,Hockell,ahockell4w@walmart.com,Female,120.188.164.94
178,Selestina,Gludor,sgludor4x@weather.com,Genderqueer,246.4.121.136
179,Sibby,Kohlert,skohlert4y@quantcast.com,Female,230.61.11.32
180,Cordie,Brounfield,cbrounfield4z@un.org,Male,121.199.196.217
181,Emelda,Sweetenham,esweetenham50@mac.com,Female,147.179.72.249
182,Donnie,Mulberry,dmulberry51@alexa.com,Female,157.132.99.110
183,Erasmus,Kleinbaum,ekleinbaum52@japanpost.jp,Male,250.255.44.117
184,Merna,Rajchert,mrajchert53@harvard.edu,Female,225.210.98.90
185,Dorine,Cowthard,dcowthard54@imdb.com,Female,37.94.39.191
186,Beverlie,Dicty,bdicty55@nhs.uk,Female,1.69.40.249
187,Mead,Inglis,minglis56@arizona.edu,Female,148.194.90.55
188,Ara,Ingry,aingry57@mac.com,Female,32.137.147.2
189,Harvey,Boden,hboden58@baidu.com,Male,42.3.31.101
190,Ester,Thor,ethor59@feedburner.com,Female,41.52.100.139
191,Darby,Oris,doris5a@ovh.net,Non-binary,46.156.86.233
192,Michaelina,Churches,mchurches5b@usda.gov,Polygender,121.246.119.76
193,Ashton,Sweynson,asweynson5c@sciencedirect.com,Male,154.144.230.227
194,Martha,Haughan,mhaughan5d@geocities.com,Female,65.9.183.216
195,Stefanie,Shearsby,sshearsby5e@merriam-webster.com,Female,126.156.146.70
196,Erskine,Corker,ecorker5f@hugedomains.com,Male,128.112.38.36
197,Bobine,Du Hamel,bduhamel5g@freewebs.com,Agender,153.30.187.215
198,Amby,Etter,aetter5h@ning.com,Male,54.182.227.150
199,Linc,Dowzell,ldowzell5i@cbslocal.com,Male,151.66.73.20
200,Catriona,Stainland,cstainland5j@smh.com.au,Female,75.122.207.189
201,Michel,Polon,mpolon5k@businesswire.com,Female,68.194.65.102
202,Geraldine,Dilrew,gdilrew5l@gravatar.com,Female,15.37.189.126
203,Tommie,Onele,tonele5m@yahoo.com,Female,12.242.1.2
204,Marcos,Fragino,mfragino5n@a8.net,Agender,62.35.243.201
205,Wenonah,Torel,wtorel5o@woothemes.com,Female,48.159.65.136
206,Doti,Massen,dmassen5p@1und1.de,Female,149.69.29.4
207,Aidan,Capey,acapey5q@networksolutions.com,Female,158.1.194.228
208,Hilary,Lievesley,hlievesley5r@reuters.com,Male,190.108.49.186
209,Keith,Halbeard,khalbeard5s@51.la,Male,83.111.113.237
210,Neron,Charity,ncharity5t@globo.com,Male,100.224.250.92
211,Marty,Brewood,mbrewood5u@wikipedia.org,Female,242.179.77.208
212,Ives,Benz,ibenz5v@fc2.com,Male,129.189.170.14
213,Esmaria,Baudet,ebaudet5w@sina.com.cn,Genderqueer,168.123.18.178
214,Mikkel,Harrold,mharrold5x@timesonline.co.uk,Male,232.108.107.15
215,Tracie,Harverson,tharverson5y@fotki.com,Female,78.40.180.220
216,Tymothy,Aspital,taspital5z@thetimes.co.uk,Male,52.133.9.158
217,Chaddie,Praton,cpraton60@people.com.cn,Male,93.212.148.207
218,Carmelita,Boyes,cboyes61@instagram.com,Female,16.178.183.140
219,Byron,Ruffles,bruffles62@vimeo.com,Male,239.95.144.194
220,Vick,Mattaus,vmattaus63@ihg.com,Male,168.76.180.121
221,Hayward,Kneafsey,hkneafsey64@delicious.com,Male,16.22.202.170
222,Ferdinand,Dumsday,fdumsday65@icq.com,Male,139.100.114.130
223,Caddric,Dikelin,cdikelin66@wp.com,Male,167.158.41.195
224,Mathe,Bedbrough,mbedbrough67@usatoday.com,Male,73.181.235.163
225,Timi,Watkin,twatkin68@house.gov,Female,152.243.152.18
226,Alfie,Brotherhed,abrotherhed69@elegantthemes.com,Male,123.157.107.206
227,Marwin,Sellman,msellman6a@goo.gl,Non-binary,81.14.145.210
228,Giorgia,Haglington,ghaglington6b@multiply.com,Female,51.235.143.96
229,Nehemiah,Kubicek,nkubicek6c@booking.com,Genderqueer,154.136.130.136
230,Forster,Trudgian,ftrudgian6d@loc.gov,Male,204.94.196.154
231,Bartholemy,Eborall,beborall6e@noaa.gov,Male,116.187.113.194
232,Brittani,Matitiaho,bmatitiaho6f@wordpress.com,Female,54.180.141.173
233,Brear,Novotna,bnovotna6g@cyberchimps.com,Female,235.76.98.36
234,Lovell,Rannells,lrannells6h@mysql.com,Male,228.167.59.220
235,Pren,Synder,psynder6i@g.co,Non-binary,96.72.243.230
236,Dory,Bardwall,dbardwall6j@irs.gov,Female,242.48.239.37
237,Licha,Hanson,lhanson6k@wsj.com,Female,87.17.21.192
238,Desdemona,O'Flaherty,doflaherty6l@ucoz.ru,Female,75.150.164.122
239,Ashton,De Normanville,adenormanville6m@surveymonkey.com,Male,206.158.188.121
240,Vida,Warne,vwarne6n@seesaa.net,Female,214.38.179.94
241,Sloane,Bunson,sbunson6o@disqus.com,Male,147.173.239.182
242,Ugo,Doree,udoree6p@amazonaws.com,Male,162.88.193.22
243,Merle,Pollard,mpollard6q@shinystat.com,Female,237.166.31.198
244,Pippy,Acuna,pacuna6r@google.fr,Female,47.71.21.115
245,Tammara,Frow,tfrow6s@miitbeian.gov.cn,Female,169.255.103.8
246,Tades,Reubel,treubel6t@reference.com,Male,114.57.224.5
247,Dugald,Birrell,dbirrell6u@oakley.com,Male,197.27.169.25
248,Barnett,Youster,byouster6v@zdnet.com,Male,224.197.175.224
249,Kirk,Salan,ksalan6w@bluehost.com,Male,59.119.75.175
250,Ginger,Barti,gbarti6x@fotki.com,Female,139.82.120.52
251,Willis,Rubertis,wrubertis6y@bloglovin.com,Polygender,224.90.153.162
252,Clerc,Eltone,celtone6z@com.com,Male,202.4.109.159
253,Shaine,Trathen,strathen70@bigcartel.com,Female,104.227.82.4
254,Pryce,Halloran,phalloran71@privacy.gov.au,Male,191.68.88.177
255,Barbi,Apfel,bapfel72@psu.edu,Agender,104.75.216.251
256,Gardener,Rouf,grouf73@instagram.com,Male,117.147.139.107
257,Morse,Mertgen,mmertgen74@blinklist.com,Agender,183.87.171.167
258,Daisy,Beale,dbeale75@paginegialle.it,Female,71.190.1.68
259,Aurie,McShirrie,amcshirrie76@google.com.br,Female,147.211.198.236
260,Wain,Cockerill,wcockerill77@4shared.com,Male,88.45.89.105
261,Pacorro,Barclay,pbarclay78@umich.edu,Male,250.156.189.175
262,Clare,Swane,cswane79@businesswire.com,Female,145.72.21.183
263,Arnold,Peebles,apeebles7a@bigcartel.com,Male,0.209.92.44
264,Kiley,Luney,kluney7b@timesonline.co.uk,Female,170.3.10.120
265,Lawton,Garvan,lgarvan7c@hp.com,Male,108.164.81.86
266,Prescott,De Giorgi,pdegiorgi7d@lycos.com,Male,194.198.84.150
267,Karia,Featenby,kfeatenby7e@statcounter.com,Female,10.239.89.142
268,Evita,Brownsword,ebrownsword7f@unesco.org,Female,239.153.202.172
269,Rosalynd,Allridge,rallridge7g@photobucket.com,Female,66.185.192.86
270,Olive,Valler,ovaller7h@chron.com,Polygender,28.187.193.245
271,Marilee,Heatley,mheatley7i@t-online.de,Female,85.134.161.246
272,Tedie,Bernhardsson,tbernhardsson7j@adobe.com,Male,153.123.96.12
273,Joella,Bullivent,jbullivent7k@delicious.com,Female,71.130.236.123
274,Raff,Yearns,ryearns7l@hhs.gov,Male,191.36.140.37
275,Griff,Durston,gdurston7m@mail.ru,Male,93.212.76.190
276,Hamish,Donne,hdonne7n@woothemes.com,Male,195.25.218.104
277,Jill,Fathers,jfathers7o@hexun.com,Female,16.70.15.223
278,Blair,McShane,bmcshane7p@so-net.ne.jp,Male,225.183.214.219
279,Chandler,Delmage,cdelmage7q@shop-pro.jp,Male,121.117.235.37
280,Kat,Warbeys,kwarbeys7r@samsung.com,Female,209.1.189.81
281,Willi,Godar,wgodar7s@is.gd,Female,38.191.22.98
282,Aili,Chipps,achipps7t@springer.com,Genderqueer,86.181.70.130
283,Urban,Roelvink,uroelvink7u@reddit.com,Male,110.215.177.132
284,Thekla,Serrels,tserrels7v@smh.com.au,Female,191.65.25.217
285,Raymond,Blackman,rblackman7w@nbcnews.com,Male,12.247.195.224
286,Renato,Snawdon,rsnawdon7x@instagram.com,Male,240.251.77.88
287,Peter,Jeays,pjeays7y@icio.us,Male,85.246.195.74
288,Cati,Feaveer,cfeaveer7z@list-manage.com,Female,122.203.49.161
289,Biddy,Sall,bsall80@discovery.com,Female,225.246.141.170
290,Charita,Starten,cstarten81@yahoo.com,Female,30.50.199.51
291,Clint,Kelbie,ckelbie82@spotify.com,Male,126.85.253.118
292,Myrvyn,Hupka,mhupka83@irs.gov,Male,239.45.173.26
293,Debbi,Gallatly,dgallatly84@washingtonpost.com,Female,254.172.61.101
294,Alair,Gummow,agummow85@tinypic.com,Male,23.242.213.128
295,Jorry,Adlem,jadlem86@seesaa.net,Female,117.23.233.244
296,Brita,Howard - Gater,bhowardgater87@cbc.ca,Female,241.41.87.231
297,Arabelle,Ferraretto,aferraretto88@home.pl,Female,192.123.205.40
298,Lisabeth,Jacobovitz,ljacobovitz89@census.gov,Female,47.142.44.208
299,Kerby,Vondrys,kvondrys8a@plala.or.jp,Male,54.116.97.108
300,Rollins,Smewings,rsmewings8b@storify.com,Male,33.88.136.89
301,Casie,Borrie,cborrie8c@comcast.net,Agender,200.172.193.241
302,Timmie,Kieff,tkieff8d@php.net,Male,161.235.176.151
303,Lydia,Wyrall,lwyrall8e@opensource.org,Female,216.8.1.42
304,Thorin,Howis,thowis8f@qq.com,Male,109.151.217.242
305,Adeline,Testo,atesto8g@miitbeian.gov.cn,Female,217.237.13.53
306,Nathaniel,Davydychev,ndavydychev8h@upenn.edu,Male,80.156.252.117
307,Westley,Kreutzer,wkreutzer8i@europa.eu,Male,196.164.28.159
308,Ashien,Prestney,aprestney8j@clickbank.net,Female,158.131.180.98
309,Josee,Cattel,jcattel8k@yale.edu,Female,254.87.201.21
310,Alix,Falla,afalla8l@cbslocal.com,Male,157.165.43.18
311,Tessie,MacHoste,tmachoste8m@mlb.com,Female,27.121.153.191
312,Anica,Delhay,adelhay8n@privacy.gov.au,Female,56.199.10.114
313,Claiborn,McNeillie,cmcneillie8o@usatoday.com,Male,247.113.61.218
314,Ekaterina,Spillard,espillard8p@sitemeter.com,Female,97.240.246.78
315,Rex,Graeme,rgraeme8q@washington.edu,Male,202.22.26.5
316,Darryl,Blaske,dblaske8r@freewebs.com,Male,7.252.108.12
317,Joshuah,Flook,jflook8s@cornell.edu,Male,238.81.184.2
318,Kessiah,Coldbath,kcoldbath8t@cdc.gov,Female,200.28.165.56
319,Christan,Flaxman,cflaxman8u@creativecommons.org,Female,237.208.13.180
320,Chelsie,Diament,cdiament8v@sbwire.com,Genderqueer,246.106.238.74
321,Shelba,Ollive,sollive8w@wired.com,Female,78.67.99.43
322,Lexis,Gerrit,lgerrit8x@marriott.com,Female,62.254.68.114
323,Nessi,Williamson,nwilliamson8y@yahoo.com,Female,181.71.198.107
324,Gawain,Ravel,gravel8z@arstechnica.com,Male,12.243.157.44
325,Julio,Venn,jvenn90@amazon.de,Bigender,123.231.193.117
326,Alisander,Winnard,awinnard91@fastcompany.com,Male,172.160.6.136
327,Doti,Goeff,dgoeff92@flickr.com,Female,79.134.82.152
328,Ileane,Ribeiro,iribeiro93@blogtalkradio.com,Female,237.18.127.0
329,Aloise,Skaif,askaif94@php.net,Female,24.178.209.99
330,Bronson,Sweetman,bsweetman95@linkedin.com,Male,203.108.10.167
331,Edi,Vitler,evitler96@paypal.com,Genderfluid,65.60.235.185
332,Melva,Preble,mpreble97@psu.edu,Female,19.9.182.252
333,Letitia,Abramamov,labramamov98@theatlantic.com,Female,20.156.57.92
334,Emmery,Spires,espires99@oaic.gov.au,Male,109.90.65.150
335,Madeline,Screaton,mscreaton9a@ted.com,Female,139.63.143.232
336,Kym,Hamflett,khamflett9b@amazon.de,Female,43.233.22.42
337,Jacquenetta,Fadian,jfadian9c@surveymonkey.com,Female,181.7.176.222
338,Eldon,Moret,emoret9d@rambler.ru,Male,213.166.129.1
339,Flint,Mishow,fmishow9e@hibu.com,Male,111.77.156.90
340,Vida,Torbeck,vtorbeck9f@independent.co.uk,Female,120.221.227.200
341,Felice,Yo,fyo9g@nhs.uk,Male,159.29.153.74
342,Sarah,Krook,skrook9h@wikispaces.com,Female,29.0.153.15
343,Godiva,Kanter,gkanter9i@csmonitor.com,Female,221.84.190.238
344,Taylor,Arkin,tarkin9j@google.it,Male,47.105.220.247
345,Inigo,Jeandon,ijeandon9k@shop-pro.jp,Male,72.6.15.255
346,Lucilia,Gauch,lgauch9l@ezinearticles.com,Female,86.144.253.203
347,Imojean,Arnaud,iarnaud9m@accuweather.com,Female,67.243.212.170
348,Udale,Gurnell,ugurnell9n@gravatar.com,Male,169.103.3.11
349,Maxi,Guy,mguy9o@npr.org,Female,98.184.123.153
350,Barry,Manby,bmanby9p@infoseek.co.jp,Male,8.99.55.126
351,Sallyann,Hache,shache9q@ted.com,Female,38.62.143.169
352,Symon,Frankiewicz,sfrankiewicz9r@apache.org,Male,170.18.239.145
353,Amery,Culverhouse,aculverhouse9s@1688.com,Male,12.72.148.1
354,Audie,Hellikes,ahellikes9t@sakura.ne.jp,Female,194.221.206.228
355,Sephira,Hallyburton,shallyburton9u@parallels.com,Female,146.22.107.166
356,Carlina,D'Emanuele,cdemanuele9v@sciencedaily.com,Female,46.143.107.157
357,Sophia,Henrie,shenrie9w@youku.com,Female,2.49.1.213
358,Puff,McComas,pmccomas9x@globo.com,Male,2.180.85.124
359,Brennen,Pressman,bpressman9y@twitpic.com,Male,176.208.118.170
360,Martina,Skaife d'Ingerthorpe,mskaifedingerthorpe9z@paginegialle.it,Female,159.64.67.134
361,Coletta,MacDonough,cmacdonougha0@nymag.com,Female,102.95.107.123
362,Rona,Wilcher,rwilchera1@google.co.uk,Female,47.16.141.88
363,Charlean,De Cleen,cdecleena2@sciencedaily.com,Female,232.189.35.151
364,Harli,Bernuzzi,hbernuzzia3@engadget.com,Female,147.45.47.187
365,Hoebart,Carmichael,hcarmichaela4@admin.ch,Bigender,251.211.217.151
366,Gillan,Gatrill,ggatrilla5@nydailynews.com,Female,118.52.85.225
367,Elli,Marques,emarquesa6@cyberchimps.com,Female,20.180.124.108
368,Joscelin,Gynni,jgynnia7@wired.com,Female,147.167.153.17
369,Elliot,Fogden,efogdena8@elegantthemes.com,Male,52.227.104.172
370,Renard,Scales,rscalesa9@prweb.com,Male,239.131.49.199
371,Benjy,Shieldon,bshieldonaa@time.com,Male,180.229.71.230
372,Eddy,Stammers,estammersab@va.gov,Female,57.184.201.55
373,Cordelia,Beddon,cbeddonac@acquirethisname.com,Female,54.76.252.57
374,Kiersten,Joanaud,kjoanaudad@usnews.com,Non-binary,108.70.17.2
375,Mike,Mackilpatrick,mmackilpatrickae@arstechnica.com,Male,112.105.127.103
376,Ambrosio,Rosenfield,arosenfieldaf@ox.ac.uk,Male,43.69.134.45
377,Perrine,Follen,pfollenag@hhs.gov,Female,213.203.85.101
378,Kiley,Lavrinov,klavrinovah@apple.com,Bigender,134.66.242.47
379,Esra,Stealey,estealeyai@bing.com,Male,23.236.9.197
380,Gavrielle,Frankland,gfranklandaj@1688.com,Female,125.43.218.208
381,Jerome,Gottschalk,jgottschalkak@dedecms.com,Male,199.233.90.220
382,Gill,Morecomb,gmorecombal@jimdo.com,Male,219.95.151.5
383,Peg,Romme,prommeam@parallels.com,Genderqueer,28.226.215.132
384,Alexandros,Burren,aburrenan@wordpress.com,Male,222.124.207.103
385,Virginia,Grenter,vgrenterao@bbb.org,Female,122.111.98.14
386,Donal,Fulcher,dfulcherap@mail.ru,Male,208.35.84.247
387,Ameline,Domnin,adomninaq@google.com.br,Female,146.134.89.172
388,Giacopo,Foottit,gfoottitar@ucla.edu,Male,157.107.230.65
389,Jeri,Scriver,jscriveras@mapquest.com,Female,229.2.78.154
390,Thomas,Odhams,todhamsat@cafepress.com,Male,113.68.127.35
391,Brose,Thorby,bthorbyau@com.com,Male,228.95.160.179
392,Wolfgang,Legate,wlegateav@vimeo.com,Male,4.133.229.205
393,Clotilda,Mallard,cmallardaw@fda.gov,Female,53.23.157.214
394,Bessy,Dewi,bdewiax@ted.com,Female,70.6.69.181
395,Alfons,Lewson,alewsonay@columbia.edu,Male,136.252.156.48
396,John,Garnsworthy,jgarnsworthyaz@blinklist.com,Male,41.228.81.63
397,Timothy,Crowcroft,tcrowcroftb0@printfriendly.com,Male,129.191.238.66
398,Gabi,Antognelli,gantognellib1@feedburner.com,Male,69.106.48.192
399,Noah,Frawley,nfrawleyb2@reverbnation.com,Male,113.174.177.139
400,Chicky,Kunat,ckunatb3@unicef.org,Female,235.218.241.126
401,Willi,Burdfield,wburdfieldb4@last.fm,Male,130.210.57.7
402,Karlie,Macallam,kmacallamb5@harvard.edu,Female,23.125.130.237
403,Gardie,Pattrick,gpattrickb6@bloglovin.com,Male,184.217.164.56
404,Padraig,Posthill,pposthillb7@ning.com,Male,83.250.163.106
405,Samuel,Giacomuzzi,sgiacomuzzib8@canalblog.com,Male,34.237.198.223
406,Weidar,Gyves,wgyvesb9@usa.gov,Polygender,98.134.243.59
407,Annalise,Coulthard,acoulthardba@about.com,Female,86.57.25.182
408,Naomi,Messingham,nmessinghambb@alibaba.com,Female,252.186.122.215
409,Aguste,Lutton,aluttonbc@uiuc.edu,Male,238.188.75.251
410,Flin,Denslow,fdenslowbd@tinyurl.com,Male,58.109.229.112
411,Chantal,Guise,cguisebe@istockphoto.com,Female,143.240.222.192
412,Charla,Frangleton,cfrangletonbf@bloomberg.com,Female,78.132.15.249
413,Kaitlyn,Tinan,ktinanbg@squidoo.com,Female,199.123.113.4
414,Magdalene,Kneafsey,mkneafseybh@feedburner.com,Female,91.180.157.132
415,Dougie,Falcus,dfalcusbi@tinyurl.com,Male,246.52.97.232
416,Carissa,Cullity,ccullitybj@mediafire.com,Female,52.211.28.5
417,Rickey,Watsham,rwatshambk@tinyurl.com,Male,172.118.99.14
418,Willey,Pobjoy,wpobjoybl@google.co.uk,Male,140.191.170.225
419,Tadeas,Guidoni,tguidonibm@dedecms.com,Genderfluid,112.131.133.100
420,Ogdon,Mayell,omayellbn@miitbeian.gov.cn,Male,185.117.6.227
421,Micky,Roman,mromanbo@wordpress.org,Male,232.3.58.215
422,Jenilee,Loadwick,jloadwickbp@shutterfly.com,Non-binary,121.202.180.16
423,Rodney,Lopez,rlopezbq@nsw.gov.au,Agender,60.136.136.144
424,Dorotea,Casellas,dcasellasbr@histats.com,Female,182.82.156.211
425,Judith,Rutherfoord,jrutherfoordbs@ihg.com,Polygender,111.144.163.144
426,Russ,Noot,rnootbt@google.es,Male,223.102.103.239
427,Edd,Ollet,eolletbu@opera.com,Male,43.167.163.188
428,Dania,Woolcocks,dwoolcocksbv@howstuffworks.com,Female,43.132.170.191
429,Hakim,McNamee,hmcnameebw@bbb.org,Male,206.159.227.119
430,Duffy,Brugsma,dbrugsmabx@businessinsider.com,Male,78.134.58.38
431,Arman,Dikels,adikelsby@myspace.com,Male,129.59.15.120
432,Karrie,Vasilyev,kvasilyevbz@last.fm,Female,230.97.117.84
433,Leanna,Carvill,lcarvillc0@skyrock.com,Female,1.7.100.149
434,Mick,Simeone,msimeonec1@economist.com,Male,198.206.238.239
435,Robin,Willoughley,rwilloughleyc2@xinhuanet.com,Female,242.204.228.70
436,Kort,Onians,koniansc3@seesaa.net,Male,162.124.22.25
437,Abbye,Goulder,agoulderc4@guardian.co.uk,Female,40.138.210.60
438,Sadella,Trainer,strainerc5@mail.ru,Female,126.199.198.101
439,Noby,Methven,nmethvenc6@sakura.ne.jp,Male,236.35.126.82
440,Gino,West-Frimley,gwestfrimleyc7@creativecommons.org,Bigender,171.105.92.2
441,Ellery,Pigden,epigdenc8@shutterfly.com,Male,9.186.200.241
442,Dara,Widdowfield,dwiddowfieldc9@dyndns.org,Female,41.19.82.225
443,Burr,Ward,bwardca@t.co,Male,51.20.195.180
444,Warde,Kincla,wkinclacb@reference.com,Male,26.169.238.85
445,Albie,Robrow,arobrowcc@huffingtonpost.com,Male,135.24.118.93
446,Carly,Krzyzowski,ckrzyzowskicd@buzzfeed.com,Female,215.93.30.231
447,Lauritz,Beaven,lbeavence@t.co,Male,148.93.241.39
448,Rodolfo,Prue,rpruecf@symantec.com,Male,160.219.20.122
449,Crysta,Upton,cuptoncg@gizmodo.com,Female,144.158.106.221
450,Ellary,Woodson,ewoodsonch@nsw.gov.au,Male,194.228.215.46
451,Lolita,Tooher,ltooherci@state.tx.us,Genderfluid,212.153.228.6
452,Larisa,McCullen,lmccullencj@earthlink.net,Female,163.253.19.32
453,Grantley,Puzey,gpuzeyck@imgur.com,Male,20.62.122.136
454,Cornela,Capner,ccapnercl@nature.com,Female,170.81.6.147
455,Milena,Boggish,mboggishcm@miibeian.gov.cn,Female,66.224.60.213
456,Reginald,Littleproud,rlittleproudcn@webeden.co.uk,Male,55.165.192.213
457,Derby,Farmloe,dfarmloeco@forbes.com,Male,127.86.113.73
458,Kimbra,Chambers,kchamberscp@google.cn,Female,70.155.119.181
459,Adelina,Addey,aaddeycq@usgs.gov,Genderqueer,178.254.175.124
460,Christiana,Baigrie,cbaigriecr@bloomberg.com,Genderqueer,77.163.64.109
461,Wilhelm,Tartt,wtarttcs@abc.net.au,Male,102.7.22.57
462,Natala,Phippin,nphippinct@vinaora.com,Female,81.109.176.211
463,Henri,Sandiland,hsandilandcu@xinhuanet.com,Male,81.206.62.164
464,Timothy,Ridsdale,tridsdalecv@irs.gov,Agender,197.160.33.105
465,Phillie,Wabey,pwabeycw@spiegel.de,Female,199.217.225.226
466,Truman,Duligal,tduligalcx@godaddy.com,Male,177.136.46.76
467,Shanna,Widger,swidgercy@topsy.com,Female,229.244.92.89
468,Riley,Bodill,rbodillcz@cbslocal.com,Male,142.15.237.94
469,Veronike,Oldacres,voldacresd0@51.la,Female,211.228.110.171
470,Hadria,Forsdicke,hforsdicked1@delicious.com,Female,104.15.85.199
471,Waite,Pountney,wpountneyd2@epa.gov,Male,118.207.14.58
472,Verla,Ferrandez,vferrandezd3@google.com.br,Female,78.233.94.147
473,Yorke,Fleeman,yfleemand4@mediafire.com,Male,33.175.156.110
474,Editha,Warrick,ewarrickd5@storify.com,Female,105.111.62.246
475,Toiboid,Troake,ttroaked6@yandex.ru,Male,220.7.130.241
476,Franky,Smithin,fsmithind7@rambler.ru,Male,140.161.102.69
477,Sheridan,Risdale,srisdaled8@live.com,Male,0.34.220.42
478,Wilfred,Doret,wdoretd9@vinaora.com,Genderfluid,84.5.138.112
479,Alister,Henke,ahenkeda@mit.edu,Male,189.3.228.203
480,Tobye,Okenfold,tokenfolddb@photobucket.com,Female,46.52.150.25
481,Elmer,Hehir,ehehirdc@princeton.edu,Male,224.112.3.34
482,Gabriello,Carette,gcarettedd@uol.com.br,Genderfluid,29.114.249.243
483,Sarette,Vaillant,svaillantde@ow.ly,Female,207.167.207.18
484,Evan,Rosterne,erosternedf@parallels.com,Male,228.244.86.1
485,Silas,Volonte,svolontedg@columbia.edu,Male,218.169.245.162
486,Nevin,Dallan,ndallandh@cam.ac.uk,Male,249.183.57.206
487,Holden,Millsom,hmillsomdi@mail.ru,Male,29.25.151.206
488,Fax,Tomasutti,ftomasuttidj@amazon.co.uk,Male,38.40.143.89
489,Tito,Brader,tbraderdk@a8.net,Male,227.88.67.149
490,Belia,Haimes,bhaimesdl@ebay.com,Female,113.46.35.249
491,Denys,Attwell,dattwelldm@de.vu,Female,133.9.24.213
492,Stevena,Routham,srouthamdn@google.ru,Female,210.139.84.206
493,Ambrosio,Buckthorpe,abuckthorpedo@amazon.de,Genderfluid,178.216.209.192
494,Olvan,Spadollini,ospadollinidp@miitbeian.gov.cn,Male,244.191.82.77
495,Lexie,Cuerdale,lcuerdaledq@accuweather.com,Female,196.213.254.194
496,Rowena,Cullington,rcullingtondr@imageshack.us,Female,116.220.23.94
497,Abram,Murty,amurtyds@networksolutions.com,Male,194.224.192.141
498,Ermanno,Klimushev,eklimushevdt@elpais.com,Male,73.114.234.46
499,Orson,Hinckesman,ohinckesmandu@t-online.de,Male,22.191.167.120
500,Pren,Forth,pforthdv@sciencedirect.com,Male,136.199.15.85
501,Ephrayim,Curneen,ecurneendw@bbc.co.uk,Male,250.105.40.166
502,Morissa,Martt,mmarttdx@posterous.com,Female,71.63.132.248
503,Oliver,Nuzzi,onuzzidy@blogs.com,Male,8.225.179.82
504,Carrie,Ellams,cellamsdz@opera.com,Female,50.74.123.213
505,Rudiger,Challenor,rchallenore0@nymag.com,Male,144.41.77.32
506,Lionel,Tackle,ltacklee1@surveymonkey.com,Agender,160.84.133.203
507,Sioux,Heck,shecke2@typepad.com,Female,93.200.41.59
508,Gustavo,Bradder,gbraddere3@auda.org.au,Male,238.244.84.196
509,Reinhard,Wondraschek,rwondrascheke4@stanford.edu,Male,104.253.11.206
510,Ulick,Gaine,ugainee5@com.com,Agender,157.84.38.135
511,Xerxes,Partrick,xpartricke6@scribd.com,Male,27.54.187.0
512,Amye,Hadfield,ahadfielde7@dion.ne.jp,Female,231.78.166.108
513,Roldan,Jeaneau,rjeaneaue8@businessinsider.com,Male,3.38.83.241
514,Bart,Forrestall,bforrestalle9@imdb.com,Genderfluid,126.61.50.111
515,Maggy,Innot,minnotea@sohu.com,Polygender,251.121.64.191
516,Garrek,Ardern,garderneb@bluehost.com,Male,227.235.128.204
517,Josy,Navarijo,jnavarijoec@sfgate.com,Female,246.213.178.122
518,Zorina,Bowfin,zbowfined@wikispaces.com,Female,215.179.224.252
519,Kaela,Alonso,kalonsoee@flavors.me,Female,146.248.6.50
520,Darbee,Mulvaney,dmulvaneyef@eepurl.com,Male,132.49.121.37
521,Nara,Overstreet,noverstreeteg@php.net,Female,216.37.93.3
522,Rory,Bullimore,rbullimoreeh@cocolog-nifty.com,Male,133.218.118.68
523,Derrek,Moncrefe,dmoncrefeei@miibeian.gov.cn,Male,133.241.201.222
524,Reggi,Welland,rwellandej@sohu.com,Female,201.28.239.154
525,Cherish,Phillott,cphillottek@buzzfeed.com,Female,124.143.133.215
526,Pat,Pont,ppontel@delicious.com,Male,214.243.228.203
527,Thane,Staining,tstainingem@gmpg.org,Male,199.218.150.154
528,Fidelity,Oliffe,foliffeen@imageshack.us,Female,106.222.217.72
529,Barbaraanne,Pickerin,bpickerineo@tripadvisor.com,Female,10.18.18.247
530,Blithe,Hurley,bhurleyep@ocn.ne.jp,Female,168.175.206.246
531,Sheryl,Coche,scocheeq@tamu.edu,Female,142.112.26.103
532,Franz,Dabling,fdablinger@pcworld.com,Male,232.42.8.157
533,Skyler,Gillbard,sgillbardes@toplist.cz,Male,191.70.223.6
534,Bonnee,Sunderland,bsunderlandet@tinyurl.com,Female,87.243.174.119
535,Trumaine,Le Monnier,tlemonniereu@mit.edu,Male,13.90.208.179
536,Debee,Sives,dsivesev@spotify.com,Female,198.196.97.79
537,Heloise,Mossom,hmossomew@ehow.com,Female,226.172.208.229
538,Derk,Sweedy,dsweedyex@oaic.gov.au,Male,251.103.161.227
539,Marsh,Batterbee,mbatterbeeey@opensource.org,Male,219.125.36.157
540,Madella,Trayes,mtrayesez@mapquest.com,Polygender,16.36.154.81
541,Diann,Nalder,dnalderf0@vk.com,Female,187.129.115.178
542,Sue,Studde,sstuddef1@ameblo.jp,Female,16.19.153.29
543,Mara,Eve,mevef2@state.tx.us,Female,31.158.168.161
544,Lombard,Siddens,lsiddensf3@example.com,Male,69.219.39.144
545,Kesley,Eyden,keydenf4@whitehouse.gov,Female,225.77.138.252
546,Cherise,Lampard,clampardf5@theglobeandmail.com,Female,238.153.38.147
547,Cyrille,Mowsdale,cmowsdalef6@abc.net.au,Male,151.159.115.191
548,Myrle,Linkleter,mlinkleterf7@arizona.edu,Female,101.88.47.38
549,Arnie,Bramsom,abramsomf8@time.com,Male,252.214.182.204
550,Dewey,Dilston,ddilstonf9@telegraph.co.uk,Male,111.125.202.194
551,Miran,Oldmeadow,moldmeadowfa@sbwire.com,Bigender,246.81.133.144
552,Bride,Cattrell,bcattrellfb@domainmarket.com,Female,120.187.237.251
553,Westbrook,Gelsthorpe,wgelsthorpefc@netlog.com,Male,77.57.50.152
554,Rikki,Rowthorn,rrowthornfd@blog.com,Female,41.103.122.171
555,Dougy,Fritche,dfritchefe@tinyurl.com,Male,97.206.141.175
556,Tremaine,Coombes,tcoombesff@booking.com,Male,249.25.68.166
557,Estelle,Baldcock,ebaldcockfg@friendfeed.com,Female,136.64.86.88
558,Markus,Standon,mstandonfh@sina.com.cn,Male,81.192.235.129
559,Marcile,Tither,mtitherfi@gnu.org,Female,88.41.156.238
560,Wilona,Bullick,wbullickfj@mapy.cz,Female,195.129.253.76
561,Lanie,Saill,lsaillfk@xing.com,Male,95.196.227.254
562,Ransell,Tacon,rtaconfl@tripod.com,Male,206.26.89.236
563,Augustine,Lutsch,alutschfm@google.com.br,Female,176.61.121.219
564,Baxy,Blankenship,bblankenshipfn@salon.com,Male,139.111.178.205
565,Marchelle,Stanman,mstanmanfo@so-net.ne.jp,Agender,231.44.207.213
566,Bettina,Graeser,bgraeserfp@webmd.com,Female,106.154.22.214
567,Sidonia,Hendrikse,shendriksefq@woothemes.com,Female,88.195.96.76
568,Jeanelle,Bellanger,jbellangerfr@ft.com,Genderqueer,150.43.66.115
569,Gael,Blanpein,gblanpeinfs@bandcamp.com,Female,73.4.205.97
570,Glynda,McDaid,gmcdaidft@icq.com,Female,217.9.50.215
571,Darleen,Grindley,dgrindleyfu@discuz.net,Female,110.208.193.185
572,Joni,Knutsen,jknutsenfv@canalblog.com,Female,48.210.156.170
573,Jolynn,Baudic,jbaudicfw@e-recht24.de,Female,131.213.138.220
574,Shelby,Oldcroft,soldcroftfx@statcounter.com,Male,29.146.131.84
575,Florentia,Dosedale,fdosedalefy@example.com,Non-binary,144.94.250.55
576,Kamilah,Lynnitt,klynnittfz@pagesperso-orange.fr,Female,203.188.31.249
577,Vilhelmina,Stovine,vstovineg0@guardian.co.uk,Female,159.246.83.186
578,Odo,Leasor,oleasorg1@mapy.cz,Male,42.172.6.217
579,Gil,McIndrew,gmcindrewg2@vinaora.com,Male,17.21.253.51
580,Derk,Canti,dcantig3@columbia.edu,Male,253.21.146.180
581,Eddie,Kennet,ekennetg4@biglobe.ne.jp,Male,27.117.14.254
582,Andrew,Caven,acaveng5@odnoklassniki.ru,Male,102.12.17.35
583,Jaime,Joskovitch,jjoskovitchg6@livejournal.com,Male,44.72.69.242
584,Kristo,Larwood,klarwoodg7@sbwire.com,Male,96.181.245.117
585,Barb,Hanalan,bhanalang8@oracle.com,Non-binary,4.24.32.10
586,Kelcey,Seaward,kseawardg9@cdbaby.com,Agender,157.6.54.158
587,Carroll,Tilby,ctilbyga@ovh.net,Female,23.180.154.225
588,Eugenia,Maasz,emaaszgb@reuters.com,Female,135.37.143.222
589,Humfrid,Nuth,hnuthgc@google.fr,Male,17.154.163.217
590,Dorrie,Olorenshaw,dolorenshawgd@wisc.edu,Bigender,235.26.212.35
591,Etheline,Clemetts,eclemettsge@mit.edu,Female,255.7.19.169
592,Chucho,Giller,cgillergf@studiopress.com,Male,1.126.127.217
593,Waneta,Josefowicz,wjosefowiczgg@plala.or.jp,Female,233.5.90.110
594,Melinde,Powney,mpowneygh@last.fm,Female,18.198.26.25
595,Remus,Blase,rblasegi@qq.com,Male,96.173.201.241
596,Licha,Trace,ltracegj@trellian.com,Female,144.98.251.96
597,Lodovico,Garstang,lgarstanggk@globo.com,Male,19.32.189.210
598,Carmelia,Vogelein,cvogeleingl@ow.ly,Female,120.139.86.227
599,Tersina,Antony,tantonygm@cbslocal.com,Female,53.33.113.18
600,Elie,Rees,ereesgn@bloglines.com,Female,223.68.3.2
601,Ansley,Noblett,anoblettgo@webnode.com,Female,130.179.110.156
602,Talya,Maggi,tmaggigp@reference.com,Female,33.85.23.24
603,Jeannette,Bree,jbreegq@foxnews.com,Female,247.216.95.136
604,Frants,Padson,fpadsongr@live.com,Male,199.123.160.159
605,Kelcy,Greening,kgreeninggs@google.ru,Female,232.53.233.235
606,Arluene,MacSkeaghan,amacskeaghangt@nsw.gov.au,Female,2.107.127.217
607,Adella,Yegorovnin,ayegorovningu@artisteer.com,Female,150.251.150.76
608,Fletcher,Kachel,fkachelgv@jiathis.com,Male,124.15.61.170
609,Haskell,Goundsy,hgoundsygw@pinterest.com,Male,239.243.204.226
610,Vita,Camplejohn,vcamplejohngx@webmd.com,Female,144.118.200.240
611,Jody,Cheek,jcheekgy@domainmarket.com,Female,157.115.109.158
612,Darwin,Abercrombie,dabercrombiegz@macromedia.com,Male,146.41.23.158
613,Janenna,MacCleod,jmaccleodh0@admin.ch,Female,126.186.250.99
614,Manda,Aksell,maksellh1@paginegialle.it,Female,107.124.10.210
615,Meyer,Jirus,mjirush2@skype.com,Male,195.173.227.141
616,Kristi,McIsaac,kmcisaach3@amazon.de,Female,2.165.27.109
617,Jobie,Playfair,jplayfairh4@unicef.org,Female,23.211.23.141
618,Merwin,de Chastelain,mdechastelainh5@sina.com.cn,Male,57.186.184.57
619,Sarajane,Mates,smatesh6@thetimes.co.uk,Female,65.20.193.75
620,Shawn,Methuen,smethuenh7@barnesandnoble.com,Male,179.197.50.139
621,Eydie,Ferrario,eferrarioh8@ustream.tv,Female,224.167.4.61
622,Uta,Davidovici,udavidovicih9@odnoklassniki.ru,Female,195.89.237.99
623,Kayley,Calow,kcalowha@weibo.com,Female,229.102.128.180
624,Caldwell,Elsey,celseyhb@npr.org,Male,164.11.6.156
625,Allx,Tideswell,atideswellhc@blog.com,Female,117.197.16.51
626,Noami,Widdup,nwidduphd@ed.gov,Female,9.115.236.21
627,Shawnee,Doghartie,sdoghartiehe@si.edu,Female,176.219.194.29
628,Tynan,Lere,tlerehf@facebook.com,Male,35.122.23.161
629,Lonee,Matthews,lmatthewshg@deviantart.com,Female,208.116.211.242
630,Jsandye,Eouzan,jeouzanhh@google.co.jp,Female,194.111.157.98
631,Annnora,Moody,amoodyhi@discuz.net,Female,61.205.45.57
632,Nial,Hestrop,nhestrophj@storify.com,Male,229.41.50.49
633,Merline,Danilchev,mdanilchevhk@nps.gov,Female,147.210.12.43
634,Oralie,Carluccio,ocarlucciohl@sbwire.com,Female,101.51.251.39
635,Mendy,Billingsley,mbillingsleyhm@last.fm,Male,78.44.41.10
636,Daryn,Bwye,dbwyehn@paginegialle.it,Female,172.214.78.216
637,Onfre,Duffree,oduffreeho@dailymail.co.uk,Male,135.17.254.113
638,Mordy,Dilley,mdilleyhp@sfgate.com,Male,223.181.42.36
639,Glyn,Mancktelow,gmancktelowhq@rambler.ru,Male,96.141.138.43
640,Sharia,Matten,smattenhr@ucoz.ru,Female,222.241.184.201
641,Agnola,Godbert,agodberths@engadget.com,Female,71.93.187.100
642,Tanney,Riddeough,triddeoughht@tuttocitta.it,Male,51.96.253.168
643,Phedra,Cayet,pcayethu@youku.com,Female,132.4.15.141
644,Ellery,Finan,efinanhv@spiegel.de,Male,2.228.129.129
645,Jay,Varnals,jvarnalshw@aol.com,Male,141.121.91.222
646,Cesare,Jirak,cjirakhx@geocities.com,Male,132.28.125.187
647,Crichton,Derrett,cderretthy@google.ru,Male,25.2.254.186
648,Shoshanna,Relton,sreltonhz@dion.ne.jp,Female,231.100.110.7
649,Xerxes,Skerman,xskermani0@ycombinator.com,Male,65.213.73.253
650,Meryl,Coy,mcoyi1@independent.co.uk,Male,6.91.98.16
651,Chrissie,Gerbl,cgerbli2@opensource.org,Male,240.62.207.77
652,Cosette,Todari,ctodarii3@ftc.gov,Female,185.253.144.67
653,Maynord,Redd,mreddi4@pinterest.com,Male,241.107.40.187
654,Friedrich,Soars,fsoarsi5@barnesandnoble.com,Male,234.206.246.12
655,Ambrose,Fittis,afittisi6@pbs.org,Male,41.203.209.210
656,Ardath,Sacher,asacheri7@edublogs.org,Female,113.84.124.62
657,Neala,Farey,nfareyi8@webmd.com,Female,126.18.4.254
658,Simone,Pullan,spullani9@biglobe.ne.jp,Male,222.110.170.187
659,Isidora,Casari,icasariia@epa.gov,Genderqueer,161.191.142.68
660,Julee,Crosbie,jcrosbieib@ifeng.com,Female,249.32.8.174
661,Ainslee,Chazette,achazetteic@hatena.ne.jp,Female,92.186.76.252
662,Ivy,Collingham,icollinghamid@cisco.com,Agender,116.24.101.102
663,Foster,Jeune,fjeuneie@vk.com,Male,80.222.91.184
664,Cleve,Cullum,ccullumif@usnews.com,Male,202.153.143.128
665,Anna,Driffill,adriffillig@blog.com,Female,163.95.28.69
666,Husein,Mobbs,hmobbsih@statcounter.com,Male,255.33.75.91
667,Cari,Blight,cblightii@jalbum.net,Female,46.239.139.45
668,Petronella,MacTague,pmactagueij@bigcartel.com,Female,189.104.104.214
669,Heinrik,Waghorne,hwaghorneik@scribd.com,Male,100.126.61.254
670,Fan,Jordanson,fjordansonil@theguardian.com,Bigender,31.137.33.234
671,Mart,Cheak,mcheakim@sitemeter.com,Male,223.175.247.47
672,Wendie,Sterte,wstertein@e-recht24.de,Female,220.147.65.143
673,Gregorio,Dymidowicz,gdymidowiczio@cornell.edu,Male,65.145.121.177
674,Cammy,Joskovitch,cjoskovitchip@fda.gov,Male,205.96.242.75
675,Ariella,Moule,amouleiq@printfriendly.com,Female,161.217.236.7
676,Edlin,Boyett,eboyettir@google.com.hk,Male,51.39.67.132
677,Cory,Vears,cvearsis@japanpost.jp,Female,239.153.170.59
678,Jaye,Lambell,jlambellit@odnoklassniki.ru,Male,155.78.197.41
679,Avis,Heijnen,aheijneniu@g.co,Female,116.145.251.91
680,Micki,Viccary,mviccaryiv@archive.org,Female,129.248.151.142
681,Wilone,Bedingfield,wbedingfieldiw@free.fr,Female,158.240.170.176
682,Sherye,Papps,spappsix@gravatar.com,Female,250.171.121.36
683,Seward,Crone,scroneiy@dropbox.com,Male,190.129.75.112
684,Page,Paver,ppaveriz@dell.com,Male,68.145.167.91
685,Ruben,Largen,rlargenj0@latimes.com,Male,211.175.167.117
686,Antone,Olliver,aolliverj1@usda.gov,Male,206.11.76.77
687,Celka,Carney,ccarneyj2@google.co.jp,Female,142.219.9.93
688,Salvatore,Ridgers,sridgersj3@usnews.com,Male,55.198.42.133
689,Micki,Sorro,msorroj4@ocn.ne.jp,Female,93.196.123.244
690,Stefano,Jinda,sjindaj5@arstechnica.com,Male,144.60.130.185
691,Antonius,Heynel,aheynelj6@fc2.com,Genderqueer,115.126.199.177
692,Lon,Adicot,ladicotj7@lulu.com,Male,226.19.203.99
693,Chip,Minors,cminorsj8@blogtalkradio.com,Male,208.220.232.83
694,Theo,Bolton,tboltonj9@prnewswire.com,Male,50.225.90.130
695,Gaby,Gooda,ggoodaja@php.net,Male,100.226.25.93
696,Rex,Quarlis,rquarlisjb@soundcloud.com,Male,98.87.188.198
697,Cosetta,Sheardown,csheardownjc@spiegel.de,Female,151.84.133.175
698,Avis,Gibard,agibardjd@fotki.com,Female,203.5.85.111
699,Thomas,Saben,tsabenje@netlog.com,Male,98.120.158.62
700,Melitta,Weddeburn,mweddeburnjf@jigsy.com,Female,22.168.100.253
701,Con,Grodden,cgroddenjg@free.fr,Female,215.80.151.120
702,Raymond,Sallan,rsallanjh@amazon.co.uk,Male,175.55.22.135
703,Stefania,Piper,spiperji@cisco.com,Female,249.135.64.23
704,Melania,Le feaver,mlefeaverjj@weather.com,Genderqueer,104.154.223.165
705,Gardie,Brave,gbravejk@mozilla.org,Male,161.66.30.73
706,Frankie,Mahmood,fmahmoodjl@bloomberg.com,Male,94.18.222.201
707,Sonni,Bletcher,sbletcherjm@cargocollective.com,Female,228.17.15.34
708,Delmor,Currington,dcurringtonjn@squidoo.com,Male,130.87.65.190
709,Jeremie,Redwin,jredwinjo@nih.gov,Male,10.246.154.149
710,Adham,Whitely,awhitelyjp@epa.gov,Male,235.152.167.28
711,Clementine,Traill,ctrailljq@state.tx.us,Female,14.223.211.121
712,Carree,Place,cplacejr@irs.gov,Female,245.145.85.149
713,Brandais,Keson,bkesonjs@mozilla.org,Female,205.207.145.246
714,Ruth,Scurrell,rscurrelljt@va.gov,Female,165.77.88.237
715,Kat,Mimmack,kmimmackju@acquirethisname.com,Female,13.85.10.39
716,Freddi,Skehens,fskehensjv@harvard.edu,Female,56.185.152.126
717,Tracey,Olford,tolfordjw@gov.uk,Polygender,2.172.180.223
718,Kit,Menguy,kmenguyjx@wikispaces.com,Female,218.63.65.107
719,Myrah,Frostdick,mfrostdickjy@tamu.edu,Female,37.229.202.222
720,Regine,Peverell,rpeverelljz@ask.com,Female,0.124.145.239
721,Peder,Filmer,pfilmerk0@people.com.cn,Male,86.250.236.41
722,Tally,Aldwich,taldwichk1@bloglines.com,Female,23.88.103.236
723,Nero,Klarzynski,nklarzynskik2@census.gov,Male,235.182.102.77
724,Ethelbert,Dundridge,edundridgek3@github.io,Male,46.151.6.123
725,Jens,Clavering,jclaveringk4@sciencedaily.com,Male,177.250.143.207
726,Dodi,Teck,dteckk5@cnbc.com,Female,115.55.210.122
727,Patty,McDermid,pmcdermidk6@discuz.net,Genderqueer,36.75.235.58
728,Brittan,Clowser,bclowserk7@home.pl,Female,168.242.235.195
729,Dawna,Penvarden,dpenvardenk8@altervista.org,Female,211.136.113.219
730,Sarene,Kennally,skennallyk9@tamu.edu,Female,197.229.25.55
731,Jenilee,Nice,jniceka@blogger.com,Female,64.220.216.119
732,Milicent,Voyce,mvoycekb@issuu.com,Female,104.39.171.188
733,Timothea,Rawls,trawlskc@upenn.edu,Female,137.192.179.139
734,Tarrance,Salsberg,tsalsbergkd@nifty.com,Male,237.55.178.48
735,Iggie,Velden,iveldenke@noaa.gov,Male,43.152.214.44
736,Dermot,Fearnehough,dfearnehoughkf@ucla.edu,Male,210.125.174.100
737,Rollin,Slaughter,rslaughterkg@microsoft.com,Male,208.201.94.39
738,Terza,Checchi,tchecchikh@trellian.com,Female,116.23.18.223
739,Vincenty,Edward,vedwardki@gov.uk,Male,229.157.99.52
740,Brigit,Grotty,bgrottykj@mapy.cz,Female,225.184.32.234
741,D'arcy,Ditchett,dditchettkk@mapy.cz,Male,231.194.230.30
742,Elizabeth,Kunisch,ekunischkl@thetimes.co.uk,Female,139.208.186.213
743,Jazmin,Ferencz,jferenczkm@cocolog-nifty.com,Female,222.141.176.40
744,Gustavus,Atwell,gatwellkn@apache.org,Male,113.70.84.252
745,Jessy,Tenbrug,jtenbrugko@intel.com,Female,255.56.122.51
746,Jervis,Ewens,jewenskp@soundcloud.com,Male,149.252.6.244
747,Eolanda,D'Almeida,edalmeidakq@free.fr,Female,151.188.88.23
748,Flynn,Shirtliff,fshirtliffkr@example.com,Male,95.68.121.163
749,Bird,Behnke,bbehnkeks@furl.net,Female,98.187.93.244
750,Essa,Gretham,egrethamkt@state.gov,Female,132.16.118.78
751,Torr,Loveguard,tloveguardku@marketwatch.com,Male,200.161.117.118
752,Giacomo,Letson,gletsonkv@vistaprint.com,Male,150.139.34.65
753,Boothe,Melbert,bmelbertkw@gmpg.org,Male,183.7.151.163
754,Hamil,Larenson,hlarensonkx@chronoengine.com,Male,4.64.101.109
755,Blythe,Gummory,bgummoryky@hao123.com,Female,25.71.187.214
756,Enrique,Drife,edrifekz@cafepress.com,Male,86.224.59.10
757,Terrence,Cathrae,tcathrael0@rambler.ru,Male,184.196.158.3
758,Calypso,Venable,cvenablel1@gmpg.org,Female,70.217.63.72
759,Gordy,Crisall,gcrisalll2@a8.net,Male,9.173.174.19
760,Nicolai,Iston,nistonl3@about.me,Male,29.232.211.41
761,Stefano,Simonsen,ssimonsenl4@apache.org,Male,176.106.9.34
762,Aldridge,Stellino,astellinol5@naver.com,Male,65.182.205.240
763,Paige,Wheelband,pwheelbandl6@csmonitor.com,Male,72.5.226.207
764,Alexander,Needs,aneedsl7@cpanel.net,Male,249.129.96.49
765,Ladonna,MacKessock,lmackessockl8@marketwatch.com,Female,50.188.46.255
766,Lorianne,Janicek,ljanicekl9@freewebs.com,Female,7.222.57.43
767,Liana,Doag,ldoagla@linkedin.com,Female,61.168.161.69
768,Friedrich,Kernock,fkernocklb@theguardian.com,Male,212.137.90.225
769,Marlene,Franke,mfrankelc@cornell.edu,Female,93.220.209.66
770,Bibby,Burkin,bburkinld@dion.ne.jp,Female,255.171.93.109
771,Bella,Wade,bwadele@columbia.edu,Female,235.5.189.164
772,Anni,Nutten,anuttenlf@dagondesign.com,Female,131.214.194.98
773,Ashlie,Lind,alindlg@jiathis.com,Female,179.47.137.97
774,Wilmar,Scipsey,wscipseylh@ibm.com,Male,190.183.150.252
775,Adamo,Sharma,asharmali@webs.com,Male,71.174.187.209
776,Everett,Wethers,ewetherslj@yahoo.com,Male,235.185.75.62
777,Elysia,Cammell,ecammelllk@fotki.com,Female,183.159.113.31
778,Regan,Coxhead,rcoxheadll@wikimedia.org,Male,53.80.70.40
779,Letizia,Wakeley,lwakeleylm@facebook.com,Female,82.187.97.80
780,Franni,Scorton,fscortonln@harvard.edu,Female,106.151.166.215
781,Yankee,Camilleri,ycamillerilo@artisteer.com,Male,91.33.78.32
782,Theo,Toppin,ttoppinlp@columbia.edu,Female,148.137.107.6
783,Lilah,Curzey,lcurzeylq@digg.com,Female,35.5.130.86
784,Em,Martelet,emarteletlr@mlb.com,Female,152.158.221.152
785,Harp,Cloake,hcloakels@artisteer.com,Male,222.177.52.12
786,Jarrad,Tsarovic,jtsaroviclt@constantcontact.com,Male,196.116.51.118
787,Rubina,Clipson,rclipsonlu@miibeian.gov.cn,Female,63.96.62.255
788,Siusan,Swendell,sswendelllv@bigcartel.com,Female,125.69.108.53
789,Wolf,Noor,wnoorlw@marketwatch.com,Male,134.10.251.65
790,Ronica,Waby,rwabylx@spiegel.de,Female,29.114.190.122
791,Kathye,Dilliway,kdilliwayly@vinaora.com,Female,101.112.244.68
792,Irvin,Gealy,igealylz@trellian.com,Male,188.150.80.204
793,Vita,De la Zenne,vdelazennem0@alibaba.com,Female,192.8.97.149
794,Stinky,Bragge,sbraggem1@issuu.com,Male,19.71.251.108
795,Zonnya,Draude,zdraudem2@newsvine.com,Female,98.8.117.161
796,Rania,Pirie,rpiriem3@nymag.com,Female,17.79.106.104
797,Kelcy,Conman,kconmanm4@bizjournals.com,Female,162.191.23.9
798,Jedd,Duffyn,jduffynm5@yandex.ru,Male,169.91.20.178
799,Ag,Do Rosario,adorosariom6@cnet.com,Female,107.11.177.22
800,Vida,Heisham,vheishamm7@arstechnica.com,Female,125.235.207.108
801,Filia,Gillson,fgillsonm8@cisco.com,Female,16.112.60.68
802,Jere,Buard,jbuardm9@sciencedirect.com,Female,110.101.218.14
803,Finley,Sinderland,fsinderlandma@stumbleupon.com,Male,186.140.33.120
804,Moise,Braime,mbraimemb@dedecms.com,Male,67.24.50.98
805,Julianna,Lodge,jlodgemc@shinystat.com,Female,92.216.239.11
806,Tani,Spikings,tspikingsmd@goodreads.com,Female,172.213.230.222
807,Brigitte,Mathan,bmathanme@ibm.com,Genderfluid,147.203.102.76
808,Stafani,Skipp,sskippmf@cnbc.com,Female,110.80.159.125
809,Tristam,Donativo,tdonativomg@weibo.com,Male,99.9.94.75
810,Meade,Duddy,mduddymh@wisc.edu,Male,68.219.24.30
811,Brooks,Parkins,bparkinsmi@360.cn,Non-binary,22.146.241.50
812,Carie,Dettmar,cdettmarmj@ucoz.ru,Non-binary,74.160.217.19
813,Pernell,McConnulty,pmcconnultymk@merriam-webster.com,Male,235.59.123.152
814,Joya,Ziehms,jziehmsml@feedburner.com,Female,73.192.209.103
815,Emery,Becom,ebecommm@wordpress.com,Male,92.113.20.213
816,Meggie,Calwell,mcalwellmn@nbcnews.com,Non-binary,38.184.120.227
817,Janet,Zieme,jziememo@businesswire.com,Female,252.135.87.124
818,Reilly,Ambrose,rambrosemp@canalblog.com,Male,186.51.52.159
819,Fidela,Cleever,fcleevermq@sogou.com,Non-binary,105.70.87.163
820,Hyatt,Diggin,hdigginmr@wix.com,Male,26.197.0.13
821,Helsa,Kinzel,hkinzelms@slashdot.org,Female,223.30.186.88
822,Forster,Powell,fpowellmt@nih.gov,Male,33.78.189.213
823,Kylen,Ingall,kingallmu@blogs.com,Female,166.14.88.3
824,Niccolo,Kingsman,nkingsmanmv@paypal.com,Male,48.235.56.37
825,Hussein,Mottini,hmottinimw@ebay.co.uk,Male,124.120.25.10
826,Mayne,Airds,mairdsmx@amazon.com,Male,40.28.42.152
827,Weston,Domelow,wdomelowmy@smugmug.com,Male,172.200.77.144
828,Web,Baysting,wbaystingmz@google.cn,Male,56.175.40.196
829,Nerte,Jagels,njagelsn0@google.nl,Female,239.145.98.89
830,Mercy,Friatt,mfriattn1@ow.ly,Female,150.168.81.119
831,Georgette,Weld,gweldn2@craigslist.org,Female,159.232.142.89
832,Ruben,Olechnowicz,rolechnowiczn3@house.gov,Male,15.185.254.33
833,Auberta,Height,aheightn4@scribd.com,Female,165.245.224.143
834,Dolli,Tringham,dtringhamn5@tripadvisor.com,Female,114.146.220.87
835,Bryon,Hans,bhansn6@nytimes.com,Male,114.5.229.119
836,Dominick,Phebey,dphebeyn7@angelfire.com,Genderqueer,111.79.252.73
837,Garrek,Milksop,gmilksopn8@slate.com,Male,220.47.221.17
838,See,Eckh,seckhn9@state.tx.us,Male,72.182.54.95
839,Valli,Pietrzak,vpietrzakna@ftc.gov,Female,88.131.87.213
840,Gabi,Kagan,gkagannb@g.co,Male,34.250.36.139
841,Jobyna,De Blasi,jdeblasinc@cisco.com,Female,162.22.51.39
842,Klement,Deport,kdeportnd@tiny.cc,Male,204.178.236.97
843,Bond,Turbill,bturbillne@wired.com,Male,12.49.161.183
844,Hy,Bage,hbagenf@vk.com,Male,191.98.124.93
845,Aristotle,Raiman,araimanng@tinyurl.com,Male,68.169.245.192
846,Shanda,Bedinn,sbedinnnh@sciencedaily.com,Female,216.107.166.223
847,Joli,Payler,jpaylerni@examiner.com,Non-binary,7.154.60.25
848,Jobey,Fairlem,jfairlemnj@xing.com,Female,68.196.198.103
849,Josi,Anthon,janthonnk@geocities.jp,Female,56.201.248.176
850,Nonie,Linguard,nlinguardnl@ning.com,Female,214.194.146.9
851,Rowney,Dragoe,rdragoenm@sfgate.com,Male,148.2.150.73
852,Constancia,Taree,ctareenn@hatena.ne.jp,Female,117.84.94.98
853,Lenka,Pilley,lpilleyno@sphinn.com,Non-binary,59.16.11.158
854,Sherlock,Drance,sdrancenp@unblog.fr,Male,133.84.87.137
855,Othelia,Wanek,owaneknq@prlog.org,Female,57.96.143.35
856,Kacy,Mackrill,kmackrillnr@amazonaws.com,Female,37.68.250.116
857,Carla,Bateman,cbatemanns@go.com,Female,26.121.64.67
858,Alric,Henrych,ahenrychnt@topsy.com,Genderqueer,142.13.223.33
859,Roi,Luna,rlunanu@who.int,Male,206.2.119.148
860,Gussie,Stringman,gstringmannv@tumblr.com,Female,85.230.208.69
861,Addie,McVicker,amcvickernw@home.pl,Female,72.193.25.1
862,Adriano,Kohrding,akohrdingnx@boston.com,Male,88.95.247.2
863,Jolee,Pont,jpontny@webeden.co.uk,Female,243.45.165.86
864,Tab,McPhelimey,tmcphelimeynz@apache.org,Male,68.210.127.10
865,Joan,Bostock,jbostocko0@purevolume.com,Polygender,135.108.206.97
866,Osmond,Goldie,ogoldieo1@twitpic.com,Male,98.66.137.115
867,Colver,Chitter,cchittero2@sciencedirect.com,Male,241.22.141.104
868,Fayre,Morfey,fmorfeyo3@msu.edu,Agender,233.49.183.192
869,Natty,Stringer,nstringero4@slideshare.net,Male,106.57.213.31
870,Hilliary,Skewes,hskeweso5@jalbum.net,Female,251.147.246.195
871,Jean,MacGrath,jmacgratho6@usa.gov,Male,73.62.253.159
872,Curry,Smith,csmitho7@techcrunch.com,Male,62.92.56.133
873,Tomkin,Giannotti,tgiannottio8@smugmug.com,Male,255.6.85.227
874,Ray,Nisot,rnisoto9@engadget.com,Female,109.21.140.5
875,Jena,Stibbs,jstibbsoa@phpbb.com,Female,200.137.116.227
876,Peggy,Pentlow,ppentlowob@taobao.com,Female,110.171.0.36
877,Sissie,Cazin,scazinoc@spiegel.de,Female,57.212.179.104
878,Silvie,Tittletross,stittletrossod@omniture.com,Female,160.227.128.50
879,Martyn,Kettow,mkettowoe@jalbum.net,Male,255.201.184.247
880,Tybi,Duffan,tduffanof@huffingtonpost.com,Female,122.139.179.39
881,Frank,Percifull,fpercifullog@cbc.ca,Female,253.254.95.235
882,Lilla,Sealeaf,lsealeafoh@amazon.co.uk,Female,252.225.5.243
883,Andeee,Jorioz,ajoriozoi@github.com,Female,158.27.233.188
884,Natassia,Boumphrey,nboumphreyoj@ihg.com,Female,166.17.80.34
885,Jacinta,Roullier,jroullierok@list-manage.com,Female,237.238.195.164
886,Ivonne,Purle,ipurleol@salon.com,Female,12.147.30.231
887,Thacher,Fruish,tfruishom@mayoclinic.com,Male,190.118.171.122
888,Amandy,Hugnet,ahugneton@home.pl,Female,92.50.110.73
889,Lucie,Paffitt,lpaffittoo@last.fm,Female,74.239.187.184
890,Joanne,Book,jbookop@columbia.edu,Genderfluid,100.46.74.128
891,Ralph,Hegerty,rhegertyoq@yandex.ru,Male,81.44.10.142
892,Roze,Attfield,rattfieldor@istockphoto.com,Female,185.69.210.179
893,Carny,Bodocs,cbodocsos@smh.com.au,Male,20.91.76.183
894,Ninnetta,Warboy,nwarboyot@miibeian.gov.cn,Female,37.48.95.118
895,Gothart,Coggles,gcogglesou@zdnet.com,Male,149.179.62.162
896,Tad,Moughton,tmoughtonov@wikispaces.com,Male,221.44.157.122
897,Sully,Mougel,smougelow@time.com,Male,48.98.235.97
898,Evelyn,Kordovani,ekordovaniox@sina.com.cn,Male,140.123.28.81
899,Dona,Vannar,dvannaroy@spotify.com,Female,163.160.75.162
900,Mandi,Ebbutt,mebbuttoz@pinterest.com,Female,75.116.116.193
901,Olin,Caughtry,ocaughtryp0@go.com,Male,226.120.11.197
902,Krishnah,Manolov,kmanolovp1@cdc.gov,Male,37.138.227.222
903,Zachery,Hazeley,zhazeleyp2@google.pl,Agender,135.180.199.218
904,Ben,Pfeiffer,bpfeifferp3@twitter.com,Male,152.113.66.207
905,Stanton,Hatz,shatzp4@scientificamerican.com,Male,251.128.142.59
906,Rand,Beric,rbericp5@state.tx.us,Male,128.76.174.212
907,Chrysler,Roome,croomep6@marketwatch.com,Female,13.198.139.168
908,Ange,Soper,asoperp7@wisc.edu,Male,10.137.186.33
909,Hayden,Bunny,hbunnyp8@soup.io,Male,4.8.191.31
910,Fabio,Iacopo,fiacopop9@samsung.com,Male,18.254.199.141
911,Claudius,Nazer,cnazerpa@wikipedia.org,Male,122.141.23.31
912,Minda,Kener,mkenerpb@soup.io,Female,136.82.184.80
913,Lucie,Samwayes,lsamwayespc@mysql.com,Female,155.195.52.129
914,Skelly,Genner,sgennerpd@hc360.com,Male,113.219.151.112
915,Kitty,Ettels,kettelspe@patch.com,Female,8.14.17.120
916,Winthrop,Papaminas,wpapaminaspf@ucoz.com,Male,158.32.177.229
917,Moria,L'Homme,mlhommepg@surveymonkey.com,Female,61.142.81.2
918,Aleda,Bare,abareph@homestead.com,Female,151.2.88.3
919,Yoko,Eubank,yeubankpi@gnu.org,Female,188.187.59.147
920,Brockie,Duff,bduffpj@engadget.com,Male,216.173.124.37
921,Abelard,Aubert,aaubertpk@friendfeed.com,Male,148.104.48.241
922,Ailene,Brayley,abrayleypl@51.la,Female,86.96.187.55
923,Wyatan,Koubu,wkoubupm@independent.co.uk,Male,253.235.0.44
924,Josee,Klosser,jklosserpn@over-blog.com,Female,179.35.101.71
925,Joachim,Sommerly,jsommerlypo@time.com,Male,188.83.196.0
926,Horatius,Pratley,hpratleypp@photobucket.com,Male,240.160.150.3
927,Marika,Gencke,mgenckepq@independent.co.uk,Female,116.30.12.17
928,Pia,Roundtree,proundtreepr@webnode.com,Female,214.193.67.115
929,Barbey,O'Fallon,bofallonps@thetimes.co.uk,Female,52.128.56.163
930,Renee,Suller,rsullerpt@xing.com,Female,206.197.119.249
931,Bel,MacGibbon,bmacgibbonpu@earthlink.net,Female,73.169.116.76
932,Mavra,Geering,mgeeringpv@bigcartel.com,Female,137.103.219.188
933,Neilla,Flaverty,nflavertypw@meetup.com,Female,15.66.124.125
934,Vince,Hissett,vhissettpx@omniture.com,Male,8.170.10.164
935,Lew,Overbury,loverburypy@paginegialle.it,Non-binary,63.79.127.3
936,Jade,Bordone,jbordonepz@twitpic.com,Female,175.55.85.194
937,Kit,Snalom,ksnalomq0@tripod.com,Female,59.113.7.68
938,Rosetta,Renhard,rrenhardq1@forbes.com,Female,99.116.105.113
939,Ruddy,Letchmore,rletchmoreq2@indiatimes.com,Male,78.74.244.116
940,Malvina,Servant,mservantq3@bandcamp.com,Female,26.235.180.73
941,Britta,Daborn,bdabornq4@illinois.edu,Female,140.239.225.196
942,Tadeo,Bounde,tboundeq5@abc.net.au,Male,127.157.104.126
943,Lizette,Colquyte,lcolquyteq6@theguardian.com,Polygender,10.42.40.243
944,Birgitta,Soal,bsoalq7@comsenz.com,Bigender,19.140.145.197
945,Xavier,Cristea,xcristeaq8@wired.com,Male,55.229.153.224
946,Flossie,Catcheside,fcatchesideq9@51.la,Female,5.163.75.40
947,Anet,Wintersgill,awintersgillqa@forbes.com,Female,13.191.48.87
948,Merwin,Aronstein,maronsteinqb@google.co.uk,Male,134.94.124.176
949,Isabelita,Compson,icompsonqc@yellowbook.com,Female,42.254.55.56
950,Emmy,Couvert,ecouvertqd@skyrock.com,Female,221.88.79.48
951,Taddeo,Macenzy,tmacenzyqe@surveymonkey.com,Male,252.96.77.35
952,Silvain,Berrygun,sberrygunqf@geocities.jp,Male,78.55.42.103
953,Tami,Skelhorn,tskelhornqg@deliciousdays.com,Female,109.168.19.176
954,Amalee,Dobbs,adobbsqh@salon.com,Female,140.14.204.25
955,Roda,Letixier,rletixierqi@nyu.edu,Female,131.173.86.94
956,Julius,Gligoraci,jgligoraciqj@infoseek.co.jp,Male,161.34.8.201
957,Phillida,Elms,pelmsqk@blogs.com,Female,48.119.195.151
958,Jyoti,Spatari,jspatariql@mlb.com,Female,69.202.163.161
959,Shalom,Boissier,sboissierqm@sohu.com,Male,3.160.124.241
960,Rodger,Hilliam,rhilliamqn@livejournal.com,Male,157.167.225.254
961,Evania,Showte,eshowteqo@who.int,Female,243.147.249.222
962,Gennie,Bidnall,gbidnallqp@nature.com,Female,45.170.104.230
963,Hamil,Dabling,hdablingqq@wikia.com,Male,15.241.89.46
964,Evelyn,Cattini,ecattiniqr@gravatar.com,Male,112.240.66.10
965,Goldia,Alesi,galesiqs@biglobe.ne.jp,Female,41.84.115.50
966,Kaleb,Theobalds,ktheobaldsqt@liveinternet.ru,Male,123.112.234.92
967,Idelle,Niche,inichequ@ucsd.edu,Female,216.54.31.63
968,Aimil,Bousler,abouslerqv@slideshare.net,Female,45.149.156.35
969,Vite,Iddy,viddyqw@jalbum.net,Male,187.135.48.90
970,Adolphe,Plomer,aplomerqx@mayoclinic.com,Male,79.69.147.63
971,Lynne,Escale,lescaleqy@dedecms.com,Female,205.156.38.123
972,Kipp,Neilan,kneilanqz@prlog.org,Male,145.220.172.8
973,Tildi,Lange,tlanger0@wordpress.com,Female,252.161.67.217
974,Dirk,Huncoot,dhuncootr1@mlb.com,Male,109.25.163.220
975,Ashla,Le Estut,aleestutr2@webs.com,Female,39.219.178.110
976,George,Ruddlesden,gruddlesdenr3@jalbum.net,Genderqueer,13.213.225.70
977,Jessalin,Duffett,jduffettr4@goo.gl,Non-binary,107.217.137.184
978,Carleton,Renard,crenardr5@wp.com,Male,11.119.225.140
979,Carlynn,Mc Andrew,cmcandrewr6@columbia.edu,Female,139.136.47.159
980,Bern,Dimeloe,bdimeloer7@google.fr,Male,207.2.84.194
981,Stevy,Peacock,speacockr8@slashdot.org,Male,89.167.92.22
982,Orlan,Guiu,oguiur9@virginia.edu,Polygender,70.236.98.161
983,Duke,MacTerlagh,dmacterlaghra@mozilla.com,Male,189.239.126.100
984,Delores,Durn,ddurnrb@feedburner.com,Female,76.21.204.88
985,Bjorn,Ceaplen,bceaplenrc@independent.co.uk,Male,128.22.167.243
986,Jaymee,Aronsohn,jaronsohnrd@i2i.jp,Bigender,205.133.68.167
987,Benton,Scoggans,bscoggansre@tamu.edu,Male,209.7.91.156
988,Claudetta,Beldon,cbeldonrf@tamu.edu,Female,242.194.121.78
989,Glori,Palle,gpallerg@businessweek.com,Female,177.62.57.201
990,Hollie,Perham,hperhamrh@bbb.org,Female,231.152.83.254
991,Clint,Stuer,cstuerri@vkontakte.ru,Male,113.50.126.215
992,Karee,Fibbens,kfibbensrj@tiny.cc,Female,186.32.62.195
993,Harlene,Sully,hsullyrk@sciencedirect.com,Female,131.103.235.169
994,Shayne,Brewse,sbrewserl@spiegel.de,Female,253.222.102.229
995,Letitia,Finley,lfinleyrm@tmall.com,Female,159.175.179.94
996,Beatrice,Shovel,bshovelrn@cloudflare.com,Female,123.33.122.158
997,Ulrica,Coltart,ucoltartro@imdb.com,Female,12.29.131.236
998,Padraig,Waslin,pwaslinrp@tinypic.com,Male,222.80.98.131
999,Ginger,Highnam,ghighnamrq@is.gd,Male,104.109.243.236
1000,Kanya,Morgue,kmorguerr@cornell.edu,Female,66.144.124.64
