id,first_name,last_name,email,gender,ip_address
1,Leonerd,Franek,lfranek0@hp.com,Male,21.135.142.133
2,Sharyl,Craske,scraske1@imgur.com,Female,31.42.190.1
3,Geordie,Mussalli,gmussalli2@e-recht24.de,Bigender,87.134.78.106
4,Trumann,Littlefield,tlittlefield3@hatena.ne.jp,Male,203.84.211.82
5,Willette,Reekie,wreekie4@booking.com,Female,20.56.43.29
6,Klemens,Fincher,kfincher5@istockphoto.com,Polygender,111.61.167.90
7,Patti,Deeley,pdeeley6@cloudflare.com,Genderfluid,207.159.138.102
8,Beatriz,Perfitt,bperfitt7@google.cn,Female,47.165.183.199
9,Muffin,Heffy,mheffy8@freewebs.com,Female,16.128.141.72
10,Wilek,Pessolt,wpessolt9@toplist.cz,Male,129.239.28.136
11,Sasha,Romeril,sromerila@ning.com,Male,139.103.133.172
12,Irena,MacCafferky,imaccafferkyb@skype.com,Female,139.3.134.160
13,Marna,MacIver,mmaciverc@opensource.org,Female,200.236.61.27
14,Hilton,Aslum,haslumd@state.gov,Male,60.65.82.182
15,Goldy,Toy,gtoye@amazonaws.com,Female,231.140.5.238
16,Lacy,Brazener,lbrazenerf@wikipedia.org,Female,117.202.6.78
17,Ade,Lyttle,alyttleg@friendfeed.com,Male,161.171.134.120
18,Kai,Abrahmovici,kabrahmovicih@fda.gov,Female,161.11.111.128
19,Tabbi,Coltherd,tcoltherdi@unblog.fr,Genderfluid,114.181.33.11
20,Giulietta,Matten,gmattenj@time.com,Female,125.159.74.215
21,Kristofer,Curl,kcurlk@sun.com,Male,147.225.206.165
22,Bevin,Bariball,bbariballl@marketwatch.com,Male,99.194.133.178
23,Allegra,Pettie,apettiem@multiply.com,Polygender,64.114.201.114
24,Itch,Nunes Nabarro,inunesnabarron@shop-pro.jp,Male,242.87.100.184
25,Rodi,Fechnie,rfechnieo@google.ru,Female,182.205.41.239
26,Nola,Walsh,nwalshp@wikimedia.org,Female,226.233.249.78
27,Vic,Wakenshaw,vwakenshawq@51.la,Male,93.174.240.123
28,Vinni,Bere,vberer@sciencedaily.com,Female,46.219.218.6
29,Starlin,Kleeborn,skleeborns@jimdo.com,Female,213.141.233.149
30,Maridel,Ferronet,mferronett@dot.gov,Female,38.254.158.86
31,Gilles,Estevez,gestevezu@histats.com,Male,173.141.53.234
32,Wilhelmina,Torel,wtorelv@pagesperso-orange.fr,Female,44.180.42.159
33,Anthony,Gunson,agunsonw@unesco.org,Male,11.53.98.195
34,Clevie,Chaloner,cchalonerx@telegraph.co.uk,Male,213.147.55.144
35,Ker,Vaune,kvauney@marketwatch.com,Male,6.47.155.68
36,Kathlin,Websdale,kwebsdalez@google.fr,Female,29.43.1.143
37,Andrus,Sturm,asturm10@alibaba.com,Male,80.173.91.52
38,Corty,Quinlan,cquinlan11@sbwire.com,Male,169.28.29.77
39,Chantalle,Thornham,cthornham12@pagesperso-orange.fr,Female,164.249.49.54
40,Tiebout,Benedicto,tbenedicto13@myspace.com,Male,158.191.32.243
41,Pattie,Dusey,pdusey14@altervista.org,Female,200.46.150.244
42,Haleigh,Notton,hnotton15@ftc.gov,Male,189.36.190.37
43,Bond,Burnes,bburnes16@narod.ru,Male,253.143.17.208
44,Leoine,Grichukhin,lgrichukhin17@archive.org,Female,23.187.180.114
45,Herb,Road,hroad18@facebook.com,Male,31.76.198.255
46,Evelina,Alsford,ealsford19@google.ru,Female,77.249.33.229
47,Lorrie,Demsey,ldemsey1a@yahoo.co.jp,Female,176.192.158.105
48,Flint,Grenter,fgrenter1b@berkeley.edu,Male,167.59.182.96
49,Di,Dalgleish,ddalgleish1c@narod.ru,Female,222.157.238.221
50,Kipp,Skayman,kskayman1d@wikia.com,Male,221.36.135.170
51,Priscella,Fitzpatrick,pfitzpatrick1e@altervista.org,Bigender,218.111.27.54
52,Tessi,Hubbock,thubbock1f@fema.gov,Female,196.118.120.0
53,Miranda,Carrell,mcarrell1g@nytimes.com,Female,206.128.135.235
54,Pascale,Ullett,pullett1h@dropbox.com,Male,27.33.4.66
55,Inglis,Schwier,ischwier1i@free.fr,Male,59.42.75.87
56,Tessi,Deering,tdeering1j@facebook.com,Female,34.193.106.27
57,Darbie,Otridge,dotridge1k@about.com,Female,161.123.131.182
58,Shawn,Clewett,sclewett1l@cbslocal.com,Male,15.254.199.229
59,Gav,Saffle,gsaffle1m@ifeng.com,Male,149.79.46.69
60,Burnaby,Cheltnam,bcheltnam1n@unesco.org,Male,94.210.239.41
61,Jeddy,Rivallant,jrivallant1o@wired.com,Male,233.153.255.127
62,Oates,Cartmell,ocartmell1p@epa.gov,Male,174.99.213.135
63,Francoise,Richmont,frichmont1q@4shared.com,Female,88.51.245.1
64,Kaitlin,Persey,kpersey1r@webeden.co.uk,Female,188.146.158.61
65,Bernice,Tyas,btyas1s@cloudflare.com,Female,59.130.224.186
66,Aurelia,Tibbs,atibbs1t@sakura.ne.jp,Female,214.108.120.103
67,Ranna,Scroggs,rscroggs1u@woothemes.com,Female,42.78.57.47
68,Nikola,Ferron,nferron1v@time.com,Male,94.49.107.65
69,Weider,Burdoun,wburdoun1w@usa.gov,Male,32.2.92.67
70,Brnaby,Ranklin,branklin1x@amazon.co.uk,Male,81.57.70.148
71,Minta,Linnock,mlinnock1y@mysql.com,Female,130.210.19.213
72,Hillery,Townson,htownson1z@geocities.jp,Non-binary,132.115.88.216
73,Findley,Whelband,fwhelband20@e-recht24.de,Male,109.55.137.68
74,Daisey,Redfern,dredfern21@merriam-webster.com,Female,213.20.127.94
75,Spence,Hencke,shencke22@washington.edu,Male,237.27.86.97
76,Neda,Danshin,ndanshin23@yahoo.co.jp,Female,162.70.62.242
77,Darryl,Crooks,dcrooks24@amazon.com,Female,197.35.217.56
78,Lorita,Jentin,ljentin25@liveinternet.ru,Female,70.215.76.55
79,Jenelle,Snalum,jsnalum26@hp.com,Female,214.90.59.227
80,Drona,McEttigen,dmcettigen27@theguardian.com,Female,79.67.8.186
81,Neils,Frape,nfrape28@unicef.org,Male,153.213.44.25
82,Ibby,Hann,ihann29@bloomberg.com,Agender,154.249.46.88
83,Hamel,Hardware,hhardware2a@rambler.ru,Male,39.87.3.78
84,Jonathan,Raulin,jraulin2b@businesswire.com,Male,203.165.21.229
85,Fidela,Burde,fburde2c@imgur.com,Female,38.59.10.110
86,Maure,Dechelle,mdechelle2d@privacy.gov.au,Female,23.144.111.120
87,Lay,Basnett,lbasnett2e@wired.com,Male,242.195.177.239
88,Anne-marie,Schinetti,aschinetti2f@mail.ru,Female,48.31.234.105
89,Miles,Woan,mwoan2g@intel.com,Male,158.65.134.145
90,Forester,Davion,fdavion2h@cargocollective.com,Male,17.229.9.230
91,Jodie,Works,jworks2i@paginegialle.it,Male,184.181.129.174
92,Matias,McKee,mmckee2j@clickbank.net,Agender,165.129.140.131
93,Lutero,Brownsey,lbrownsey2k@mit.edu,Male,104.139.208.84
94,Valdemar,Simmgen,vsimmgen2l@indiegogo.com,Male,54.213.180.203
95,Donica,Hawke,dhawke2m@ameblo.jp,Female,156.170.52.0
96,Thedrick,Pickerin,tpickerin2n@scribd.com,Male,3.0.12.34
97,Alwin,Wilmut,awilmut2o@bluehost.com,Male,103.55.135.77
98,Kelsi,Walkowski,kwalkowski2p@e-recht24.de,Female,227.239.200.245
99,Damien,Brayfield,dbrayfield2q@europa.eu,Male,153.94.9.219
100,Tobit,Aronoff,taronoff2r@usda.gov,Genderqueer,218.161.124.24
101,Felicia,Burchess,fburchess2s@cargocollective.com,Female,70.26.71.144
102,Ambrosio,Devinn,adevinn2t@taobao.com,Male,146.120.9.30
103,Abelard,McCrudden,amccrudden2u@sourceforge.net,Male,16.40.138.248
104,Haywood,Piele,hpiele2v@economist.com,Male,109.127.155.155
105,Julissa,Sully,jsully2w@businesswire.com,Female,202.64.8.249
106,Tressa,Courtonne,tcourtonne2x@sciencedaily.com,Non-binary,56.247.50.192
107,Carmelle,Surpliss,csurpliss2y@lulu.com,Female,126.243.226.27
108,Nydia,Heggs,nheggs2z@fastcompany.com,Female,104.181.66.182
109,Buddy,Holdforth,bholdforth30@xing.com,Male,217.106.40.68
110,Patten,O'Crevan,pocrevan31@altervista.org,Male,152.213.244.132
111,Francyne,Scotsbrook,fscotsbrook32@aboutads.info,Female,16.198.214.128
112,Lizette,Whatham,lwhatham33@sourceforge.net,Female,74.12.64.2
113,Piper,Munt,pmunt34@baidu.com,Female,163.225.81.57
114,Brnaba,Main,bmain35@dot.gov,Male,110.152.121.175
115,Herschel,Karslake,hkarslake36@oaic.gov.au,Male,248.70.249.221
116,Hilly,Pearn,hpearn37@yelp.com,Male,41.205.125.5
117,Lacy,Dodman,ldodman38@latimes.com,Female,94.201.229.242
118,Brianne,Hastin,bhastin39@acquirethisname.com,Female,166.132.50.241
119,Andi,Romke,aromke3a@sina.com.cn,Female,60.55.16.82
120,Garrard,Lemmertz,glemmertz3b@vistaprint.com,Male,178.159.139.192
121,Katalin,Baskeyfield,kbaskeyfield3c@friendfeed.com,Female,194.93.47.78
122,Gerick,Thrasher,gthrasher3d@myspace.com,Male,114.206.32.252
123,Sherm,Philler,sphiller3e@samsung.com,Male,207.72.125.20
124,Clarine,Stanmer,cstanmer3f@hostgator.com,Female,41.135.78.194
125,Odo,Prott,oprott3g@linkedin.com,Male,35.199.16.45
126,Josephine,Ballinghall,jballinghall3h@europa.eu,Female,253.154.199.99
127,Lawry,MacLese,lmaclese3i@abc.net.au,Male,205.253.45.147
128,Carita,Nutbeem,cnutbeem3j@cocolog-nifty.com,Female,252.39.234.176
129,Lilyan,Heater,lheater3k@geocities.jp,Genderfluid,14.218.221.57
130,Gaby,Slessar,gslessar3l@i2i.jp,Male,202.172.35.249
131,Sibyl,McKeowon,smckeowon3m@cpanel.net,Female,249.240.227.203
132,Scot,Van Halle,svanhalle3n@uol.com.br,Male,44.53.233.16
133,Helenka,Rodda,hrodda3o@google.es,Female,56.61.148.129
134,Drew,Tripet,dtripet3p@nbcnews.com,Male,141.145.84.42
135,Gareth,Reed,greed3q@weebly.com,Male,195.232.232.199
136,Darlleen,Dew,ddew3r@shareasale.com,Female,138.52.80.236
137,Shawna,Vane,svane3s@cnn.com,Female,31.28.206.76
138,Blithe,Provis,bprovis3t@ameblo.jp,Female,56.229.192.211
139,Barnard,Spottiswood,bspottiswood3u@amazon.co.uk,Male,1.107.186.157
140,Gerladina,Franey,gfraney3v@ifeng.com,Female,57.184.212.67
141,Matthaeus,MacIntyre,mmacintyre3w@imdb.com,Male,185.67.85.71
142,Rosie,Gusticke,rgusticke3x@reference.com,Female,169.27.166.47
143,Lissie,Dipple,ldipple3y@amazon.co.jp,Female,60.199.163.44
144,Cedric,Monketon,cmonketon3z@msu.edu,Male,149.162.55.36
145,Marie-jeanne,Hagston,mhagston40@columbia.edu,Female,8.148.164.70
146,Coraline,Swadlinge,cswadlinge41@europa.eu,Female,104.218.166.11
147,Amandy,Esch,aesch42@miitbeian.gov.cn,Female,158.98.65.203
148,Hamil,Sherrett,hsherrett43@princeton.edu,Male,241.230.223.43
149,Alyce,de Vaen,adevaen44@reddit.com,Female,51.39.27.192
150,Antony,Kellaway,akellaway45@wordpress.org,Male,65.218.117.193
151,Lucian,Liffey,lliffey46@xing.com,Male,118.85.212.245
152,Tadeo,Paolinelli,tpaolinelli47@ucsd.edu,Male,221.6.140.251
153,Martica,Crolly,mcrolly48@sphinn.com,Female,58.247.75.6
154,Cheryl,Flynn,cflynn49@blog.com,Female,7.85.208.234
155,Hervey,Ensten,hensten4a@booking.com,Male,91.52.154.138
156,Juli,Errichiello,jerrichiello4b@about.me,Female,158.20.184.13
157,Murry,Ackland,mackland4c@goo.gl,Male,16.205.154.152
158,Augustine,Habbershon,ahabbershon4d@google.com.hk,Agender,162.0.193.243
159,Bambi,Rotlauf,brotlauf4e@loc.gov,Female,114.173.178.125
160,Ame,Chatten,achatten4f@google.cn,Female,188.115.120.255
161,Ardene,Songest,asongest4g@bloglovin.com,Female,182.154.167.169
162,Welbie,Blackham,wblackham4h@yelp.com,Male,174.222.64.117
163,Joelynn,Witson,jwitson4i@ustream.tv,Female,196.216.254.251
164,Rori,Wherton,rwherton4j@wordpress.com,Female,176.226.73.101
165,Hillie,Spinello,hspinello4k@ezinearticles.com,Male,59.156.87.206
166,Booth,Shreenan,bshreenan4l@noaa.gov,Male,207.96.48.33
167,Alasdair,Shovelin,ashovelin4m@elegantthemes.com,Male,38.254.61.13
168,Pamela,Kendrew,pkendrew4n@cmu.edu,Female,132.226.216.138
169,Xylia,Mawford,xmawford4o@tinypic.com,Genderfluid,10.74.123.133
170,Brady,Jacobsz,bjacobsz4p@ovh.net,Male,146.37.84.43
171,Garnet,Mars,gmars4q@fema.gov,Female,137.97.183.203
172,Vonni,Deas,vdeas4r@dagondesign.com,Bigender,112.186.122.245
173,Olimpia,Headly,oheadly4s@cyberchimps.com,Female,205.115.200.202
174,Inessa,Mepsted,imepsted4t@purevolume.com,Female,124.3.24.207
175,Cece,Mitroshinov,cmitroshinov4u@themeforest.net,Male,176.250.205.244
176,Tabbi,Douris,tdouris4v@japanpost.jp,Female,69.97.83.220
177,Pepillo,Trembley,ptrembley4w@pcworld.com,Male,22.81.16.122
178,Rici,Sextone,rsextone4x@sciencedirect.com,Female,125.169.96.145
179,Thomasin,Mackriell,tmackriell4y@time.com,Female,152.217.227.161
180,Sholom,Butterley,sbutterley4z@nationalgeographic.com,Polygender,218.228.126.45
181,Starla,Cayford,scayford50@blinklist.com,Bigender,180.192.85.96
182,Pierette,Paffitt,ppaffitt51@nps.gov,Female,55.129.38.183
183,Ervin,Angeli,eangeli52@google.nl,Male,125.129.72.206
184,Wrennie,Dirand,wdirand53@squidoo.com,Female,194.222.185.239
185,Zoe,Daulton,zdaulton54@elegantthemes.com,Female,135.200.0.232
186,Allistir,Geane,ageane55@dailymotion.com,Male,151.151.2.44
187,Rafi,Byforth,rbyforth56@nbcnews.com,Male,158.146.114.75
188,Binnie,Bertholin,bbertholin57@vkontakte.ru,Female,237.137.12.180
189,Juditha,Pennycock,jpennycock58@who.int,Female,6.2.96.42
190,Kev,Kauble,kkauble59@addthis.com,Male,130.225.121.227
191,Gabriellia,Conerding,gconerding5a@godaddy.com,Female,2.19.205.138
192,Helenelizabeth,Boutton,hboutton5b@barnesandnoble.com,Female,91.56.210.173
193,Joellen,Ferrai,jferrai5c@wikipedia.org,Female,38.123.252.149
194,Flss,Cromb,fcromb5d@nasa.gov,Female,78.247.247.72
195,Morgana,Brooke,mbrooke5e@salon.com,Bigender,67.78.12.108
196,Leoline,Evert,levert5f@toplist.cz,Female,169.76.30.74
197,Granny,Abthorpe,gabthorpe5g@java.com,Male,43.59.46.141
198,Brennan,Norcliffe,bnorcliffe5h@twitter.com,Bigender,159.40.176.154
199,Sasha,Klimaszewski,sklimaszewski5i@naver.com,Male,72.57.155.171
200,Ayn,Ormston,aormston5j@360.cn,Female,159.245.35.215
201,Jase,Zoane,jzoane5k@psu.edu,Male,21.225.103.193
202,Cletus,Butting,cbutting5l@goodreads.com,Non-binary,47.88.6.184
203,Denis,Brozek,dbrozek5m@1und1.de,Agender,230.119.205.64
204,Kerk,Sone,ksone5n@google.com,Male,151.89.234.227
205,Prudy,Echlin,pechlin5o@google.com,Female,146.22.201.69
206,Rodi,Feeham,rfeeham5p@prnewswire.com,Female,76.56.139.47
207,Sophey,Baptie,sbaptie5q@flavors.me,Female,238.163.163.56
208,Felic,Mongin,fmongin5r@meetup.com,Male,123.48.227.35
209,Gina,Guttridge,gguttridge5s@clickbank.net,Female,36.249.179.64
210,Roarke,Gunby,rgunby5t@nymag.com,Male,244.142.117.105
211,Patrice,Mandry,pmandry5u@pbs.org,Non-binary,58.52.47.41
212,Kipper,Fell,kfell5v@hatena.ne.jp,Male,110.174.166.81
213,Phylys,Weatherburn,pweatherburn5w@vkontakte.ru,Female,244.224.183.80
214,Celle,Cullerne,ccullerne5x@prweb.com,Female,72.100.220.161
215,Galvan,Slipper,gslipper5y@facebook.com,Male,49.227.136.131
216,Shaun,Jellico,sjellico5z@1und1.de,Female,251.165.75.170
217,Grannie,Ashington,gashington60@google.it,Male,225.24.74.164
218,Dreddy,Dreier,ddreier61@sciencedirect.com,Female,3.19.120.59
219,Jerri,Soar,jsoar62@jugem.jp,Polygender,14.242.20.127
220,Chiquia,Nassi,cnassi63@tamu.edu,Female,69.122.66.172
221,Lola,Pickance,lpickance64@nifty.com,Female,40.8.143.142
222,Kingston,Doey,kdoey65@bizjournals.com,Male,172.56.200.252
223,Prinz,Huntingford,phuntingford66@unblog.fr,Male,126.188.207.72
224,Gay,Hundley,ghundley67@amazon.co.uk,Female,115.59.148.37
225,Noelyn,Congram,ncongram68@issuu.com,Female,18.179.47.238
226,Konrad,Abberley,kabberley69@odnoklassniki.ru,Male,27.198.63.21
227,Catarina,Kelbie,ckelbie6a@usatoday.com,Female,198.54.79.71
228,Bret,Quennell,bquennell6b@webeden.co.uk,Male,133.153.28.61
229,Aarika,Eakle,aeakle6c@apple.com,Female,198.148.39.134
230,Hurley,Coulsen,hcoulsen6d@reverbnation.com,Male,77.97.130.219
231,Dimitri,Mc Giffin,dmcgiffin6e@mtv.com,Male,100.208.100.84
232,Town,Dugood,tdugood6f@symantec.com,Male,234.67.60.48
233,Justinn,Harp,jharp6g@toplist.cz,Female,115.34.131.164
234,Lorry,McFade,lmcfade6h@archive.org,Female,133.86.82.179
235,Iona,Gathercole,igathercole6i@blogspot.com,Female,142.225.182.120
236,Jeanette,Basile,jbasile6j@google.nl,Female,58.139.233.9
237,Maud,Flatman,mflatman6k@pagesperso-orange.fr,Female,196.121.202.132
238,Lane,Marc,lmarc6l@sohu.com,Male,234.109.246.41
239,Udell,Glinde,uglinde6m@1688.com,Male,67.19.1.207
240,Adorne,Darnell,adarnell6n@nifty.com,Female,16.9.124.52
241,Cindy,Hapke,chapke6o@printfriendly.com,Female,6.44.15.235
242,Guglielmo,Sallowaye,gsallowaye6p@behance.net,Male,103.85.190.40
243,Alicia,Padden,apadden6q@walmart.com,Female,122.236.215.219
244,Felecia,Tidbold,ftidbold6r@businessweek.com,Female,11.51.123.173
245,Carissa,Seiffert,cseiffert6s@google.com.br,Polygender,64.205.101.176
246,Tobin,Ollington,tollington6t@vkontakte.ru,Male,164.14.210.122
247,Shermie,Hullin,shullin6u@squidoo.com,Male,69.54.149.217
248,Othilie,Flett,oflett6v@multiply.com,Female,48.4.115.76
249,Terrence,Checchetelli,tchecchetelli6w@plala.or.jp,Male,120.190.95.156
250,Arlan,Sloane,asloane6x@mlb.com,Male,246.217.131.40
251,Cristy,Chupin,cchupin6y@blinklist.com,Female,158.249.71.127
252,Tonnie,Casperri,tcasperri6z@addtoany.com,Male,3.111.123.229
253,Tine,Hazlehurst,thazlehurst70@yellowpages.com,Female,145.62.51.34
254,Roobbie,Mulrean,rmulrean71@npr.org,Female,141.236.37.248
255,Hinda,Obeney,hobeney72@facebook.com,Female,22.73.205.126
256,Merline,Boatwright,mboatwright73@bloomberg.com,Female,190.151.148.204
257,Barnard,Dablin,bdablin74@topsy.com,Male,125.220.231.66
258,Massimo,Buyers,mbuyers75@cdbaby.com,Male,120.8.99.111
259,Iolande,Dwyer,idwyer76@barnesandnoble.com,Female,169.46.188.152
260,Eziechiele,Rivelon,erivelon77@ted.com,Male,147.202.250.107
261,Tadio,Gagen,tgagen78@twitter.com,Male,242.190.237.50
262,Lola,Scarlan,lscarlan79@dyndns.org,Agender,17.234.148.243
263,Bartholomeo,Beers,bbeers7a@1und1.de,Male,3.41.169.8
264,Matt,Collete,mcollete7b@mapquest.com,Male,181.145.160.35
265,Langsdon,Mouat,lmouat7c@xinhuanet.com,Male,172.125.126.119
266,Benjy,Load,bload7d@scientificamerican.com,Male,162.231.113.186
267,Hurlee,McCotter,hmccotter7e@spotify.com,Male,139.142.2.72
268,Abagael,Arthur,aarthur7f@shinystat.com,Female,13.39.71.58
269,Stacee,Straker,sstraker7g@github.com,Genderqueer,62.163.211.212
270,Basilius,Craft,bcraft7h@soup.io,Male,112.224.135.105
271,Rodolph,Chotty,rchotty7i@edublogs.org,Male,226.30.119.135
272,Clyde,Gilburt,cgilburt7j@amazon.de,Male,253.246.87.202
273,Ariella,Willbraham,awillbraham7k@cpanel.net,Female,188.196.178.226
274,Dolph,Gealle,dgealle7l@ft.com,Male,176.94.78.141
275,Bertram,Cushe,bcushe7m@exblog.jp,Male,100.209.212.166
276,Norry,Gadsdon,ngadsdon7n@umn.edu,Female,220.78.66.13
277,Vivianne,McGifford,vmcgifford7o@slashdot.org,Female,197.198.148.62
278,Rani,Lantuffe,rlantuffe7p@delicious.com,Female,27.47.57.217
279,Olympie,Grinter,ogrinter7q@eepurl.com,Female,151.111.137.181
280,Jamima,Spaldin,jspaldin7r@twitpic.com,Female,108.27.36.183
281,Inglebert,Whitland,iwhitland7s@phoca.cz,Male,18.45.126.153
282,Dede,Pellissier,dpellissier7t@flavors.me,Female,202.58.221.143
283,Engracia,Dublin,edublin7u@barnesandnoble.com,Female,18.218.39.5
284,Neilla,Haller,nhaller7v@mayoclinic.com,Female,157.1.143.8
285,Karel,Wilmott,kwilmott7w@google.ca,Male,183.146.255.183
286,Gabriele,Crebott,gcrebott7x@studiopress.com,Male,39.49.216.88
287,Ardis,Kordes,akordes7y@ow.ly,Female,38.54.165.170
288,Clea,Handrek,chandrek7z@cmu.edu,Female,67.16.210.69
289,Holly,Hartly,hhartly80@i2i.jp,Male,69.217.109.245
290,Homere,O'Lenane,holenane81@baidu.com,Male,208.1.243.243
291,Melloney,Luberti,mluberti82@mail.ru,Female,44.167.207.57
292,Jeffy,Knolles-Green,jknollesgreen83@moonfruit.com,Male,94.33.157.30
293,Beverlie,Swait,bswait84@baidu.com,Female,114.140.221.36
294,Eula,Ruzicka,eruzicka85@google.pl,Female,168.47.46.89
295,Arv,Kinnie,akinnie86@youtube.com,Male,230.234.73.57
296,Carlo,Pillington,cpillington87@networkadvertising.org,Male,170.28.35.36
297,Ezechiel,Pulver,epulver88@sun.com,Male,39.22.70.179
298,Lu,Beautyman,lbeautyman89@mapquest.com,Bigender,38.186.60.236
299,Kahaleel,Heinemann,kheinemann8a@huffingtonpost.com,Male,69.177.165.121
300,Mina,Sprionghall,msprionghall8b@bluehost.com,Female,240.103.214.47
301,Alex,Simester,asimester8c@jigsy.com,Genderqueer,219.238.201.0
302,Marybeth,Horribine,mhorribine8d@php.net,Female,191.6.201.22
303,Rainer,Quittonden,rquittonden8e@yellowbook.com,Male,46.91.4.139
304,Eolanda,Ewin,eewin8f@mtv.com,Female,37.74.107.244
305,Godard,Coutts,gcoutts8g@wisc.edu,Male,150.92.140.169
306,Robinet,Statton,rstatton8h@sakura.ne.jp,Male,116.88.216.240
307,Becka,Idiens,bidiens8i@technorati.com,Female,194.194.65.156
308,Hanan,Everill,heverill8j@jigsy.com,Male,73.178.185.169
309,Odie,Barneville,obarneville8k@answers.com,Male,255.71.224.152
310,Jules,Bavin,jbavin8l@51.la,Male,53.216.243.190
311,Freddie,Paddie,fpaddie8m@dailymail.co.uk,Male,105.123.199.213
312,Efren,Boig,eboig8n@oakley.com,Male,25.135.210.244
313,Shelton,Worsam,sworsam8o@stanford.edu,Male,26.58.199.118
314,Nona,Bogue,nbogue8p@biglobe.ne.jp,Female,155.65.77.93
315,Schuyler,Tuckerman,stuckerman8q@microsoft.com,Male,121.242.213.14
316,Manolo,Vanacci,mvanacci8r@icq.com,Male,90.165.134.95
317,Meagan,Athersmith,mathersmith8s@businesswire.com,Female,136.207.75.144
318,Morrie,Moggie,mmoggie8t@ehow.com,Male,137.155.77.190
319,Annalee,Ledgeway,aledgeway8u@is.gd,Female,131.7.102.22
320,Anne-corinne,Oldridge,aoldridge8v@alexa.com,Female,112.4.87.104
321,Chrysler,Heisler,cheisler8w@springer.com,Genderqueer,38.109.105.19
322,Arden,Stourton,astourton8x@bigcartel.com,Female,187.54.155.100
323,Griff,Sallan,gsallan8y@bizjournals.com,Male,178.141.15.220
324,Jordon,Ugo,jugo8z@networksolutions.com,Genderqueer,104.88.102.145
325,Denys,Olsen,dolsen90@japanpost.jp,Female,98.201.85.62
326,Rodolfo,Aspinell,raspinell91@prweb.com,Male,228.31.233.39
327,Bryanty,Allaker,ballaker92@cnn.com,Male,209.38.244.52
328,Roxanne,Corrett,rcorrett93@youtube.com,Female,92.155.159.178
329,Eileen,Hise,ehise94@mapy.cz,Female,77.175.81.135
330,Llewellyn,Wardle,lwardle95@dmoz.org,Male,215.158.4.52
331,Micheil,Tenbrug,mtenbrug96@parallels.com,Male,145.45.236.45
332,Westleigh,Di Matteo,wdimatteo97@baidu.com,Male,197.213.170.130
333,Georg,Bielefeld,gbielefeld98@imgur.com,Male,152.122.52.127
334,Lukas,Mainwaring,lmainwaring99@woothemes.com,Male,176.88.136.152
335,Edlin,Arington,earington9a@twitter.com,Male,88.148.96.28
336,Madison,Holdworth,mholdworth9b@blogs.com,Agender,18.118.140.120
337,Astra,Bucknell,abucknell9c@163.com,Female,147.11.13.13
338,Quillan,Bonaire,qbonaire9d@icio.us,Male,126.101.245.165
339,Diane-marie,Farrears,dfarrears9e@51.la,Female,182.13.231.96
340,Barnaby,Jacox,bjacox9f@prlog.org,Male,211.31.190.72
341,Dean,Gabbidon,dgabbidon9g@nhs.uk,Male,99.85.79.238
342,Yolanda,Yanshonok,yyanshonok9h@forbes.com,Female,60.248.37.229
343,Gibb,Cuardall,gcuardall9i@thetimes.co.uk,Male,241.174.210.70
344,Izak,Wastell,iwastell9j@shop-pro.jp,Male,51.69.170.42
345,Rolph,Matashkin,rmatashkin9k@wordpress.com,Male,219.142.248.4
346,Josephine,Attril,jattril9l@aol.com,Female,103.130.182.20
347,Mickie,Laughton,mlaughton9m@com.com,Female,21.170.5.56
348,Bren,Rowbrey,browbrey9n@skyrock.com,Female,20.252.210.172
349,Krishnah,Di Boldi,kdiboldi9o@cyberchimps.com,Male,90.3.248.250
350,Natal,Bonde,nbonde9p@java.com,Male,145.218.49.36
351,Abram,Limbert,alimbert9q@pinterest.com,Male,137.11.170.196
352,Micaela,Bristow,mbristow9r@omniture.com,Female,31.114.204.223
353,Cyrille,Doud,cdoud9s@shinystat.com,Male,233.0.0.15
354,Sidney,Klainer,sklainer9t@ebay.co.uk,Male,192.122.74.217
355,Maurita,Findon,mfindon9u@fda.gov,Female,219.197.55.126
356,Vaughn,Campanelle,vcampanelle9v@theguardian.com,Male,135.120.153.48
357,Juanita,Bessom,jbessom9w@cargocollective.com,Female,89.191.63.192
358,Corey,Averall,caverall9x@nba.com,Female,116.205.222.8
359,Carina,Pauley,cpauley9y@alexa.com,Female,188.224.183.0
360,Gracie,Franca,gfranca9z@apple.com,Female,2.135.182.63
361,Jess,Light,jlighta0@youtu.be,Male,31.133.191.38
362,Connie,Winch,cwincha1@tiny.cc,Male,197.205.166.85
363,Lauren,Haughian,lhaughiana2@desdev.cn,Male,167.147.25.249
364,Jamaal,Bakes,jbakesa3@cdc.gov,Male,219.146.183.233
365,Wini,Crossgrove,wcrossgrovea4@epa.gov,Polygender,118.219.231.13
366,Filmore,Gransden,fgransdena5@opensource.org,Male,117.242.53.74
367,Gabbey,Godlonton,ggodlontona6@msn.com,Female,232.172.14.69
368,Grazia,Bolens,gbolensa7@sun.com,Female,110.135.85.213
369,Trixie,Ubsdall,tubsdalla8@etsy.com,Female,154.92.34.120
370,Hinze,Messitt,hmessitta9@chicagotribune.com,Male,123.194.202.14
371,Lauralee,Colten,lcoltenaa@reference.com,Female,250.15.119.1
372,Calley,Rickasse,crickasseab@java.com,Female,188.203.112.162
373,Bertram,Nott,bnottac@usda.gov,Male,221.147.121.109
374,Giorgio,Pitone,gpitonead@boston.com,Male,96.242.55.122
375,Meredeth,England,menglandae@ted.com,Male,216.130.220.58
376,Rolando,Sissons,rsissonsaf@theatlantic.com,Bigender,189.175.36.24
377,Korella,Gerrets,kgerretsag@nytimes.com,Female,76.163.227.198
378,Marlena,Veltman,mveltmanah@booking.com,Female,57.112.19.111
379,Shayna,Nelmes,snelmesai@foxnews.com,Female,252.147.34.210
380,Barn,Farron,bfarronaj@jugem.jp,Male,51.178.136.184
381,Leia,Deppen,ldeppenak@google.cn,Female,170.148.167.249
382,Waite,Verman,wvermanal@icq.com,Male,8.132.149.204
383,Guss,Ferminger,gfermingeram@myspace.com,Male,170.119.38.163
384,Humfrey,East,heastan@economist.com,Male,146.58.49.86
385,Adelice,Kendal,akendalao@furl.net,Female,0.234.23.235
386,Fayre,Willas,fwillasap@engadget.com,Female,55.153.41.168
387,Vladamir,Mountain,vmountainaq@bluehost.com,Male,64.149.18.159
388,Margie,Toolin,mtoolinar@rakuten.co.jp,Female,83.143.152.133
389,Gill,Cubbino,gcubbinoas@spiegel.de,Female,226.36.244.50
390,Thorin,Hayfield,thayfieldat@symantec.com,Male,29.126.109.129
391,Slade,Philpault,sphilpaultau@sphinn.com,Male,170.68.219.79
392,Aurie,Klimt,aklimtav@craigslist.org,Female,234.208.169.74
393,Price,Dearlove,pdearloveaw@hexun.com,Male,166.213.72.178
394,Maurizio,O'Curneen,mocurneenax@pcworld.com,Male,165.253.5.85
395,Barbey,Einchcombe,beinchcombeay@homestead.com,Female,21.64.26.250
396,Gale,Emmatt,gemmattaz@redcross.org,Male,221.228.211.218
397,Jerrilyn,Maillard,jmaillardb0@hao123.com,Female,235.181.224.155
398,Nevil,Tregunnah,ntregunnahb1@google.com.br,Male,22.194.119.185
399,Jessee,Reinhardt,jreinhardtb2@mtv.com,Male,215.33.193.14
400,Janice,Celler,jcellerb3@dot.gov,Female,18.233.150.86
401,Feliza,Vanni,fvannib4@ycombinator.com,Female,170.205.199.116
402,Louise,Harriss,lharrissb5@storify.com,Female,43.160.241.65
403,Zsa zsa,Spilsbury,zspilsburyb6@163.com,Polygender,143.173.82.221
404,Ramsey,Brawn,rbrawnb7@smugmug.com,Male,170.108.172.239
405,Ashil,Petrello,apetrellob8@jimdo.com,Female,108.111.157.87
406,Doralynn,Walter,dwalterb9@fema.gov,Female,198.22.144.243
407,Cherey,Tomasz,ctomaszba@msu.edu,Female,49.161.130.169
408,Vladimir,Norquay,vnorquaybb@intel.com,Male,84.255.187.199
409,Corey,Loisi,cloisibc@columbia.edu,Male,84.44.208.86
410,Norby,Rubinowitz,nrubinowitzbd@unc.edu,Male,56.240.16.255
411,Cletus,Phillput,cphillputbe@theatlantic.com,Male,203.149.108.229
412,Franciskus,Leates,fleatesbf@quantcast.com,Male,10.70.40.182
413,Oralla,Nerheny,onerhenybg@japanpost.jp,Female,77.195.6.174
414,Renaldo,Overy,roverybh@merriam-webster.com,Male,174.239.160.95
415,Sly,Zorzoni,szorzonibi@phpbb.com,Male,76.131.206.100
416,Arliene,Staresmeare,astaresmearebj@ucla.edu,Female,235.128.115.20
417,Jule,Halfpenny,jhalfpennybk@statcounter.com,Male,48.115.208.110
418,Kendell,Annis,kannisbl@networksolutions.com,Genderfluid,94.246.209.248
419,Vito,Ketcher,vketcherbm@people.com.cn,Male,110.137.71.34
420,Hoyt,Limbert,hlimbertbn@shareasale.com,Male,156.220.221.254
421,Rubin,Crookes,rcrookesbo@ning.com,Male,226.51.189.48
422,Humfrey,Bladen,hbladenbp@sbwire.com,Male,127.99.142.124
423,Bing,Tuminini,btumininibq@samsung.com,Male,236.68.170.45
424,Wilone,Smiths,wsmithsbr@4shared.com,Female,169.72.244.106
425,Carlo,Naish,cnaishbs@feedburner.com,Male,247.132.15.27
426,Leelah,Dougharty,ldoughartybt@army.mil,Female,135.151.4.55
427,Anders,Simonou,asimonoubu@msn.com,Male,52.202.24.240
428,Melissa,Kite,mkitebv@webeden.co.uk,Female,44.89.206.221
429,Xavier,Asipenko,xasipenkobw@bloomberg.com,Male,103.141.37.5
430,Tome,Cockcroft,tcockcroftbx@reuters.com,Male,43.93.113.238
431,Byran,Kondratenko,bkondratenkoby@i2i.jp,Male,154.45.90.26
432,Whitman,Lattey,wlatteybz@psu.edu,Male,77.233.141.154
433,Uta,O' Markey,uomarkeyc0@newsvine.com,Female,82.216.171.160
434,Neddie,Wickson,nwicksonc1@bizjournals.com,Male,245.230.56.230
435,Aguistin,Pittson,apittsonc2@indiatimes.com,Male,211.46.38.6
436,Whittaker,Knighton,wknightonc3@examiner.com,Male,77.114.222.25
437,Mischa,Seavers,mseaversc4@mail.ru,Male,209.64.112.229
438,Vergil,Cruttenden,vcruttendenc5@virginia.edu,Male,172.179.95.226
439,Rochette,Vasilchikov,rvasilchikovc6@go.com,Female,166.44.171.148
440,Quintilla,Akister,qakisterc7@google.es,Female,100.105.74.218
441,Adrea,Kondrat,akondratc8@ft.com,Female,61.12.231.174
442,Zebulon,Quinn,zquinnc9@simplemachines.org,Male,239.223.137.168
443,Fonz,Chittey,fchitteyca@statcounter.com,Male,178.217.174.104
444,Shanie,Sporgeon,ssporgeoncb@foxnews.com,Female,237.222.201.219
445,Wildon,Blondell,wblondellcc@reuters.com,Male,77.96.41.145
446,Cathryn,Wetherhead,cwetherheadcd@bbb.org,Female,63.47.159.138
447,Penny,Cawthron,pcawthronce@ocn.ne.jp,Genderqueer,255.74.161.86
448,Jourdain,Toor,jtoorcf@oaic.gov.au,Male,87.28.121.232
449,Frants,Dudny,fdudnycg@xing.com,Male,5.59.146.5
450,Nahum,Pavlovsky,npavlovskych@mail.ru,Male,220.177.76.88
451,Brandise,Korejs,bkorejsci@gravatar.com,Female,203.196.72.125
452,Virgie,Skones,vskonescj@t-online.de,Male,173.247.28.227
453,Diandra,Brister,dbristerck@clickbank.net,Female,180.196.20.79
454,Christie,Prophet,cprophetcl@sourceforge.net,Female,237.181.162.77
455,Jerrold,Baulcombe,jbaulcombecm@sun.com,Male,65.6.25.254
456,Maren,McMonnies,mmcmonniescn@ucla.edu,Female,201.42.31.202
457,Sophey,Toleman,stolemanco@themeforest.net,Female,206.219.3.167
458,Junette,Dewberry,jdewberrycp@uiuc.edu,Genderqueer,37.240.247.222
459,Oberon,Goodliff,ogoodliffcq@java.com,Male,44.93.138.210
460,Mose,Strond,mstrondcr@mapy.cz,Male,231.47.202.116
461,Alasdair,Wank,awankcs@feedburner.com,Bigender,78.12.215.138
462,Karoly,Hiley,khileyct@usgs.gov,Female,208.15.44.19
463,Daniella,Malpas,dmalpascu@artisteer.com,Female,136.159.176.154
464,Barrie,Klugel,bklugelcv@bbb.org,Male,210.66.190.153
465,Miles,Westberg,mwestbergcw@dion.ne.jp,Male,144.18.75.118
466,Clementina,Heaven,cheavencx@yellowbook.com,Female,131.69.145.163
467,Lark,Concannon,lconcannoncy@bloglovin.com,Genderqueer,186.74.182.125
468,Freddy,Bullivent,fbulliventcz@netscape.com,Female,157.126.200.79
469,Giavani,Rickcord,grickcordd0@homestead.com,Male,60.253.241.16
470,Kinsley,Kardos,kkardosd1@va.gov,Male,228.224.151.32
471,Cleon,Zahor,czahord2@un.org,Male,108.90.50.26
472,Swen,Tockell,stockelld3@eepurl.com,Male,172.169.149.180
473,Ariel,Katte,akatted4@51.la,Male,197.99.14.117
474,Cosimo,Corrett,ccorrettd5@engadget.com,Male,240.73.41.130
475,Carmel,Bromhead,cbromheadd6@mit.edu,Female,44.73.23.146
476,Lucine,Rastrick,lrastrickd7@fema.gov,Female,70.25.55.107
477,Kevin,Bloodworthe,kbloodworthed8@mail.ru,Male,81.235.191.1
478,Irita,Treadgold,itreadgoldd9@japanpost.jp,Genderfluid,114.21.234.131
479,Sampson,Stiles,sstilesda@sphinn.com,Genderfluid,225.8.220.157
480,Lorry,Wyer,lwyerdb@umich.edu,Male,138.136.3.51
481,Charla,Baptista,cbaptistadc@census.gov,Female,135.55.197.255
482,Juan,Odde,joddedd@squarespace.com,Male,98.87.99.205
483,Luce,Argo,largode@netscape.com,Female,152.230.209.83
484,Anne-corinne,Peret,aperetdf@psu.edu,Genderqueer,22.54.173.137
485,Tobit,Habershaw,thabershawdg@unesco.org,Male,15.126.161.152
486,Vern,Boulds,vbouldsdh@themeforest.net,Male,48.27.122.75
487,Linea,Cawker,lcawkerdi@paginegialle.it,Bigender,47.136.90.62
488,Deanna,Slowcock,dslowcockdj@ocn.ne.jp,Female,187.13.91.253
489,Harmonia,Campo,hcampodk@sitemeter.com,Female,215.91.245.149
490,Wallache,Cato,wcatodl@goodreads.com,Male,85.124.96.142
491,Holly,Teesdale,hteesdaledm@europa.eu,Genderfluid,218.79.92.97
492,Nial,Gaber,ngaberdn@redcross.org,Male,12.65.152.103
493,Connie,Bannister,cbannisterdo@marketwatch.com,Male,231.234.254.238
494,Kale,Guwer,kguwerdp@opera.com,Male,93.225.67.68
495,Masha,Beeck,mbeeckdq@umich.edu,Female,30.16.53.169
496,Wallace,Capnerhurst,wcapnerhurstdr@cmu.edu,Male,96.235.131.254
497,Wilhelmina,Backwell,wbackwellds@squarespace.com,Female,94.3.189.79
498,Esta,Craighead,ecraigheaddt@army.mil,Genderqueer,210.77.82.90
499,Hilda,Danbye,hdanbyedu@nbcnews.com,Female,134.17.24.201
500,Giacobo,Gonsalvo,ggonsalvodv@naver.com,Male,183.222.1.50
501,Estele,Brasseur,ebrasseurdw@cnet.com,Female,4.223.136.196
502,Cassondra,Dunks,cdunksdx@homestead.com,Polygender,90.242.203.40
503,Ibrahim,Dunseith,idunseithdy@europa.eu,Male,1.139.4.121
504,Hetty,Maslin,hmaslindz@over-blog.com,Female,189.244.108.162
505,Anna,Fettes,afettese0@deviantart.com,Female,210.71.137.228
506,Gwyn,Monan,gmonane1@baidu.com,Female,51.96.248.79
507,Web,Whellams,wwhellamse2@liveinternet.ru,Male,97.203.111.227
508,Randell,Forte,rfortee3@wordpress.com,Male,95.63.215.96
509,Arlinda,McKerton,amckertone4@utexas.edu,Non-binary,167.114.85.134
510,Devlen,Tresise,dtresisee5@mayoclinic.com,Male,167.155.145.190
511,Izak,Egger,ieggere6@samsung.com,Male,147.70.75.74
512,Bentlee,Tompkins,btompkinse7@xrea.com,Male,125.164.11.10
513,Erastus,Chapman,echapmane8@craigslist.org,Male,209.152.18.237
514,Ludwig,MacGillicuddy,lmacgillicuddye9@businessinsider.com,Male,103.135.139.123
515,Mitch,Wedon,mwedonea@smugmug.com,Male,2.170.98.50
516,Hamel,Bayfield,hbayfieldeb@mashable.com,Male,111.150.139.108
517,Fraser,Minmagh,fminmaghec@businesswire.com,Male,214.250.187.152
518,Haydon,Trenholm,htrenholmed@chron.com,Male,201.95.208.153
519,Georgeta,Ben-Aharon,gbenaharonee@netscape.com,Female,216.17.151.127
520,Timotheus,Amberg,tambergef@feedburner.com,Male,196.173.117.36
521,Florinda,Gibbetts,fgibbettseg@patch.com,Female,50.61.129.67
522,Had,Lampaert,hlampaerteh@wiley.com,Male,116.19.180.242
523,Rowland,Greenshields,rgreenshieldsei@google.com.hk,Male,151.46.247.173
524,Packston,Bartalucci,pbartalucciej@altervista.org,Male,248.205.71.119
525,Powell,Allebone,palleboneek@whitehouse.gov,Male,105.111.215.46
526,Merle,Keyson,mkeysonel@yahoo.com,Female,169.80.123.182
527,Cordie,Juliff,cjuliffem@behance.net,Female,0.219.64.87
528,Clevey,Renard,crenarden@dell.com,Male,233.132.97.132
529,Elsey,Zorzetti,ezorzettieo@bizjournals.com,Female,111.223.145.115
530,Joellyn,Baudichon,jbaudichonep@opensource.org,Female,112.76.251.128
531,Minny,Conws,mconwseq@i2i.jp,Female,4.217.241.220
532,Florence,Geale,fgealeer@phpbb.com,Female,181.189.61.81
533,Joellyn,Mersh,jmershes@amazon.co.jp,Female,134.95.249.184
534,Betteann,Shutte,bshutteet@pbs.org,Female,149.69.114.1
535,Geri,Huguenet,ghugueneteu@baidu.com,Female,79.185.16.74
536,Bendicty,Gibbs,bgibbsev@tripadvisor.com,Male,156.102.85.51
537,Sibyl,Ablott,sablottew@netlog.com,Female,80.188.234.26
538,Toddy,Koppen,tkoppenex@desdev.cn,Male,184.233.22.92
539,Arline,Lathee,alatheeey@merriam-webster.com,Female,206.165.148.167
540,Leighton,Verrell,lverrellez@plala.or.jp,Agender,74.235.105.145
541,Joyann,Reubbens,jreubbensf0@homestead.com,Female,226.166.141.151
542,Ajay,Forkan,aforkanf1@shutterfly.com,Female,53.101.37.40
543,Charline,Lacoste,clacostef2@1und1.de,Female,76.17.96.194
544,Ruthi,Menichino,rmenichinof3@archive.org,Female,116.57.80.43
545,Elsey,Graffin,egraffinf4@narod.ru,Female,40.51.56.115
546,Joshia,Bessom,jbessomf5@imageshack.us,Male,167.8.181.78
547,Curt,MacCaughey,cmaccaugheyf6@privacy.gov.au,Male,152.58.242.129
548,Dave,McMyler,dmcmylerf7@hostgator.com,Non-binary,148.206.133.79
549,Joby,Ajean,jajeanf8@scientificamerican.com,Female,97.46.21.24
550,Gal,Bruckmann,gbruckmannf9@t-online.de,Male,19.141.192.77
551,Julienne,Ayto,jaytofa@domainmarket.com,Polygender,7.102.67.111
552,Tome,Bigg,tbiggfb@ca.gov,Male,62.108.211.39
553,Bertrando,Cossons,bcossonsfc@usgs.gov,Male,63.122.101.35
554,Bernadine,Cottham,bcotthamfd@squidoo.com,Female,57.124.58.85
555,Erena,Lumsdale,elumsdalefe@fema.gov,Female,244.197.188.112
556,Elfie,Thornebarrow,ethornebarrowff@webeden.co.uk,Female,139.63.187.152
557,Hatty,Tyres,htyresfg@toplist.cz,Female,55.39.165.42
558,Matthiew,MacAindreis,mmacaindreisfh@oracle.com,Male,67.90.21.249
559,Briney,Warrack,bwarrackfi@list-manage.com,Genderqueer,243.180.88.94
560,Augusta,Dullard,adullardfj@buzzfeed.com,Female,61.154.108.99
561,Cass,Lathe,clathefk@linkedin.com,Male,233.24.69.136
562,Nehemiah,Elen,nelenfl@blogtalkradio.com,Male,195.52.153.90
563,Ramonda,Coffelt,rcoffeltfm@cbc.ca,Female,19.150.230.164
564,Larina,Richter,lrichterfn@miibeian.gov.cn,Female,144.91.25.135
565,Tremaine,Bracknall,tbracknallfo@wikipedia.org,Male,177.14.24.115
566,Chery,Robardley,crobardleyfp@soundcloud.com,Agender,140.246.130.47
567,Marta,Bartel,mbartelfq@va.gov,Polygender,224.31.124.148
568,Inger,Fiddiman,ifiddimanfr@fotki.com,Male,197.53.122.208
569,Gracie,Baudacci,gbaudaccifs@desdev.cn,Genderqueer,219.180.243.33
570,Felipe,Sedgman,fsedgmanft@bizjournals.com,Male,13.94.216.78
571,Cecilius,Ladloe,cladloefu@msn.com,Male,254.140.3.216
572,Anett,Noquet,anoquetfv@state.gov,Female,133.8.213.157
573,Talbert,Ormes,tormesfw@jugem.jp,Male,10.75.11.195
574,Domenic,Lampens,dlampensfx@mozilla.com,Male,163.232.101.218
575,Margarita,Danelut,mdanelutfy@kickstarter.com,Female,230.136.140.240
576,Kale,Ubsdell,kubsdellfz@fastcompany.com,Polygender,200.201.231.95
577,Sibeal,Clementi,sclementig0@trellian.com,Female,121.62.137.9
578,Alister,Poluzzi,apoluzzig1@ucsd.edu,Male,20.96.70.219
579,Lelia,Paybody,lpaybodyg2@51.la,Female,84.66.162.50
580,Roch,Delbergue,rdelbergueg3@gmpg.org,Female,58.98.200.167
581,Libbey,Peare,lpeareg4@archive.org,Female,163.152.50.53
582,Latia,Pughe,lpugheg5@nyu.edu,Female,205.108.239.227
583,Nigel,Rowett,nrowettg6@ovh.net,Male,241.214.22.38
584,Imogen,Hewins,ihewinsg7@deliciousdays.com,Female,194.130.136.98
585,Bran,Czaja,bczajag8@amazon.com,Male,135.249.251.78
586,Reggi,Beardall,rbeardallg9@etsy.com,Female,239.53.179.159
587,Diann,Castelijn,dcastelijnga@ameblo.jp,Female,145.73.140.88
588,Carmelita,Medeway,cmedewaygb@wikispaces.com,Female,166.152.16.118
589,Catie,Menlove,cmenlovegc@state.tx.us,Female,178.107.127.57
590,Brandise,Kegg,bkegggd@over-blog.com,Female,180.109.164.168
591,Charyl,Baldazzi,cbaldazzige@tinyurl.com,Female,80.221.113.196
592,Irvin,Emeny,iemenygf@bbc.co.uk,Male,188.166.94.237
593,Darbie,Kiggel,dkiggelgg@who.int,Female,96.163.94.37
594,Alfredo,Greenham,agreenhamgh@illinois.edu,Male,176.127.164.74
595,Rosalie,Mc Gaughey,rmcgaugheygi@skype.com,Female,29.128.192.30
596,Neile,Jeanon,njeanongj@people.com.cn,Non-binary,19.236.61.241
597,Randolph,Fynes,rfynesgk@ocn.ne.jp,Male,42.242.115.19
598,Marja,Lauridsen,mlauridsengl@github.com,Female,7.193.138.47
599,Tristan,Thomtson,tthomtsongm@abc.net.au,Male,253.158.137.154
600,Letty,Mc Carrick,lmccarrickgn@imgur.com,Female,187.152.253.3
601,Shoshanna,Rafe,srafego@addthis.com,Female,167.74.139.110
602,Meredith,Skone,mskonegp@paypal.com,Male,135.111.216.145
603,Hadrian,Sanger,hsangergq@i2i.jp,Male,230.89.50.200
604,Mill,LaBastida,mlabastidagr@nyu.edu,Male,121.136.5.70
605,Prent,Akram,pakramgs@dedecms.com,Male,245.117.43.65
606,Al,Levens,alevensgt@google.cn,Male,250.106.128.6
607,Thacher,Siburn,tsiburngu@elegantthemes.com,Male,26.208.23.55
608,Ewan,Ling,elinggv@army.mil,Male,142.28.11.8
609,Sadye,Aggus,saggusgw@wufoo.com,Female,66.236.104.212
610,Garwood,Hayball,ghayballgx@microsoft.com,Genderqueer,19.86.67.173
611,Olivia,Chaundy,ochaundygy@blogspot.com,Female,87.254.112.100
612,Fraze,Jewis,fjewisgz@disqus.com,Genderqueer,193.19.155.64
613,Shel,de Courcy,sdecourcyh0@harvard.edu,Female,69.0.43.3
614,Charlie,Stenbridge,cstenbridgeh1@blogger.com,Male,70.191.155.115
615,Janith,Hulatt,jhulatth2@bing.com,Female,146.43.62.47
616,Hallie,Oxbury,hoxburyh3@wikispaces.com,Polygender,16.134.123.222
617,Ralf,Bonfield,rbonfieldh4@joomla.org,Male,27.76.151.159
618,Benedicta,Pottes,bpottesh5@ed.gov,Agender,118.58.172.57
619,Emmalee,Kellett,ekelletth6@google.es,Bigender,102.171.24.145
620,Haven,Lorant,hloranth7@baidu.com,Male,223.204.43.92
621,Gusta,Tittershill,gtittershillh8@skype.com,Female,103.65.96.219
622,Elysia,Ashworth,eashworthh9@over-blog.com,Female,159.2.95.82
623,Celine,Lichtfoth,clichtfothha@abc.net.au,Agender,182.163.19.189
624,Hestia,Meriott,hmeriotthb@cbslocal.com,Female,15.77.47.233
625,Stevie,Ball,sballhc@washington.edu,Agender,17.87.170.60
626,Ario,Tressler,atresslerhd@mashable.com,Male,118.170.219.11
627,Gypsy,Moughtin,gmoughtinhe@bing.com,Female,220.176.197.203
628,Aylmer,Malley,amalleyhf@amazon.com,Male,57.138.213.45
629,Dita,Hazeldene,dhazeldenehg@un.org,Female,138.5.60.251
630,Dennie,Scoyne,dscoynehh@toplist.cz,Male,105.3.214.215
631,Jere,Lightewood,jlightewoodhi@tinypic.com,Male,227.255.3.237
632,Amby,Nellen,anellenhj@vkontakte.ru,Male,30.19.46.192
633,Desiri,Lindeberg,dlindeberghk@mit.edu,Female,15.221.157.105
634,Kelsey,Garken,kgarkenhl@mapy.cz,Male,172.72.20.166
635,Vivyanne,Longforth,vlongforthhm@opera.com,Agender,71.190.125.158
636,Moises,Stealy,mstealyhn@discovery.com,Male,145.129.96.90
637,Edward,Eggerton,eeggertonho@slate.com,Male,105.52.27.160
638,Erv,McConaghy,emcconaghyhp@163.com,Male,155.199.28.212
639,Maryl,Mabone,mmabonehq@rambler.ru,Polygender,231.18.37.30
640,Ruperto,Gillian,rgillianhr@indiatimes.com,Male,0.54.239.7
641,Emilee,Darlison,edarlisonhs@theguardian.com,Female,71.131.32.143
642,Nye,Cleynaert,ncleynaertht@rediff.com,Male,41.166.92.8
643,Mehetabel,Tick,mtickhu@symantec.com,Female,48.30.52.126
644,Pamela,Vidler,pvidlerhv@jigsy.com,Female,41.112.121.222
645,Worth,Worsnip,wworsniphw@house.gov,Male,115.222.38.126
646,Franchot,Taveriner,ftaverinerhx@salon.com,Male,100.137.39.159
647,Gaye,Aliberti,galibertihy@bloglovin.com,Female,229.170.196.143
648,Cristin,Tombleson,ctomblesonhz@nyu.edu,Female,162.90.244.19
649,Angil,Hortop,ahortopi0@smh.com.au,Female,70.235.181.120
650,Letisha,Thom,lthomi1@globo.com,Female,126.214.63.168
651,Elsy,Fassan,efassani2@google.es,Female,111.181.84.185
652,Dinah,Cicullo,dciculloi3@tuttocitta.it,Female,175.37.245.38
653,Kayne,Reignould,kreignouldi4@digg.com,Male,146.238.106.123
654,Etan,Siddall,esiddalli5@chicagotribune.com,Male,161.59.137.126
655,Adelaide,Saxton,asaxtoni6@princeton.edu,Female,49.17.162.89
656,Nefen,Margery,nmargeryi7@nationalgeographic.com,Male,109.182.140.45
657,Aime,McReidy,amcreidyi8@salon.com,Female,54.22.167.239
658,Lindy,Strevens,lstrevensi9@nifty.com,Male,42.253.9.116
659,Egon,Leyburn,eleyburnia@cyberchimps.com,Male,227.150.17.79
660,Goldy,Breakey,gbreakeyib@ucsd.edu,Female,66.243.224.183
661,Monah,Clemow,mclemowic@soup.io,Female,61.176.74.29
662,Easter,Kubasek,ekubasekid@globo.com,Female,83.52.226.219
663,Brad,Ruffles,brufflesie@jimdo.com,Male,122.197.39.171
664,Ferris,Domico,fdomicoif@comcast.net,Male,29.250.190.118
665,Wainwright,Fellona,wfellonaig@issuu.com,Male,1.56.38.175
666,Vinnie,Smallsman,vsmallsmanih@utexas.edu,Male,240.201.104.23
667,Earvin,Augustine,eaugustineii@independent.co.uk,Male,158.155.34.117
668,Mord,McCowen,mmccowenij@npr.org,Male,30.211.156.211
669,Pen,Causey,pcauseyik@exblog.jp,Male,89.116.179.162
670,Cariotta,Fetherston,cfetherstonil@ameblo.jp,Female,120.227.201.139
671,Robinet,Nutbeem,rnutbeemim@i2i.jp,Male,183.184.145.230
672,Aguie,Danihelka,adanihelkain@bbb.org,Male,25.235.3.138
673,Rey,Sollis,rsollisio@nifty.com,Male,11.164.174.250
674,Eldin,Benz,ebenzip@wordpress.com,Male,84.168.113.26
675,Jo,Winchurch,jwinchurchiq@engadget.com,Female,179.173.119.226
676,Sada,Occleshaw,soccleshawir@wikipedia.org,Female,117.35.111.85
677,Moreen,Desson,mdessonis@wired.com,Genderqueer,219.26.23.182
678,Franchot,Lambregts,flambregtsit@livejournal.com,Male,131.189.25.232
679,Darnall,Cyson,dcysoniu@slashdot.org,Male,190.229.133.83
680,Tracie,Uphill,tuphilliv@aboutads.info,Female,201.18.179.16
681,Gerry,Everton,gevertoniw@harvard.edu,Male,165.0.224.81
682,Dacia,Plaide,dplaideix@google.fr,Female,190.77.145.229
683,Belle,Darton,bdartoniy@tamu.edu,Female,111.93.2.87
684,Rossie,Vanyakin,rvanyakiniz@hhs.gov,Male,233.107.42.232
685,Tova,De Moreno,tdemorenoj0@yolasite.com,Female,62.250.108.151
686,Nadya,Jelleman,njellemanj1@fastcompany.com,Female,96.80.186.98
687,Jasen,Baggelley,jbaggelleyj2@google.es,Male,238.116.111.222
688,Feliks,Shillabeer,fshillabeerj3@latimes.com,Male,195.223.8.142
689,Konrad,Houselee,khouseleej4@youtube.com,Male,143.244.169.230
690,Ricki,Whatsize,rwhatsizej5@instagram.com,Female,75.89.191.50
691,Oran,Senussi,osenussij6@cnn.com,Male,42.194.38.101
692,Gloriane,Woodroff,gwoodroffj7@artisteer.com,Female,170.154.228.73
693,Octavius,Dadd,odaddj8@1688.com,Male,52.216.60.188
694,Timmy,Gindghill,tgindghillj9@youtube.com,Male,195.245.148.113
695,Patton,Bithany,pbithanyja@biblegateway.com,Genderfluid,157.52.41.13
696,Thorpe,Hollyar,thollyarjb@engadget.com,Genderfluid,80.116.32.111
697,Felicio,Tiuit,ftiuitjc@bloglines.com,Male,29.53.12.53
698,Gordie,Pietzke,gpietzkejd@w3.org,Male,24.240.34.167
699,Stillmann,Michelle,smichelleje@wp.com,Male,124.180.42.210
700,Miguela,Shackell,mshackelljf@g.co,Bigender,87.228.182.201
701,Wyatt,Gaine of England,wgaineofenglandjg@oaic.gov.au,Male,249.140.230.216
702,Tobi,Schoenrock,tschoenrockjh@sohu.com,Female,82.105.246.45
703,Lemmy,Giacomini,lgiacominiji@dagondesign.com,Male,171.112.144.102
704,Lock,Vondracek,lvondracekjj@dailymail.co.uk,Male,162.133.249.204
705,Therine,Brabbs,tbrabbsjk@furl.net,Agender,222.84.15.31
706,Barry,Folshom,bfolshomjl@google.com.hk,Male,87.11.29.203
707,Giffie,Wickes,gwickesjm@google.nl,Male,233.148.201.143
708,Gerrie,Critoph,gcritophjn@topsy.com,Female,95.140.64.107
709,Susi,Curreen,scurreenjo@theglobeandmail.com,Female,144.180.71.27
710,Lulu,Shitliff,lshitliffjp@theatlantic.com,Female,109.242.70.115
711,Bethina,Markson,bmarksonjq@patch.com,Genderfluid,205.54.14.82
712,Pattin,Kike,pkikejr@furl.net,Male,50.146.227.7
713,Kory,Upshall,kupshalljs@desdev.cn,Male,244.61.50.205
714,Sid,Biasi,sbiasijt@utexas.edu,Male,44.160.162.90
715,Wang,Bordiss,wbordissju@topsy.com,Male,18.65.241.224
716,Olwen,Elph,oelphjv@stumbleupon.com,Female,251.163.81.36
717,May,Cossam,mcossamjw@dyndns.org,Female,225.114.78.224
718,Cosmo,Moir,cmoirjx@blogger.com,Male,53.69.65.113
719,Paton,Jenks,pjenksjy@theguardian.com,Male,41.0.54.169
720,Marcellina,Spreag,mspreagjz@comsenz.com,Female,177.252.197.84
721,Anthea,Wellbelove,awellbelovek0@statcounter.com,Female,117.102.203.175
722,Kellsie,Lorkings,klorkingsk1@elpais.com,Female,1.245.37.226
723,Morse,Jacobowicz,mjacobowiczk2@illinois.edu,Male,189.64.250.222
724,Kurtis,Hubbucke,khubbuckek3@wp.com,Male,83.233.87.86
725,Guthrey,Yanukhin,gyanukhink4@purevolume.com,Male,139.14.190.170
726,Dolli,Eddoes,deddoesk5@twitter.com,Female,74.137.215.119
727,Aron,St Angel,astangelk6@so-net.ne.jp,Male,50.37.44.156
728,Esma,Snassell,esnassellk7@mail.ru,Female,233.46.71.215
729,Saloma,Gianettini,sgianettinik8@webeden.co.uk,Female,19.239.94.167
730,Minerva,Penhalewick,mpenhalewickk9@timesonline.co.uk,Female,63.225.36.89
731,Averyl,Beacham,abeachamka@upenn.edu,Female,138.117.161.209
732,Ganny,Coppo,gcoppokb@quantcast.com,Male,1.53.100.53
733,Renard,Sculley,rsculleykc@tinypic.com,Male,216.228.139.198
734,Clair,Creaven,ccreavenkd@tripod.com,Male,250.130.98.207
735,Granville,Kidde,gkiddeke@sitemeter.com,Male,209.140.115.116
736,Gearard,Maudett,gmaudettkf@auda.org.au,Male,156.218.117.131
737,Bobbi,Dalgetty,bdalgettykg@alexa.com,Female,225.186.184.2
738,Demetre,Riddles,driddleskh@list-manage.com,Male,95.2.194.141
739,Patty,Soppit,psoppitki@blog.com,Female,255.51.91.6
740,Kimmy,Wheway,kwhewaykj@zdnet.com,Female,235.157.39.251
741,Candis,Brisset,cbrissetkk@princeton.edu,Genderqueer,175.223.212.54
742,Abra,Ivashchenko,aivashchenkokl@diigo.com,Female,201.175.1.160
743,Vidovic,Skellorne,vskellornekm@umich.edu,Bigender,23.122.182.42
744,Berkly,Gonning,bgonningkn@aol.com,Male,114.210.61.184
745,Vanya,Noye,vnoyeko@java.com,Male,251.235.50.219
746,Ernesto,Blackater,eblackaterkp@icio.us,Male,130.142.81.140
747,Hobart,Loadman,hloadmankq@sourceforge.net,Male,190.86.144.243
748,Lemmie,Hunnisett,lhunnisettkr@arizona.edu,Male,134.176.127.224
749,Ezekiel,Chapleo,echapleoks@mediafire.com,Male,81.62.156.0
750,Michele,Bate,mbatekt@phpbb.com,Male,144.98.254.94
751,Tedi,Grimbleby,tgrimblebyku@e-recht24.de,Female,20.236.47.129
752,Twyla,De Mars,tdemarskv@yolasite.com,Female,153.160.158.21
753,Beau,Garton,bgartonkw@gizmodo.com,Male,195.117.253.116
754,Tobias,Walkden,twalkdenkx@paypal.com,Male,246.169.210.1
755,Hanan,McDool,hmcdoolky@redcross.org,Male,252.99.250.5
756,Robbert,Comfort,rcomfortkz@upenn.edu,Male,29.142.0.39
757,Ursa,Brunton,ubruntonl0@is.gd,Female,11.137.114.214
758,Blisse,Millions,bmillionsl1@networksolutions.com,Female,145.104.61.62
759,Boony,Sanpere,bsanperel2@utexas.edu,Male,157.83.9.140
760,Halli,Cleife,hcleifel3@guardian.co.uk,Female,79.97.76.204
761,Sunny,Misselbrook,smisselbrookl4@europa.eu,Male,75.18.214.4
762,Standford,Dyde,sdydel5@example.com,Male,204.142.164.49
763,Xena,Cicchelli,xcicchellil6@tripod.com,Female,213.16.242.110
764,Dan,Stanmer,dstanmerl7@cocolog-nifty.com,Male,193.80.183.81
765,Carlina,Turneux,cturneuxl8@ft.com,Female,93.101.14.9
766,Chandra,Cullerne,ccullernel9@newsvine.com,Female,186.32.96.203
767,Francklyn,Rides,fridesla@newyorker.com,Male,231.8.252.49
768,Tabina,Hazeley,thazeleylb@wordpress.org,Female,226.238.207.9
769,Ursuline,Longworthy,ulongworthylc@addthis.com,Female,11.179.202.254
770,Nobe,Collin,ncollinld@simplemachines.org,Male,185.29.157.83
771,Tobin,Geaves,tgeavesle@thetimes.co.uk,Male,179.23.193.232
772,Andi,Kibbye,akibbyelf@nhs.uk,Female,80.66.113.190
773,Huntlee,Bowmen,hbowmenlg@yahoo.com,Male,18.25.96.37
774,Bonnie,Birtles,bbirtleslh@ezinearticles.com,Genderqueer,215.237.9.95
775,Herta,Tayspell,htayspellli@guardian.co.uk,Female,250.177.211.70
776,Jedediah,Goldney,jgoldneylj@taobao.com,Male,245.46.158.67
777,Catherine,Vallance,cvallancelk@kickstarter.com,Female,61.216.239.193
778,Filberte,Bassingden,fbassingdenll@dailymail.co.uk,Male,122.191.115.131
779,Agustin,Degoy,adegoylm@blogspot.com,Male,150.86.97.16
780,Jolene,Burtenshaw,jburtenshawln@hugedomains.com,Female,23.200.212.22
781,Henrie,Stollmeier,hstollmeierlo@npr.org,Bigender,217.220.181.26
782,Ailyn,Sitwell,asitwelllp@tamu.edu,Female,151.252.116.126
783,Adolf,Highwood,ahighwoodlq@apache.org,Male,98.111.148.247
784,Rodney,Meek,rmeeklr@51.la,Male,54.176.24.223
785,Fey,Amsberger,famsbergerls@xrea.com,Genderqueer,200.42.194.3
786,Dal,Croker,dcrokerlt@dedecms.com,Male,169.128.67.234
787,Shandra,Haffner,shaffnerlu@wordpress.com,Genderqueer,196.94.60.119
788,Jessie,Hamstead,jhamsteadlv@desdev.cn,Male,134.252.221.51
789,Salomone,Pendrigh,spendrighlw@w3.org,Male,59.169.148.143
790,Starlene,Roddell,sroddelllx@hud.gov,Female,53.167.36.241
791,Terrye,Danjoie,tdanjoiely@mozilla.com,Female,61.197.237.255
792,Thom,Olney,tolneylz@4shared.com,Genderqueer,118.141.213.153
793,Donnell,Rolling,drollingm0@xrea.com,Male,179.220.39.97
794,Prudi,Gooderidge,pgooderidgem1@instagram.com,Female,97.182.39.194
795,Roddie,Madders,rmaddersm2@usnews.com,Male,0.93.89.36
796,Carrie,Stolz,cstolzm3@google.com.au,Female,34.150.216.119
797,Opaline,DeSousa,odesousam4@auda.org.au,Female,94.193.132.32
798,Candida,Sanday,csandaym5@ning.com,Female,159.69.116.168
799,Donaugh,Kmieciak,dkmieciakm6@1und1.de,Male,223.43.107.16
800,Gearard,Rousby,grousbym7@webeden.co.uk,Male,159.20.32.131
801,Xenia,Riveles,xrivelesm8@hao123.com,Female,122.29.37.166
802,Hettie,Tremayne,htremaynem9@tuttocitta.it,Polygender,168.25.206.36
803,Robbyn,Marler,rmarlerma@blog.com,Female,240.190.102.172
804,Hilly,Karoly,hkarolymb@apple.com,Non-binary,11.93.144.99
805,Lindi,Bonass,lbonassmc@topsy.com,Polygender,196.140.15.180
806,Marjy,Brainsby,mbrainsbymd@blogspot.com,Female,5.31.129.117
807,Neel,Peeke-Vout,npeekevoutme@abc.net.au,Genderfluid,239.255.156.185
808,Randie,Hovey,rhoveymf@ihg.com,Male,53.174.72.79
809,Kristo,Kimberly,kkimberlymg@dagondesign.com,Male,167.14.31.116
810,Bald,Saer,bsaermh@mail.ru,Male,150.155.66.115
811,Elyse,Mainds,emaindsmi@ucoz.com,Female,33.153.172.100
812,Ky,Siggens,ksiggensmj@people.com.cn,Male,215.104.173.46
813,Chad,Aylett,caylettmk@hubpages.com,Bigender,149.109.181.85
814,Durant,Leggate,dleggateml@foxnews.com,Male,186.47.25.152
815,Adda,Gallardo,agallardomm@cyberchimps.com,Female,229.93.149.171
816,Leanna,Alekseev,lalekseevmn@fda.gov,Female,195.59.204.62
817,Brockie,Lagde,blagdemo@stumbleupon.com,Agender,126.44.227.88
818,Cash,Milnes,cmilnesmp@wordpress.org,Male,177.221.141.66
819,Janifer,Axtens,jaxtensmq@opera.com,Female,0.86.43.141
820,Cilka,MacCaull,cmaccaullmr@nydailynews.com,Female,82.220.196.254
821,Zelda,Euplate,zeuplatems@epa.gov,Female,216.52.251.97
822,Hunfredo,Dionisi,hdionisimt@patch.com,Male,76.172.208.155
823,Saree,Grassin,sgrassinmu@amazonaws.com,Female,238.17.68.2
824,Jo,Belden,jbeldenmv@seesaa.net,Female,149.22.134.96
825,Fern,Moorcroft,fmoorcroftmw@1688.com,Female,93.99.210.97
826,Bjorn,McAllester,bmcallestermx@wikia.com,Male,53.105.82.147
827,Frankie,Kunze,fkunzemy@comcast.net,Male,149.255.175.17
828,Nilson,Ortet,nortetmz@skype.com,Male,39.124.65.136
829,Waiter,Gimert,wgimertn0@photobucket.com,Male,101.200.8.253
830,Kevyn,Hedau,khedaun1@themeforest.net,Female,124.49.110.122
831,Mandie,Gurg,mgurgn2@gmpg.org,Female,165.58.254.248
832,Emory,Kosel,ekoseln3@psu.edu,Male,123.247.71.6
833,Carie,Ickeringill,cickeringilln4@japanpost.jp,Female,42.165.197.12
834,Lynnette,Pashler,lpashlern5@merriam-webster.com,Agender,136.252.157.51
835,Shamus,Rains,srainsn6@drupal.org,Male,19.8.180.131
836,Portie,Grinikhin,pgrinikhinn7@plala.or.jp,Male,101.40.105.28
837,Cass,Paulack,cpaulackn8@ustream.tv,Female,253.249.123.16
838,Roberta,Fryers,rfryersn9@goo.ne.jp,Female,83.189.42.150
839,Darbie,Stothard,dstothardna@cyberchimps.com,Female,45.100.50.217
840,Stirling,Oswald,soswaldnb@amazon.com,Male,181.186.138.164
841,Westbrooke,Hryniewicki,whryniewickinc@edublogs.org,Male,111.186.182.107
842,Karlotta,Dobney,kdobneynd@smugmug.com,Female,26.249.27.222
843,Ilene,Norvell,inorvellne@upenn.edu,Female,101.8.23.65
844,Lotta,Eastcourt,leastcourtnf@posterous.com,Female,32.223.197.113
845,Eziechiele,Brignall,ebrignallng@si.edu,Male,103.237.255.208
846,Bear,Chadwin,bchadwinnh@google.ca,Male,17.254.173.140
847,Cynthy,Fidock,cfidockni@dedecms.com,Female,254.22.152.171
848,Sallee,Spacey,sspaceynj@yellowpages.com,Female,18.178.55.128
849,Hamid,Kepp,hkeppnk@icq.com,Male,195.98.246.99
850,Melinda,Frudd,mfruddnl@a8.net,Female,187.242.33.250
851,Rafe,Caudelier,rcaudeliernm@mac.com,Male,215.202.137.90
852,Ammamaria,Pointing,apointingnn@seesaa.net,Female,119.122.253.232
853,Hamlen,Cadore,hcadoreno@google.de,Agender,38.104.205.165
854,Ferdinand,Bennet,fbennetnp@redcross.org,Male,231.56.79.51
855,Gretna,Pender,gpendernq@nbcnews.com,Female,93.157.159.157
856,Roddie,Bleythin,rbleythinnr@ihg.com,Male,199.179.96.219
857,Winonah,Gwillym,wgwillymns@netlog.com,Female,79.214.208.118
858,Ernesta,Karchewski,ekarchewskint@amazonaws.com,Female,184.198.68.19
859,Brina,Waiton,bwaitonnu@google.ca,Female,227.31.74.154
860,Flory,Mathelon,fmathelonnv@wired.com,Male,59.254.236.253
861,Hope,Vanyukov,hvanyukovnw@last.fm,Female,66.127.160.54
862,Lucinda,Kingsford,lkingsfordnx@fda.gov,Female,123.173.64.246
863,Pippo,Chitter,pchitterny@nbcnews.com,Male,108.92.176.111
864,Clemente,Faber,cfabernz@state.tx.us,Male,199.199.98.184
865,Gerda,Slowey,gsloweyo0@xrea.com,Bigender,192.69.59.0
866,Nola,Piegrome,npiegromeo1@reverbnation.com,Female,140.113.145.254
867,Florence,Brokenshaw,fbrokenshawo2@cocolog-nifty.com,Female,14.46.175.169
868,Andreas,Follos,afolloso3@cnet.com,Agender,36.105.74.199
869,Joyan,Gambie,jgambieo4@naver.com,Female,35.248.135.83
870,Layne,Farrell,lfarrello5@ft.com,Female,156.84.217.24
871,Annamaria,Sharpous,asharpouso6@sbwire.com,Female,241.61.106.247
872,Belia,Causnett,bcausnetto7@thetimes.co.uk,Bigender,28.241.234.125
873,Charlean,Gaiger,cgaigero8@pen.io,Female,57.67.103.69
874,Guilbert,Cansfield,gcansfieldo9@list-manage.com,Male,27.236.5.207
875,Lucilia,Lengthorn,llengthornoa@aol.com,Female,211.41.174.220
876,Mervin,Leggett,mleggettob@qq.com,Male,163.89.13.174
877,Sorcha,Crack,scrackoc@nhs.uk,Female,196.29.141.229
878,Susy,Whale,swhaleod@a8.net,Female,239.148.188.240
879,Siana,Want,swantoe@dmoz.org,Female,1.110.82.215
880,Tracey,Meeking,tmeekingof@sitemeter.com,Female,179.31.255.121
881,Umeko,Yekel,uyekelog@techcrunch.com,Female,17.140.36.0
882,Suzy,Matijevic,smatijevicoh@domainmarket.com,Female,70.121.42.61
883,Randolf,Franzke,rfranzkeoi@examiner.com,Male,220.33.52.218
884,Bertrand,Elcock,belcockoj@whitehouse.gov,Male,208.152.45.82
885,Sherilyn,Reddington,sreddingtonok@china.com.cn,Female,221.194.97.132
886,Nikolai,Rahl,nrahlol@gravatar.com,Male,150.203.70.77
887,Kristal,Fields,kfieldsom@seattletimes.com,Female,176.35.69.109
888,Terrell,Wetherhead,twetherheadon@mysql.com,Male,56.165.231.202
889,April,McNysche,amcnyscheoo@cloudflare.com,Female,5.119.250.251
890,Joelynn,Darlison,jdarlisonop@icio.us,Female,239.27.111.71
891,Ashli,Bastick,abastickoq@shinystat.com,Female,194.183.74.143
892,Hamil,Shimwell,hshimwellor@ucla.edu,Male,89.65.41.181
893,Harmony,Whitely,hwhitelyos@tinypic.com,Female,250.65.201.92
894,Truman,Ashleigh,tashleighot@phoca.cz,Male,137.173.103.185
895,Terrel,Prinnett,tprinnettou@google.nl,Male,87.250.118.6
896,Melisenda,Scipsey,mscipseyov@theatlantic.com,Female,211.182.72.190
897,Paddy,Maltby,pmaltbyow@intel.com,Non-binary,40.44.192.119
898,Aldo,Huke,ahukeox@pagesperso-orange.fr,Male,199.174.132.25
899,Kare,Bolwell,kbolwelloy@seesaa.net,Female,18.41.77.159
900,Henry,Kapelhoff,hkapelhoffoz@squidoo.com,Genderfluid,132.212.91.248
901,Yehudit,Burgess,yburgessp0@mediafire.com,Male,169.69.218.107
902,Bink,Cowill,bcowillp1@wired.com,Male,201.124.124.104
903,Beaufort,Ferrieres,bferrieresp2@nhs.uk,Male,20.182.54.255
904,Robby,Bradneck,rbradneckp3@engadget.com,Male,226.87.29.6
905,Guinna,Killeen,gkilleenp4@bizjournals.com,Female,108.61.21.159
906,Christiana,Walder,cwalderp5@shareasale.com,Female,230.180.51.74
907,Jehanna,Bollans,jbollansp6@studiopress.com,Non-binary,10.147.164.205
908,Tabby,Draisey,tdraiseyp7@google.com.au,Male,139.96.161.66
909,Sol,Mozzi,smozzip8@quantcast.com,Male,255.251.70.188
910,Merv,Devereux,mdevereuxp9@over-blog.com,Male,113.8.18.7
911,Philippe,Hensmans,phensmanspa@t.co,Female,244.77.183.188
912,Barthel,Scriviner,bscrivinerpb@globo.com,Male,60.216.70.219
913,Stephanus,Trimbey,strimbeypc@cornell.edu,Male,251.165.164.13
914,Wood,Hargey,whargeypd@photobucket.com,Male,195.51.142.33
915,Kalie,Frisdick,kfrisdickpe@etsy.com,Female,205.202.245.192
916,Nowell,Heazel,nheazelpf@amazonaws.com,Agender,198.90.167.46
917,Orella,Probey,oprobeypg@lycos.com,Female,61.35.126.114
918,Babbette,Oswal,boswalph@cnet.com,Female,241.17.255.32
919,Luce,Jurczak,ljurczakpi@a8.net,Female,181.1.137.244
920,Wilt,Spriggen,wspriggenpj@state.tx.us,Male,165.10.164.22
921,Dehlia,Shord,dshordpk@360.cn,Female,175.110.64.27
922,Arabele,Stempe,astempepl@whitehouse.gov,Female,204.98.63.117
923,Matteo,Fishbourne,mfishbournepm@studiopress.com,Male,94.189.90.140
924,Marris,Domerque,mdomerquepn@virginia.edu,Genderqueer,123.23.160.200
925,Kaspar,Rollingson,krollingsonpo@chron.com,Male,2.140.51.172
926,Derrik,Vasyaev,dvasyaevpp@ucoz.ru,Male,77.194.14.88
927,Veronique,Dyzart,vdyzartpq@ebay.co.uk,Bigender,247.199.226.181
928,Kathryn,Berceros,kbercerospr@tripod.com,Female,219.29.111.54
929,Massimiliano,Dugget,mduggetps@icq.com,Male,113.110.75.196
930,Desdemona,Binding,dbindingpt@blogtalkradio.com,Female,130.115.76.11
931,Roma,Palethorpe,rpalethorpepu@yolasite.com,Male,52.183.179.123
932,Aloysia,De la Yglesia,adelayglesiapv@instagram.com,Female,222.35.201.110
933,Gayler,Constable,gconstablepw@aol.com,Male,235.202.207.172
934,Kali,Studders,kstudderspx@altervista.org,Female,177.208.152.195
935,Miof mela,Petrello,mpetrellopy@theatlantic.com,Female,28.245.138.213
936,Alene,Attle,aattlepz@blogspot.com,Female,121.43.44.91
937,Agosto,Potbury,apotburyq0@twitpic.com,Male,14.189.4.214
938,Neville,Lawrie,nlawrieq1@reverbnation.com,Male,152.20.164.62
939,Dalia,Parvin,dparvinq2@sohu.com,Female,12.86.38.108
940,Everard,Brace,ebraceq3@indiegogo.com,Male,62.82.184.232
941,Latashia,McFetrich,lmcfetrichq4@google.fr,Female,53.121.50.236
942,Fawne,Braiden,fbraidenq5@nhs.uk,Female,198.120.139.76
943,Doro,Braim,dbraimq6@list-manage.com,Female,176.35.193.220
944,Lefty,Blissitt,lblissittq7@usda.gov,Male,1.159.109.144
945,Leone,Ferrand,lferrandq8@amazon.co.uk,Female,183.3.248.168
946,Car,Father,cfatherq9@ebay.co.uk,Male,127.167.62.90
947,Howey,Skone,hskoneqa@senate.gov,Male,58.227.229.33
948,Tersina,Kembry,tkembryqb@hatena.ne.jp,Female,22.82.157.167
949,Barr,Proske,bproskeqc@xing.com,Male,12.37.193.177
950,Creigh,Mangeney,cmangeneyqd@marketwatch.com,Male,66.190.108.196
951,Farlie,Imison,fimisonqe@prweb.com,Polygender,190.208.67.62
952,Troy,Happer,thapperqf@163.com,Male,160.143.123.248
953,Dyana,Ateridge,dateridgeqg@ftc.gov,Genderqueer,215.124.223.79
954,Wendye,Curner,wcurnerqh@sohu.com,Female,252.245.233.144
955,Tana,Jehan,tjehanqi@usa.gov,Female,59.125.165.227
956,Sallyanne,Pomphrey,spomphreyqj@squidoo.com,Female,74.135.30.106
957,Zonnya,Donner,zdonnerqk@altervista.org,Female,153.203.184.26
958,Brockie,Pervew,bpervewql@google.it,Non-binary,158.85.6.160
959,Estele,Evered,eeveredqm@youtube.com,Female,178.54.237.125
960,Lita,Curzey,lcurzeyqn@berkeley.edu,Female,92.243.66.3
961,Catha,Dade,cdadeqo@lulu.com,Female,254.20.80.118
962,Ortensia,Woodward,owoodwardqp@plala.or.jp,Female,1.193.240.70
963,Lucretia,Guirard,lguirardqq@cdbaby.com,Female,156.208.201.5
964,Fiorenze,Lockwood,flockwoodqr@dagondesign.com,Bigender,224.19.51.96
965,Sergent,Lis,slisqs@google.ru,Male,55.25.137.62
966,Talbot,Fominov,tfominovqt@ox.ac.uk,Male,29.201.2.172
967,Evelina,Idney,eidneyqu@cnn.com,Female,172.75.233.42
968,Marlena,Gartin,mgartinqv@google.it,Female,49.186.103.63
969,Vonnie,Gairdner,vgairdnerqw@e-recht24.de,Female,247.18.178.218
970,Dolly,Mulheron,dmulheronqx@telegraph.co.uk,Non-binary,101.30.24.15
971,Sigismond,Sinkings,ssinkingsqy@reddit.com,Male,149.9.139.31
972,Packston,de Nore,pdenoreqz@tumblr.com,Male,237.218.56.210
973,Evelyn,Smedmore,esmedmorer0@gizmodo.com,Female,7.68.176.134
974,Aggy,Goldine,agoldiner1@state.gov,Genderfluid,106.125.123.82
975,Karlik,Pomeroy,kpomeroyr2@plala.or.jp,Male,144.132.158.216
976,Desirae,Levings,dlevingsr3@twitpic.com,Female,129.126.201.108
977,Suzette,Jayne,sjayner4@oaic.gov.au,Female,145.89.99.108
978,Boone,Passion,bpassionr5@yelp.com,Male,192.129.157.14
979,Dom,Brazelton,dbrazeltonr6@xinhuanet.com,Non-binary,92.63.207.211
980,Evangelin,Gleadle,egleadler7@reuters.com,Female,109.143.245.181
981,Elmo,Bille,ebiller8@infoseek.co.jp,Male,149.28.74.157
982,Rodolfo,Burnside,rburnsider9@ihg.com,Male,64.239.199.172
983,Astrix,Donaldson,adonaldsonra@sakura.ne.jp,Female,120.131.116.41
984,Granthem,Carneck,gcarneckrb@google.pl,Male,25.129.138.79
985,Lesley,Flecknoe,lflecknoerc@ucoz.ru,Female,123.19.55.120
986,Juan,Pettwood,jpettwoodrd@npr.org,Male,18.191.197.134
987,Patricio,Bartolomivis,pbartolomivisre@discovery.com,Male,240.132.92.44
988,Elga,Doughtery,edoughteryrf@deviantart.com,Female,13.211.95.13
989,Nicol,Moberley,nmoberleyrg@flickr.com,Female,72.241.27.213
990,Athena,Belitz,abelitzrh@scribd.com,Female,38.141.191.53
991,Margalit,Noller,mnollerri@paypal.com,Female,25.55.96.114
992,Gawen,Goodhew,ggoodhewrj@ted.com,Male,212.130.252.24
993,Alena,Booij,abooijrk@google.pl,Female,211.228.90.77
994,Sherline,Bovaird,sbovairdrl@xinhuanet.com,Female,16.27.253.247
995,Lotti,Gofforth,lgofforthrm@slate.com,Female,3.22.139.249
996,Madlen,Satyford,msatyfordrn@cnbc.com,Female,190.37.46.52
997,Catha,Byrd,cbyrdro@ycombinator.com,Female,226.216.29.15
998,Gizela,Czajkowski,gczajkowskirp@eventbrite.com,Female,44.232.24.70
999,Clay,Arnoud,carnoudrq@ucsd.edu,Male,33.27.248.136
1000,Cristal,Hast,chastrr@europa.eu,Female,17.55.74.220
