id,first_name,last_name,email,gender,ip_address
1,Jobye,Pickersgill,jpickersgill0@home.pl,Female,0.250.230.22
2,Teddy,Brickstock,tbrickstock1@dailymail.co.uk,Male,63.35.199.122
3,Manda,Smallthwaite,msmallthwaite2@narod.ru,Female,51.192.245.213
4,Brittani,Seamon,bseamon3@amazon.co.uk,Female,159.240.42.37
5,Angel,Godber,agodber4@who.int,Genderfluid,85.210.228.180
6,Pail,Mannin,pmannin5@upenn.edu,Male,83.34.188.53
7,Justina,Pentin,jpentin6@dailymail.co.uk,Female,217.172.240.83
8,Dilly,Grunder,dgrunder7@slashdot.org,Male,73.80.113.250
9,Leo,Christauffour,lchristauffour8@shinystat.com,Male,63.100.245.66
10,Penny,MacSorley,pmacsorley9@hud.gov,Male,189.43.117.90
11,Crissie,Say,csaya@hud.gov,Female,12.119.24.77
12,Valentin,Scoble,vscobleb@disqus.com,Male,53.242.148.148
13,Olympia,Hedingham,ohedinghamc@list-manage.com,Female,107.163.89.178
14,Amara,MacAloren,amacalorend@unblog.fr,Female,219.233.232.216
15,Malva,Chessun,mchessune@yellowbook.com,Female,176.21.52.15
16,Dani,Alexander,dalexanderf@twitpic.com,Female,154.229.116.92
17,Trace,Thrussell,tthrussellg@sun.com,Male,68.192.241.196
18,Westbrooke,Mathen,wmathenh@about.me,Male,19.181.195.99
19,Ulric,Hearfield,uhearfieldi@jigsy.com,Male,44.251.117.221
20,Victoir,Stansbie,vstansbiej@archive.org,Male,50.74.148.109
21,Elia,Toffaloni,etoffalonik@usa.gov,Male,128.177.84.100
22,Stefanie,Mackriell,smackrielll@narod.ru,Polygender,240.106.11.43
23,Honey,Lanchberry,hlanchberrym@cbc.ca,Female,220.1.171.154
24,Lyssa,Lyste,llysten@chron.com,Female,164.44.26.234
25,Corbet,Claige,cclaigeo@creativecommons.org,Male,75.4.124.198
26,Caroljean,Mc Gaughey,cmcgaugheyp@mac.com,Female,46.161.13.121
27,Bancroft,Drabble,bdrabbleq@engadget.com,Male,167.216.250.134
28,Alec,Berisford,aberisfordr@narod.ru,Male,103.249.235.217
29,Ky,Bussens,kbussenss@kickstarter.com,Male,103.35.93.99
30,Ariel,Strutley,astrutleyt@studiopress.com,Male,128.96.78.126
31,Northrup,Hawkshaw,nhawkshawu@alexa.com,Male,26.18.29.118
32,Huntley,Jemmett,hjemmettv@barnesandnoble.com,Male,84.123.96.237
33,Evangeline,Nelsen,enelsenw@myspace.com,Female,69.1.186.46
34,Dniren,Yeulet,dyeuletx@msn.com,Female,51.236.179.38
35,Martita,Gawn,mgawny@mapquest.com,Female,183.116.181.250
36,Carmela,Bubbings,cbubbingsz@is.gd,Female,128.135.210.178
37,Oby,Pudden,opudden10@huffingtonpost.com,Male,76.250.107.180
38,Harv,Hane,hhane11@techcrunch.com,Male,7.63.20.221
39,Laureen,Arderne,larderne12@telegraph.co.uk,Female,34.253.79.212
40,Carlota,Grabbam,cgrabbam13@wufoo.com,Female,55.29.187.17
41,Kennie,Gosalvez,kgosalvez14@constantcontact.com,Male,144.244.232.97
42,Willy,Aronovich,waronovich15@theglobeandmail.com,Male,223.242.149.121
43,Merline,MacKenney,mmackenney16@myspace.com,Female,185.229.38.181
44,Bale,Caesman,bcaesman17@blog.com,Male,249.228.23.57
45,Herby,Newburn,hnewburn18@msn.com,Male,69.124.129.242
46,Bernardina,Mixworthy,bmixworthy19@wordpress.org,Female,109.81.151.9
47,Roosevelt,Bayldon,rbayldon1a@netvibes.com,Male,197.127.181.213
48,Miran,Jakubowicz,mjakubowicz1b@vimeo.com,Non-binary,104.105.218.57
49,Garfield,Grunnill,ggrunnill1c@slashdot.org,Male,243.42.28.15
50,Reynolds,McCosh,rmccosh1d@foxnews.com,Male,86.253.211.152
51,Sharla,Duffet,sduffet1e@pen.io,Female,30.195.43.116
52,Ephrem,Grimm,egrimm1f@com.com,Male,92.16.65.187
53,Jolynn,Gruczka,jgruczka1g@miitbeian.gov.cn,Female,165.179.1.170
54,Aggie,Hackworth,ahackworth1h@tmall.com,Female,158.89.121.1
55,Mirna,Rebillard,mrebillard1i@weebly.com,Female,237.108.33.220
56,Willey,Wipper,wwipper1j@amazon.de,Male,56.157.42.56
57,Tana,Derrick,tderrick1k@opensource.org,Female,235.194.19.110
58,Willabella,Cantero,wcantero1l@wikispaces.com,Female,109.174.181.140
59,Alard,Underdown,aunderdown1m@opera.com,Male,120.82.199.119
60,Madison,Ailmer,mailmer1n@ihg.com,Male,73.93.106.42
61,Marcelline,Banthorpe,mbanthorpe1o@accuweather.com,Polygender,172.32.243.242
62,Dorian,Laurant,dlaurant1p@google.com.au,Female,231.241.32.241
63,Candy,Izhaky,cizhaky1q@statcounter.com,Female,109.29.196.1
64,Janina,Kimblin,jkimblin1r@psu.edu,Female,164.78.119.216
65,Anabelle,Oris,aoris1s@senate.gov,Female,148.180.180.96
66,Gweneth,Axelbee,gaxelbee1t@washington.edu,Female,208.67.227.45
67,Nicol,Cornthwaite,ncornthwaite1u@oracle.com,Male,205.195.128.130
68,Nadiya,Vyse,nvyse1v@freewebs.com,Female,101.2.187.196
69,Petronia,Karadzas,pkaradzas1w@seesaa.net,Female,230.33.51.51
70,Myrna,Draude,mdraude1x@sciencedaily.com,Bigender,240.237.178.135
71,Ezequiel,Sivorn,esivorn1y@dyndns.org,Male,1.19.32.254
72,Vlad,Manon,vmanon1z@istockphoto.com,Male,235.231.146.157
73,Evy,Bourton,ebourton20@goo.ne.jp,Female,87.150.139.43
74,Gottfried,Munning,gmunning21@hubpages.com,Male,148.138.16.102
75,Egor,Perel,eperel22@constantcontact.com,Male,65.116.221.13
76,Zechariah,Calladine,zcalladine23@walmart.com,Male,183.40.250.183
77,Viviene,Scales,vscales24@howstuffworks.com,Female,132.19.45.185
78,Ogdon,Doogan,odoogan25@noaa.gov,Male,139.240.35.150
79,Isidora,Cornall,icornall26@technorati.com,Female,130.252.7.9
80,George,Stockford,gstockford27@plala.or.jp,Female,202.220.30.140
81,Nerte,Orringe,norringe28@imageshack.us,Female,190.183.220.105
82,Jim,Fullegar,jfullegar29@telegraph.co.uk,Male,213.103.162.105
83,Brant,Palay,bpalay2a@hubpages.com,Male,79.13.139.252
84,Gabrielle,Bygraves,gbygraves2b@imgur.com,Female,46.66.250.56
85,Carolyne,Duddin,cduddin2c@qq.com,Female,158.171.241.150
86,Giovanni,Bosden,gbosden2d@dropbox.com,Male,237.174.202.52
87,Rakel,Whewell,rwhewell2e@1und1.de,Female,62.47.160.220
88,Dannie,Trumpeter,dtrumpeter2f@state.tx.us,Female,138.34.164.229
89,Brien,Crowther,bcrowther2g@myspace.com,Genderqueer,221.148.82.65
90,Mariele,Mabbe,mmabbe2h@alexa.com,Female,109.213.228.254
91,Pet,Di Angelo,pdiangelo2i@cnbc.com,Female,252.23.170.103
92,Ollie,Leathard,oleathard2j@blog.com,Female,97.222.68.147
93,Bobby,Sterman,bsterman2k@google.de,Female,10.105.104.67
94,Norah,Jaquet,njaquet2l@photobucket.com,Female,23.30.184.59
95,Tristan,Schohier,tschohier2m@hhs.gov,Male,28.83.153.74
96,Kevon,Colebrook,kcolebrook2n@wikispaces.com,Male,57.198.143.32
97,Sanford,Posthill,sposthill2o@1688.com,Male,100.142.173.168
98,Madge,Maunton,mmaunton2p@xrea.com,Female,29.185.127.216
99,Darius,Geffinger,dgeffinger2q@gizmodo.com,Male,19.110.150.254
100,Herculie,Loveguard,hloveguard2r@mozilla.com,Polygender,149.56.91.19
101,Magdalene,Hames,mhames2s@mac.com,Bigender,175.46.5.102
102,Frasco,Jaouen,fjaouen2t@mtv.com,Male,52.44.155.196
103,Berna,Gozzett,bgozzett2u@lycos.com,Bigender,63.105.163.55
104,Ula,Buske,ubuske2v@prlog.org,Non-binary,129.140.238.61
105,Madelena,Dincke,mdincke2w@tinypic.com,Female,211.51.121.35
106,Kalila,Gorringe,kgorringe2x@yelp.com,Female,35.22.90.168
107,Gilda,Grealish,ggrealish2y@yahoo.co.jp,Female,168.97.224.130
108,Albertine,Mayberry,amayberry2z@state.tx.us,Polygender,153.63.232.170
109,Maynord,Wathey,mwathey30@homestead.com,Male,155.120.137.121
110,Adrian,Lorkings,alorkings31@usatoday.com,Female,143.155.239.44
111,Venus,Paslow,vpaslow32@amazon.co.uk,Female,52.230.42.111
112,Sasha,de Voiels,sdevoiels33@nsw.gov.au,Male,163.76.101.228
113,Andriana,Giacovelli,agiacovelli34@flavors.me,Female,50.110.216.41
114,Katy,Morrallee,kmorrallee35@github.io,Genderfluid,35.134.213.197
115,Hettie,Burgan,hburgan36@constantcontact.com,Female,72.190.102.13
116,Marcella,Killough,mkillough37@livejournal.com,Female,85.145.12.160
117,Garvey,Caldaro,gcaldaro38@ucoz.com,Male,79.47.169.69
118,Sydel,Loveland,sloveland39@clickbank.net,Female,112.182.249.128
119,Dur,Rolfini,drolfini3a@ocn.ne.jp,Male,186.247.216.18
120,Adelaida,Jewers,ajewers3b@storify.com,Female,80.3.140.173
121,Elset,Steers,esteers3c@nhs.uk,Female,92.112.120.190
122,Ethelred,Mingus,emingus3d@edublogs.org,Genderqueer,163.205.161.252
123,Wernher,Margery,wmargery3e@dedecms.com,Polygender,201.18.235.133
124,Kippy,Cotterell,kcotterell3f@nymag.com,Male,70.135.141.172
125,Kissiah,Hamerton,khamerton3g@chicagotribune.com,Agender,182.72.106.200
126,Janey,Outhwaite,jouthwaite3h@washingtonpost.com,Female,107.193.119.76
127,Camellia,Vettore,cvettore3i@seesaa.net,Female,30.175.62.69
128,Ettie,Orht,eorht3j@auda.org.au,Female,148.232.150.181
129,Fionnula,Chezier,fchezier3k@google.ca,Female,115.151.79.57
130,Nickey,Figures,nfigures3l@umn.edu,Male,145.22.3.32
131,Clemmie,Bouldon,cbouldon3m@answers.com,Male,184.187.107.43
132,Shae,McBlain,smcblain3n@technorati.com,Male,188.254.249.63
133,Jed,Sabatini,jsabatini3o@dot.gov,Male,9.143.142.181
134,Friedrick,Matys,fmatys3p@theatlantic.com,Male,82.244.33.4
135,Townie,Gingold,tgingold3q@thetimes.co.uk,Male,180.12.122.151
136,Meryl,O'Cosgra,mocosgra3r@bbb.org,Female,79.21.81.187
137,Ilise,Liddel,iliddel3s@plala.or.jp,Female,152.157.37.134
138,Darcy,Kinvan,dkinvan3t@digg.com,Female,63.0.195.168
139,Holly,Blindt,hblindt3u@taobao.com,Male,17.244.192.97
140,Roslyn,Lillicrap,rlillicrap3v@imgur.com,Female,2.247.192.94
141,Alex,Dries,adries3w@earthlink.net,Male,226.154.182.83
142,Jacqueline,Langthorne,jlangthorne3x@archive.org,Female,124.110.114.226
143,Cinnamon,Broadhurst,cbroadhurst3y@archive.org,Female,98.102.142.199
144,Hubie,Visco,hvisco3z@cnbc.com,Agender,69.41.105.167
145,Lay,Kilner,lkilner40@xing.com,Male,70.154.224.233
146,Stafani,Urrey,surrey41@cam.ac.uk,Female,209.244.159.143
147,Gery,Hares,ghares42@patch.com,Male,159.76.76.160
148,Courtnay,Danilevich,cdanilevich43@ocn.ne.jp,Female,212.185.171.84
149,Oliviero,Dormon,odormon44@shutterfly.com,Male,74.219.11.121
150,Oralie,Licciardello,olicciardello45@ted.com,Female,2.98.149.96
151,Chelsey,Cowins,ccowins46@google.co.jp,Female,54.154.81.254
152,Janis,Stawell,jstawell47@statcounter.com,Female,66.232.78.109
153,Abra,McSporrin,amcsporrin48@slideshare.net,Female,96.128.7.213
154,Roley,Britland,rbritland49@weibo.com,Male,136.86.37.172
155,Cherilyn,MacRinn,cmacrinn4a@microsoft.com,Female,105.168.146.12
156,Corissa,Balam,cbalam4b@businessinsider.com,Genderqueer,235.108.174.57
157,Dorri,Marquet,dmarquet4c@arstechnica.com,Female,75.217.187.36
158,Maryanne,Macbeth,mmacbeth4d@answers.com,Female,215.10.138.131
159,Sioux,Hovie,shovie4e@timesonline.co.uk,Female,245.41.82.91
160,Griz,Baldry,gbaldry4f@columbia.edu,Male,219.121.4.217
161,Kirbee,Holdren,kholdren4g@abc.net.au,Female,254.45.223.215
162,Malachi,Falkinder,mfalkinder4h@xinhuanet.com,Male,247.34.200.28
163,Jordanna,Bickford,jbickford4i@hud.gov,Female,48.58.112.213
164,Daryle,Howkins,dhowkins4j@columbia.edu,Male,194.92.219.84
165,Nathaniel,Belden,nbelden4k@clickbank.net,Male,96.93.129.172
166,Heinrick,Baker,hbaker4l@hubpages.com,Male,200.7.6.224
167,Roshelle,Colclough,rcolclough4m@wikimedia.org,Female,204.157.129.60
168,Packston,Bugdell,pbugdell4n@drupal.org,Non-binary,30.126.247.231
169,Hansiain,Claxton,hclaxton4o@rediff.com,Male,228.68.56.173
170,Maryellen,Pringer,mpringer4p@comsenz.com,Female,7.223.154.165
171,Neysa,Holson,nholson4q@is.gd,Female,200.163.165.147
172,Galvin,Hast,ghast4r@elegantthemes.com,Male,22.0.206.230
173,Debera,Sans,dsans4s@1688.com,Female,124.233.168.124
174,Wren,Isgar,wisgar4t@walmart.com,Female,62.221.43.185
175,Rowena,Fairclough,rfairclough4u@google.com.br,Female,10.93.64.194
176,Bev,Leyton,bleyton4v@qq.com,Male,150.129.6.238
177,Chuck,Carnall,ccarnall4w@mashable.com,Male,74.58.144.169
178,Lita,Armistead,larmistead4x@cloudflare.com,Female,245.247.147.115
179,Falkner,Tomich,ftomich4y@barnesandnoble.com,Bigender,49.184.119.41
180,Eda,Perfitt,eperfitt4z@wufoo.com,Female,134.69.216.178
181,Vonnie,Dubery,vdubery50@utexas.edu,Female,155.55.227.58
182,Veradis,Tersay,vtersay51@shinystat.com,Female,189.97.146.137
183,Luigi,Longmore,llongmore52@liveinternet.ru,Male,229.102.149.239
184,Tabby,Gentil,tgentil53@sciencedaily.com,Female,10.139.176.125
185,Kale,Cannam,kcannam54@hp.com,Male,150.61.198.40
186,Rossie,McNeillie,rmcneillie55@loc.gov,Male,220.92.100.250
187,Colby,Shovelin,cshovelin56@whitehouse.gov,Male,65.110.35.199
188,Devinne,Ingreda,dingreda57@technorati.com,Female,166.214.175.234
189,Flora,Fearnsides,ffearnsides58@blogs.com,Female,237.197.237.97
190,Christos,Laurenceau,claurenceau59@wikispaces.com,Male,60.156.253.92
191,Elliott,Scatcher,escatcher5a@nature.com,Male,68.188.177.11
192,Ashely,Maltby,amaltby5b@miibeian.gov.cn,Female,146.239.33.165
193,Vivia,Nitto,vnitto5c@amazon.com,Female,188.99.73.206
194,Steffie,McClements,smcclements5d@salon.com,Female,14.34.1.222
195,Elvin,Doumer,edoumer5e@pen.io,Male,93.213.79.122
196,Avram,Yukhnev,ayukhnev5f@stanford.edu,Male,18.14.112.227
197,Elyse,Neames,eneames5g@over-blog.com,Female,183.163.77.48
198,Joyous,De Carteret,jdecarteret5h@sfgate.com,Female,102.173.234.113
199,Sonya,Caulier,scaulier5i@time.com,Female,61.130.26.98
200,Shawn,Hawkeswood,shawkeswood5j@vistaprint.com,Male,108.226.123.169
201,Farlee,Shear,fshear5k@huffingtonpost.com,Male,4.53.37.122
202,Chad,Yaus,cyaus5l@jalbum.net,Male,173.27.52.182
203,Meggie,McAndrew,mmcandrew5m@flavors.me,Female,222.98.79.128
204,Wendie,Benyon,wbenyon5n@feedburner.com,Female,71.126.54.35
205,Alta,Raylton,araylton5o@unesco.org,Genderqueer,208.114.46.129
206,Alvie,Rabat,arabat5p@vkontakte.ru,Male,169.137.222.145
207,Beaufort,Furmage,bfurmage5q@sbwire.com,Male,100.166.248.156
208,Leontine,Tuer,ltuer5r@seesaa.net,Female,169.89.180.130
209,Hyatt,Fitzsimons,hfitzsimons5s@cafepress.com,Male,129.150.81.139
210,Valentia,Ahrendsen,vahrendsen5t@linkedin.com,Female,222.76.41.42
211,Valentin,Bartholomew,vbartholomew5u@homestead.com,Male,200.68.201.173
212,Issiah,Blum,iblum5v@psu.edu,Male,248.131.45.191
213,Kilian,Scotter,kscotter5w@elpais.com,Male,26.148.57.251
214,Vinnie,Croy,vcroy5x@is.gd,Male,135.250.162.197
215,Ronni,Sayton,rsayton5y@newyorker.com,Female,225.18.9.220
216,Corbie,Stapels,cstapels5z@cbc.ca,Male,139.103.125.253
217,Nickolaus,Sywell,nsywell60@google.ru,Male,116.253.134.173
218,Creight,Busch,cbusch61@sina.com.cn,Male,160.138.229.109
219,Florentia,Morgan,fmorgan62@google.cn,Female,27.31.3.77
220,Keeley,Vargas,kvargas63@istockphoto.com,Female,152.176.115.13
221,Dorise,Dadswell,ddadswell64@zimbio.com,Female,119.215.187.229
222,Trueman,Ireland,tireland65@sitemeter.com,Male,206.101.144.110
223,Florette,Sessions,fsessions66@google.com.hk,Female,165.180.70.60
224,Anjela,Addinall,aaddinall67@cafepress.com,Female,78.36.104.156
225,Cecil,Hellin,chellin68@lulu.com,Female,180.125.93.28
226,Tracee,Eyden,teyden69@cocolog-nifty.com,Female,246.33.163.138
227,Estrellita,Da Costa,edacosta6a@uiuc.edu,Female,118.24.124.89
228,Angelle,Gino,agino6b@shop-pro.jp,Female,106.116.18.231
229,Amandie,Lewsy,alewsy6c@wp.com,Female,229.0.198.223
230,Georgy,Patters,gpatters6d@columbia.edu,Male,93.8.84.134
231,Chrysa,Linn,clinn6e@home.pl,Bigender,102.121.134.36
232,Isac,Abbess,iabbess6f@sciencedaily.com,Male,159.4.161.90
233,Fidela,Purchall,fpurchall6g@photobucket.com,Genderqueer,118.132.71.100
234,Emory,Eaton,eeaton6h@ft.com,Male,47.133.229.182
235,Web,Domingues,wdomingues6i@ebay.co.uk,Male,0.70.16.132
236,Burg,Tredinnick,btredinnick6j@homestead.com,Male,34.189.160.14
237,Loree,Darkott,ldarkott6k@myspace.com,Female,66.166.78.178
238,Amye,Scotford,ascotford6l@bizjournals.com,Female,227.77.252.239
239,Korie,Liven,kliven6m@infoseek.co.jp,Female,2.16.6.111
240,Philippa,Wigfall,pwigfall6n@tinyurl.com,Female,118.104.187.148
241,Zsazsa,Ulyatt,zulyatt6o@oracle.com,Genderfluid,3.215.110.152
242,Amandi,Powell,apowell6p@sbwire.com,Bigender,248.173.15.73
243,Padget,Mynott,pmynott6q@washingtonpost.com,Male,215.48.197.97
244,Andreas,Busain,abusain6r@topsy.com,Male,251.172.185.46
245,Zelda,Rekes,zrekes6s@indiatimes.com,Female,165.209.135.56
246,Taddeo,Langmaid,tlangmaid6t@yandex.ru,Bigender,227.119.39.230
247,Augie,Caff,acaff6u@gizmodo.com,Male,186.31.32.248
248,Sibylla,Hounsom,shounsom6v@spiegel.de,Female,66.159.164.3
249,Simeon,Lune,slune6w@clickbank.net,Male,153.217.134.192
250,Haze,Brandolini,hbrandolini6x@dmoz.org,Male,155.110.153.191
251,Giuditta,Stonebridge,gstonebridge6y@sfgate.com,Female,17.134.201.32
252,Irving,Gatheral,igatheral6z@addtoany.com,Male,232.242.43.100
253,Connor,Daburn,cdaburn70@bing.com,Male,174.122.74.26
254,Heriberto,Chesman,hchesman71@ox.ac.uk,Male,190.62.201.19
255,Veronica,Daelman,vdaelman72@imgur.com,Female,238.173.197.242
256,Nelson,Helix,nhelix73@blogger.com,Agender,143.239.190.237
257,Glad,Penddreth,gpenddreth74@yahoo.co.jp,Female,65.39.241.243
258,Irv,Scirman,iscirman75@ftc.gov,Male,116.111.2.12
259,Justin,Ranyelld,jranyelld76@pagesperso-orange.fr,Male,21.204.75.199
260,Doug,Czajkowska,dczajkowska77@bloglovin.com,Male,51.81.138.108
261,Lloyd,Poppleton,lpoppleton78@soup.io,Male,101.188.24.20
262,Josephine,Bloan,jbloan79@vinaora.com,Female,117.147.3.200
263,Christophorus,Rakes,crakes7a@macromedia.com,Male,75.5.242.209
264,Barbra,Labram,blabram7b@wufoo.com,Female,194.106.69.239
265,Freddy,Tordoff,ftordoff7c@gov.uk,Male,18.44.252.103
266,Elihu,Hammond,ehammond7d@ning.com,Male,32.233.23.161
267,Shaine,Shallow,sshallow7e@naver.com,Male,142.229.186.70
268,Ofilia,Pinnijar,opinnijar7f@reference.com,Female,229.172.11.212
269,Gannon,Woofenden,gwoofenden7g@bloglines.com,Male,42.178.97.182
270,Steward,Grew,sgrew7h@omniture.com,Male,53.76.42.171
271,Lev,Dillingstone,ldillingstone7i@jalbum.net,Male,233.172.118.249
272,Beverlee,Redan,bredan7j@mayoclinic.com,Female,215.110.223.86
273,Berkie,Worts,bworts7k@wired.com,Male,103.188.245.209
274,Rusty,Troak,rtroak7l@slideshare.net,Male,199.250.114.169
275,Rozanne,Bottjer,rbottjer7m@godaddy.com,Female,22.63.164.153
276,Robby,Dehn,rdehn7n@usgs.gov,Non-binary,200.101.44.84
277,Tobie,Kulis,tkulis7o@google.pl,Male,38.121.227.119
278,Wyn,Murrhaupt,wmurrhaupt7p@dyndns.org,Male,195.72.152.222
279,Georg,Alti,galti7q@discuz.net,Male,48.172.68.221
280,Arni,Gamell,agamell7r@discuz.net,Male,20.109.39.164
281,Sinclare,Annatt,sannatt7s@ihg.com,Male,147.154.224.110
282,Shanda,Bennet,sbennet7t@cmu.edu,Female,118.128.76.79
283,Siegfried,Kunz,skunz7u@adobe.com,Male,87.50.46.167
284,Emmery,Koppes,ekoppes7v@ibm.com,Male,182.220.82.165
285,Etty,Beste,ebeste7w@4shared.com,Female,97.162.97.75
286,Mildred,Whyte,mwhyte7x@merriam-webster.com,Female,71.102.45.33
287,Lucinda,Christensen,lchristensen7y@indiatimes.com,Female,10.173.99.72
288,Paul,Frankiss,pfrankiss7z@wikimedia.org,Bigender,119.129.252.246
289,Odo,Verbruggen,overbruggen80@businessinsider.com,Genderqueer,136.141.60.172
290,Genvieve,Bernardon,gbernardon81@ycombinator.com,Female,37.215.218.183
291,Joella,Guynemer,jguynemer82@yahoo.com,Genderfluid,162.246.227.91
292,Glenden,Cayford,gcayford83@jimdo.com,Polygender,75.55.201.65
293,Stesha,Darling,sdarling84@360.cn,Female,3.60.36.131
294,Constanta,Scherme,cscherme85@nytimes.com,Female,8.100.130.188
295,Celesta,Burnet,cburnet86@auda.org.au,Female,24.193.49.132
296,Hartwell,Gorner,hgorner87@addtoany.com,Male,157.73.151.18
297,Herby,Canner,hcanner88@seesaa.net,Male,227.10.159.52
298,Dunn,Bindin,dbindin89@virginia.edu,Polygender,252.111.8.221
299,Craggie,Everington,ceverington8a@webs.com,Male,2.8.119.127
300,Osbert,Gaitone,ogaitone8b@gnu.org,Male,106.169.192.196
301,Donall,Sollime,dsollime8c@bizjournals.com,Male,207.214.151.60
302,Seward,Coldrick,scoldrick8d@storify.com,Male,17.92.250.196
303,Palmer,Flisher,pflisher8e@businessweek.com,Genderqueer,240.167.56.142
304,Gard,Asbrey,gasbrey8f@stumbleupon.com,Male,255.3.33.36
305,Clevie,Armin,carmin8g@wikia.com,Male,27.218.22.130
306,Irita,Sugar,isugar8h@ezinearticles.com,Female,20.105.42.187
307,Lorena,Grinnov,lgrinnov8i@webeden.co.uk,Female,36.171.146.155
308,Kaiser,Rude,krude8j@studiopress.com,Genderfluid,136.32.28.192
309,Xaviera,Lorait,xlorait8k@netvibes.com,Bigender,160.74.172.233
310,Chaddy,McGoldrick,cmcgoldrick8l@time.com,Male,176.197.98.167
311,Rora,Thirtle,rthirtle8m@usatoday.com,Agender,241.22.242.195
312,Hale,Maggiori,hmaggiori8n@home.pl,Male,21.137.34.88
313,Rebeca,Laval,rlaval8o@de.vu,Female,20.158.73.53
314,Manny,Coulman,mcoulman8p@privacy.gov.au,Male,174.229.184.232
315,Franchot,Bruhnsen,fbruhnsen8q@cmu.edu,Male,98.85.128.217
316,Wilma,Tomovic,wtomovic8r@howstuffworks.com,Female,9.122.156.123
317,Tobe,Colquit,tcolquit8s@utexas.edu,Female,25.32.239.196
318,Jessika,Wileman,jwileman8t@whitehouse.gov,Female,232.58.108.127
319,Katusha,McPhelimy,kmcphelimy8u@t-online.de,Female,202.202.1.32
320,Betteann,Dinsey,bdinsey8v@a8.net,Female,81.117.166.248
321,Brenn,Duffet,bduffet8w@tumblr.com,Female,25.105.178.5
322,Elvera,Kidston,ekidston8x@ca.gov,Genderfluid,93.142.170.81
323,Jens,Sterley,jsterley8y@vk.com,Agender,245.141.137.123
324,Donn,Roney,droney8z@constantcontact.com,Male,245.26.118.111
325,Ingrim,De Morena,idemorena90@economist.com,Male,186.67.247.115
326,Winston,Grundwater,wgrundwater91@sphinn.com,Male,85.94.233.107
327,Bernarr,O'Fearguise,bofearguise92@nih.gov,Male,102.248.21.160
328,Danielle,Giovanni,dgiovanni93@nymag.com,Female,249.122.221.213
329,Giralda,Arr,garr94@nytimes.com,Female,83.125.58.168
330,Adolpho,Lutty,alutty95@auda.org.au,Male,128.141.41.143
331,Cora,Askem,caskem96@rediff.com,Female,109.236.208.152
332,Francene,Fairbridge,ffairbridge97@hao123.com,Female,32.101.87.136
333,Lothaire,Hamstead,lhamstead98@biglobe.ne.jp,Male,16.87.211.35
334,Maximilian,Warrier,mwarrier99@plala.or.jp,Male,194.188.122.195
335,Mariam,Murdy,mmurdy9a@issuu.com,Genderqueer,141.185.39.101
336,Sibyl,Goodband,sgoodband9b@hud.gov,Female,43.187.12.122
337,Betti,Tomanek,btomanek9c@live.com,Female,114.250.199.56
338,Erik,Feely,efeely9d@tinypic.com,Male,99.28.217.179
339,Ashlie,Peschke,apeschke9e@vkontakte.ru,Female,184.40.182.171
340,Ellene,Inkle,einkle9f@hp.com,Female,45.1.78.27
341,Lia,Klemke,lklemke9g@istockphoto.com,Female,83.116.153.206
342,Margo,Speere,mspeere9h@guardian.co.uk,Female,112.212.12.2
343,Selby,Heephy,sheephy9i@yandex.ru,Male,48.97.143.166
344,Georgeanna,Spottiswoode,gspottiswoode9j@vimeo.com,Female,78.36.6.39
345,Gaylord,Deniso,gdeniso9k@feedburner.com,Male,255.41.146.109
346,Delbert,Cheson,dcheson9l@wikimedia.org,Male,121.217.252.192
347,Megen,Newlan,mnewlan9m@storify.com,Female,60.150.92.217
348,Hewitt,Iwanicki,hiwanicki9n@ucla.edu,Male,92.113.129.87
349,Base,Scintsbury,bscintsbury9o@google.it,Male,57.223.62.247
350,Buffy,McKinless,bmckinless9p@live.com,Female,86.253.214.188
351,Alexandros,Hardwidge,ahardwidge9q@wufoo.com,Male,197.77.234.204
352,Marijn,Dello,mdello9r@weibo.com,Genderqueer,100.147.105.64
353,Ellie,Iley,eiley9s@issuu.com,Female,90.168.196.242
354,Cosimo,Donnett,cdonnett9t@i2i.jp,Male,123.73.45.2
355,Mattie,Croxall,mcroxall9u@ning.com,Female,24.189.189.21
356,Hyacintha,Tulleth,htulleth9v@eepurl.com,Female,124.154.73.25
357,Hillel,Cordery,hcordery9w@businesswire.com,Male,254.112.233.121
358,Rinaldo,Le Friec,rlefriec9x@ucoz.com,Male,231.97.243.209
359,Blaire,Rearden,brearden9y@google.de,Female,67.34.209.31
360,Lenette,Pillinger,lpillinger9z@fotki.com,Female,141.177.214.253
361,Etti,Atteridge,eatteridgea0@adobe.com,Female,43.241.42.55
362,Shurwood,Cottage,scottagea1@vinaora.com,Male,35.23.120.186
363,Nev,Shewring,nshewringa2@wikia.com,Male,243.69.183.202
364,Barbie,Lindelof,blindelofa3@accuweather.com,Female,11.11.42.63
365,Zacharia,Danilewicz,zdanilewicza4@bloglines.com,Male,74.247.83.64
366,Hal,Studeart,hstudearta5@sbwire.com,Genderfluid,158.57.5.30
367,Donnie,Lorain,dloraina6@hp.com,Female,200.227.195.194
368,Aguste,Corrao,acorraoa7@seattletimes.com,Male,43.210.180.132
369,Arlie,Benam,abenama8@exblog.jp,Female,35.68.203.181
370,Morgana,Garrie,mgarriea9@creativecommons.org,Female,96.91.3.25
371,Joete,Gidden,jgiddenaa@china.com.cn,Female,170.53.131.126
372,Elfrida,Collicott,ecollicottab@exblog.jp,Female,106.17.80.74
373,Moyra,Roll,mrollac@independent.co.uk,Female,22.193.61.168
374,Regen,Durnin,rdurninad@sfgate.com,Male,120.178.181.128
375,Zerk,de Keyser,zdekeyserae@goo.ne.jp,Male,88.43.93.234
376,Kylie,Romeuf,kromeufaf@house.gov,Female,111.138.230.162
377,Atlanta,Glossop,aglossopag@guardian.co.uk,Female,150.215.50.71
378,Christopher,Maryott,cmaryottah@nature.com,Male,106.205.146.117
379,Ailis,Jickells,ajickellsai@dedecms.com,Female,219.148.188.64
380,Maurise,Jiruch,mjiruchaj@bloomberg.com,Male,145.35.218.230
381,Ayn,Manclark,amanclarkak@loc.gov,Non-binary,179.82.108.146
382,Obie,Thiem,othiemal@ovh.net,Male,166.8.103.49
383,Anabelle,Climer,aclimeram@github.com,Female,25.131.91.19
384,Demetris,Creese,dcreesean@qq.com,Male,65.137.75.220
385,Agata,Austin,aaustinao@mlb.com,Female,75.46.176.76
386,Chad,Balwin,cbalwinap@t.co,Male,101.198.238.178
387,Mikol,Squirrel,msquirrelaq@skyrock.com,Male,70.168.124.70
388,Aurelea,Corinton,acorintonar@shutterfly.com,Female,132.28.23.170
389,Belinda,Giraudy,bgiraudyas@altervista.org,Female,250.234.196.5
390,Kacey,Gillibrand,kgillibrandat@amazon.co.uk,Female,59.167.32.148
391,Evy,Bortolozzi,ebortolozziau@ebay.co.uk,Female,253.161.2.146
392,Winonah,Crumpe,wcrumpeav@tuttocitta.it,Female,113.56.1.43
393,Sunny,Joyner,sjoyneraw@washington.edu,Female,124.24.38.170
394,Phillida,Byars,pbyarsax@tripod.com,Female,188.159.137.185
395,Enrique,Trubshawe,etrubshaweay@nbcnews.com,Male,235.125.185.174
396,Ladonna,Lathan,llathanaz@purevolume.com,Female,145.54.104.232
397,Rikki,Raymen,rraymenb0@seesaa.net,Male,0.108.57.69
398,Bud,Bortolotti,bbortolottib1@github.com,Male,231.230.225.109
399,Amalee,Halford,ahalfordb2@tiny.cc,Female,91.31.231.31
400,Tabb,Slinger,tslingerb3@wikia.com,Male,237.150.119.242
401,Reginald,Skelly,rskellyb4@indiegogo.com,Male,230.185.168.4
402,Tiebout,Kirkebye,tkirkebyeb5@reverbnation.com,Male,243.23.106.6
403,Booth,Chatell,bchatellb6@icq.com,Male,62.126.196.224
404,Finn,McNeil,fmcneilb7@creativecommons.org,Male,227.191.233.208
405,Andrea,Jarlmann,ajarlmannb8@blogs.com,Female,88.217.45.93
406,Cobb,Dewerson,cdewersonb9@slashdot.org,Male,187.92.185.2
407,Winnie,Bruggen,wbruggenba@reference.com,Female,52.75.31.189
408,Yorgos,Buckoke,ybuckokebb@nsw.gov.au,Male,10.112.121.95
409,Samuele,Pettie,spettiebc@jalbum.net,Male,139.1.21.166
410,Cherry,Potapczuk,cpotapczukbd@earthlink.net,Genderqueer,175.6.84.170
411,Lewes,Pittford,lpittfordbe@youtu.be,Male,152.60.233.158
412,Benji,Grinsdale,bgrinsdalebf@pcworld.com,Male,69.179.240.177
413,Caro,Paulus,cpaulusbg@wired.com,Female,170.157.12.249
414,Ernaline,Matterson,emattersonbh@seesaa.net,Female,113.234.38.73
415,Billie,Davidovici,bdavidovicibi@msu.edu,Male,61.166.52.117
416,Donielle,Paxforde,dpaxfordebj@taobao.com,Female,87.175.36.152
417,Feodor,Arnison,farnisonbk@cbc.ca,Male,97.214.210.211
418,Aura,Balas,abalasbl@oracle.com,Female,188.241.170.136
419,Kendrick,Woolward,kwoolwardbm@hhs.gov,Male,238.34.222.42
420,Vidovik,Scothern,vscothernbn@cdbaby.com,Male,108.107.88.36
421,Klement,Nyles,knylesbo@ox.ac.uk,Male,12.41.203.48
422,Zoe,Huckleby,zhucklebybp@live.com,Female,26.104.251.93
423,Linnea,Rushmer,lrushmerbq@apache.org,Female,57.66.116.17
424,Barde,Keningham,bkeninghambr@phoca.cz,Male,32.75.109.245
425,Tabbitha,Craufurd,tcraufurdbs@whitehouse.gov,Female,130.43.232.11
426,Crissy,Gudahy,cgudahybt@exblog.jp,Female,92.221.23.99
427,Rainer,Wainscoat,rwainscoatbu@techcrunch.com,Male,53.25.33.123
428,Clevey,Mogg,cmoggbv@home.pl,Male,232.253.207.213
429,Matilde,Allibon,mallibonbw@zdnet.com,Female,155.175.177.230
430,Lula,Matyushonok,lmatyushonokbx@biglobe.ne.jp,Female,156.182.172.88
431,Debera,Cullabine,dcullabineby@home.pl,Female,81.10.235.228
432,Shepherd,Byrne,sbyrnebz@usnews.com,Male,20.171.232.51
433,Demetris,Lippiett,dlippiettc0@google.ca,Male,145.152.38.232
434,Stesha,Fearon,sfearonc1@independent.co.uk,Female,1.82.93.108
435,Tallia,Loidl,tloidlc2@bravesites.com,Female,204.226.112.138
436,Chrissy,Kalewe,ckalewec3@macromedia.com,Male,22.129.111.81
437,Raquel,Tabner,rtabnerc4@desdev.cn,Female,144.140.141.168
438,Garvy,Spinage,gspinagec5@parallels.com,Male,235.18.96.40
439,Libbi,Iggalden,liggaldenc6@nifty.com,Female,114.112.171.159
440,Teddie,McGeoch,tmcgeochc7@dot.gov,Male,253.224.187.94
441,Rafaelita,Harvie,rharviec8@nhs.uk,Female,111.165.185.150
442,Albertina,Cleaveland,acleavelandc9@cbc.ca,Genderfluid,211.174.33.109
443,Dido,Fayers,dfayersca@merriam-webster.com,Female,238.209.124.179
444,Dory,Sharrock,dsharrockcb@google.nl,Male,115.11.242.177
445,Godiva,Ilsley,gilsleycc@latimes.com,Female,124.230.222.244
446,Jaime,Drummer,jdrummercd@narod.ru,Male,61.52.131.247
447,Ulrika,Beedell,ubeedellce@reverbnation.com,Female,71.219.205.112
448,Lindsy,Blondin,lblondincf@t-online.de,Female,98.204.174.177
449,Lisetta,Wooff,lwooffcg@cnet.com,Female,183.110.213.179
450,Lorain,Northill,lnorthillch@youku.com,Female,0.127.121.124
451,Cross,Allman,callmanci@shop-pro.jp,Male,54.39.96.234
452,Corri,Browse,cbrowsecj@addthis.com,Female,188.5.54.189
453,Sara-ann,Hempel,shempelck@biblegateway.com,Female,39.108.161.192
454,Ky,Poland,kpolandcl@123-reg.co.uk,Male,191.241.159.18
455,Joann,Chestle,jchestlecm@state.gov,Female,131.37.218.146
456,Augustin,Kuzemka,akuzemkacn@quantcast.com,Male,100.91.166.210
457,Lannie,Braferton,lbrafertonco@princeton.edu,Genderfluid,51.236.105.246
458,Kaycee,Morman,kmormancp@toplist.cz,Genderfluid,157.42.201.184
459,Oran,Iwanowicz,oiwanowiczcq@gravatar.com,Male,36.140.162.109
460,Leonard,Campana,lcampanacr@w3.org,Male,44.20.109.112
461,Hewitt,Cockshutt,hcockshuttcs@imageshack.us,Male,93.175.242.135
462,Sidney,Fawdry,sfawdryct@state.gov,Male,55.254.182.20
463,Gerta,Slide,gslidecu@auda.org.au,Female,204.115.94.6
464,Chantalle,Hookes,chookescv@istockphoto.com,Female,116.4.131.43
465,Helena,FitzAlan,hfitzalancw@gravatar.com,Female,185.148.17.32
466,Shandra,Escritt,sescrittcx@dell.com,Female,101.159.161.176
467,Sheridan,Neller,snellercy@nymag.com,Male,57.127.73.23
468,Sandy,Larrat,slarratcz@unesco.org,Female,193.52.150.19
469,Broderick,Chattey,bchatteyd0@upenn.edu,Male,192.104.41.106
470,Boot,Burchatt,bburchattd1@google.fr,Male,225.125.111.33
471,Panchito,Smallthwaite,psmallthwaited2@theatlantic.com,Male,125.75.91.43
472,Dietrich,Haney`,dhaneyd3@harvard.edu,Male,227.153.48.44
473,Gottfried,Schule,gschuled4@bizjournals.com,Male,79.25.54.28
474,Kevan,Hadwick,khadwickd5@princeton.edu,Male,181.107.140.173
475,Molli,Walthew,mwalthewd6@ihg.com,Female,91.195.27.18
476,Garey,Hatherley,ghatherleyd7@deliciousdays.com,Male,213.185.247.245
477,Pippa,Margiotta,pmargiottad8@tiny.cc,Female,21.148.102.40
478,Alvis,Keedwell,akeedwelld9@wix.com,Male,224.128.161.223
479,Ari,Saing,asaingda@dion.ne.jp,Male,96.219.239.125
480,Aluino,Bendall,abendalldb@ehow.com,Male,102.44.88.64
481,Emory,Ryley,eryleydc@bravesites.com,Male,232.117.5.13
482,Alicea,Carillo,acarillodd@ftc.gov,Female,254.35.14.203
483,Barbabas,Amdohr,bamdohrde@wsj.com,Male,211.41.34.252
484,Wandis,Corkitt,wcorkittdf@yelp.com,Female,195.7.165.85
485,Stephanie,Cassius,scassiusdg@columbia.edu,Female,104.2.226.39
486,Walliw,Hindmoor,whindmoordh@tiny.cc,Female,177.11.131.7
487,Geno,Warmington,gwarmingtondi@nydailynews.com,Male,95.209.238.176
488,Mathew,Hollibone,mhollibonedj@sohu.com,Male,109.9.58.170
489,Gilberte,Radbourne,gradbournedk@php.net,Female,245.230.97.2
490,Edik,Bowra,ebowradl@nbcnews.com,Male,15.221.159.243
491,Sumner,Milella,smilelladm@dailymotion.com,Non-binary,36.79.58.202
492,Dion,Stanier,dstanierdn@dailymotion.com,Female,106.230.252.182
493,Caritta,Posselt,cposseltdo@woothemes.com,Female,0.252.251.230
494,Jaquelyn,Colbourn,jcolbourndp@accuweather.com,Female,143.36.81.174
495,Homere,McLuckie,hmcluckiedq@un.org,Male,180.112.40.54
496,Tracy,Crichmer,tcrichmerdr@chron.com,Male,159.158.215.225
497,Isa,Robinet,irobinetds@chronoengine.com,Female,91.223.18.214
498,Mada,Aleksidze,maleksidzedt@wufoo.com,Female,2.31.9.14
499,Charleen,Vasnev,cvasnevdu@yandex.ru,Genderfluid,194.56.104.72
500,Tatiania,Hardy-Piggin,thardypiggindv@xinhuanet.com,Female,124.98.225.186
501,Kayley,O'Lochan,kolochandw@webmd.com,Female,254.223.66.223
502,Shepherd,Friatt,sfriattdx@last.fm,Male,178.146.127.221
503,Stephen,McGaugie,smcgaugiedy@weebly.com,Male,125.18.40.149
504,Sutherland,Persicke,spersickedz@shareasale.com,Male,237.246.168.109
505,Griz,Johnsey,gjohnseye0@indiatimes.com,Male,165.249.3.99
506,Jarret,Vannuccinii,jvannucciniie1@paginegialle.it,Male,109.133.60.238
507,Brittne,Lys,blyse2@vimeo.com,Female,109.47.165.126
508,Jose,Inkin,jinkine3@engadget.com,Male,134.190.99.67
509,Staford,Lackham,slackhame4@phpbb.com,Male,199.169.130.234
510,Aurea,Jacmard,ajacmarde5@dyndns.org,Female,22.57.53.0
511,Tremain,Mazzey,tmazzeye6@about.com,Male,206.65.66.189
512,Allie,McMeeking,amcmeekinge7@tinyurl.com,Male,153.209.221.247
513,Kerianne,Ondrousek,kondrouseke8@altervista.org,Female,23.42.255.225
514,Binny,Robinet,brobinete9@edublogs.org,Female,36.59.92.183
515,Lavena,Pigott,lpigottea@cisco.com,Female,66.35.89.200
516,Rodrigo,Pollastrino,rpollastrinoeb@devhub.com,Male,56.74.120.46
517,Mandie,Chezier,mchezierec@reddit.com,Genderfluid,15.178.233.71
518,Joelly,Kynforth,jkynforthed@eepurl.com,Genderfluid,75.53.152.156
519,Beulah,Hixson,bhixsonee@icq.com,Female,42.114.209.29
520,Joye,Herche,jhercheef@amazon.co.jp,Bigender,211.26.70.58
521,Jake,Draper,jdrapereg@amazonaws.com,Male,72.213.126.99
522,Wilma,Tapson,wtapsoneh@linkedin.com,Female,20.191.65.201
523,Gerhard,Sully,gsullyei@msn.com,Male,194.242.104.232
524,Loella,Capey,lcapeyej@buzzfeed.com,Female,124.79.112.248
525,Cammie,Linnitt,clinnittek@eepurl.com,Female,128.236.7.156
526,Norbie,Aaron,naaronel@va.gov,Male,186.244.168.215
527,Lorrie,Burrow,lburrowem@mail.ru,Male,128.6.22.50
528,Duke,Reynalds,dreynaldsen@ca.gov,Male,232.116.192.250
529,Kev,Ajsik,kajsikeo@cyberchimps.com,Male,20.12.215.139
530,Riki,Tabourel,rtabourelep@tripod.com,Female,247.128.147.96
531,Candis,Bodsworth,cbodswortheq@naver.com,Female,86.178.111.48
532,Judye,Bartles,jbartleser@craigslist.org,Female,158.95.90.46
533,Mickie,Pettyfar,mpettyfares@telegraph.co.uk,Male,61.86.54.241
534,Carver,Redwin,credwinet@webeden.co.uk,Male,103.168.49.1
535,Kane,Gobeaux,kgobeauxeu@hostgator.com,Male,152.131.247.27
536,Emelen,Kleen,ekleenev@ca.gov,Male,247.151.33.93
537,Kipper,Vatcher,kvatcherew@example.com,Male,31.198.21.160
538,Quincey,Skeates,qskeatesex@ask.com,Male,8.155.207.139
539,Samuele,Swait,sswaitey@joomla.org,Male,132.61.42.144
540,Rafa,Galvan,rgalvanez@a8.net,Female,64.94.197.159
541,Melany,Rogans,mrogansf0@narod.ru,Bigender,64.149.149.22
542,Elwira,Bolles,ebollesf1@jalbum.net,Female,69.168.192.47
543,Averil,Cabera,acaberaf2@ucsd.edu,Female,135.248.90.85
544,Casandra,Hopkyns,chopkynsf3@meetup.com,Female,237.225.101.47
545,Yale,Snoday,ysnodayf4@amazon.co.uk,Male,96.67.91.255
546,Shena,Hurn,shurnf5@cnbc.com,Polygender,197.218.156.121
547,Korney,Skipton,kskiptonf6@dmoz.org,Female,65.74.48.29
548,Vic,Simanenko,vsimanenkof7@51.la,Bigender,17.18.116.114
549,Vannie,Rosier,vrosierf8@wix.com,Female,116.163.167.200
550,Benyamin,Fensome,bfensomef9@cnbc.com,Male,117.238.121.67
551,Wallas,Bartlam,wbartlamfa@nhs.uk,Male,190.19.233.199
552,Sophia,Rebbeck,srebbeckfb@umich.edu,Female,65.160.169.74
553,Joey,Seedhouse,jseedhousefc@shareasale.com,Male,48.250.46.96
554,Tine,Howes,thowesfd@odnoklassniki.ru,Female,247.33.195.18
555,Katusha,Lyston,klystonfe@goo.gl,Female,215.64.179.31
556,Alec,Corkitt,acorkittff@163.com,Male,41.248.116.144
557,Jefferey,Roughsedge,jroughsedgefg@friendfeed.com,Male,169.132.199.16
558,Amandi,Lamcken,alamckenfh@census.gov,Bigender,244.252.0.142
559,Cortie,Larmuth,clarmuthfi@slate.com,Male,148.162.127.118
560,Rem,Renshall,rrenshallfj@tuttocitta.it,Male,106.70.171.237
561,Faber,Puttergill,fputtergillfk@live.com,Male,29.28.189.86
562,Zarla,Maharg,zmahargfl@hubpages.com,Bigender,30.63.103.241
563,Jeremias,Boeter,jboeterfm@oracle.com,Male,80.99.82.91
564,Shaughn,Sarjant,ssarjantfn@trellian.com,Male,77.250.125.231
565,Maia,Squirrell,msquirrellfo@dropbox.com,Female,87.126.214.126
566,Ernaline,Abbatucci,eabbatuccifp@intel.com,Female,8.239.151.102
567,Cyrille,Marusyak,cmarusyakfq@infoseek.co.jp,Male,88.24.106.86
568,Laird,Willmont,lwillmontfr@census.gov,Male,33.147.245.126
569,Guenevere,Burge,gburgefs@dot.gov,Female,226.113.60.50
570,Nancie,Gadsden,ngadsdenft@zimbio.com,Female,255.28.237.74
571,Amandie,Dinsey,adinseyfu@independent.co.uk,Female,169.216.61.75
572,Keefer,Brookshaw,kbrookshawfv@webs.com,Male,24.98.171.177
573,Patric,Devlin,pdevlinfw@hud.gov,Male,0.160.37.139
574,Shay,Stoffels,sstoffelsfx@constantcontact.com,Male,81.166.7.57
575,Corinne,Ryall,cryallfy@163.com,Female,182.68.190.32
576,Eduard,Whelpdale,ewhelpdalefz@typepad.com,Male,41.2.217.236
577,Nikkie,Verrillo,nverrillog0@instagram.com,Female,73.225.134.158
578,Dayle,Foreman,dforemang1@meetup.com,Female,45.52.177.244
579,Zelda,Hollow,zhollowg2@desdev.cn,Female,81.8.16.124
580,Jana,Fippe,jfippeg3@ycombinator.com,Female,9.161.153.23
581,Doralynn,Senchenko,dsenchenkog4@icio.us,Female,197.124.4.136
582,Allsun,Bene,abeneg5@godaddy.com,Female,5.197.162.91
583,Paulie,Creavin,pcreaving6@economist.com,Male,243.177.145.199
584,Artair,Van den Oord,avandenoordg7@toplist.cz,Male,124.200.122.105
585,Clarita,Nickless,cnicklessg8@aol.com,Female,1.173.152.62
586,Con,Bromet,cbrometg9@youku.com,Male,23.127.6.67
587,Emmey,Penning,epenningga@acquirethisname.com,Female,13.199.159.185
588,Welch,Hotchkin,whotchkingb@wix.com,Male,128.205.14.101
589,Dirk,Southard,dsouthardgc@google.com,Male,100.232.215.170
590,Maurits,McClunaghan,mmcclunaghangd@wiley.com,Male,151.36.44.71
591,Garrick,Semechik,gsemechikge@utexas.edu,Bigender,4.249.171.53
592,Dick,Sagerson,dsagersongf@mlb.com,Male,186.205.143.90
593,Cordy,Lydiate,clydiategg@amazonaws.com,Male,239.44.85.210
594,Weber,Crielly,wcriellygh@reuters.com,Male,34.17.207.1
595,Robbie,Karpol,rkarpolgi@blinklist.com,Male,63.133.48.62
596,Robinett,Creane,rcreanegj@ask.com,Female,215.166.16.196
597,Cleopatra,Teissier,cteissiergk@exblog.jp,Female,50.116.6.61
598,Trista,Rubra,trubragl@angelfire.com,Female,52.104.199.16
599,Eddy,Mersh,emershgm@digg.com,Female,213.20.18.254
600,Dorisa,Matveiko,dmatveikogn@umich.edu,Female,204.138.149.120
601,Belvia,Schild,bschildgo@usda.gov,Female,27.105.83.5
602,Alexis,Klimczak,aklimczakgp@mozilla.com,Male,64.41.78.242
603,Petey,Brunker,pbrunkergq@t.co,Male,193.24.53.86
604,Lizzy,Moyser,lmoysergr@w3.org,Non-binary,242.137.47.168
605,Emalee,Hymus,ehymusgs@cornell.edu,Female,0.132.55.71
606,Lauryn,Exposito,lexpositogt@mlb.com,Female,107.152.69.253
607,Stanislas,Furneaux,sfurneauxgu@bandcamp.com,Male,116.103.166.211
608,Alyce,Androsik,aandrosikgv@msu.edu,Female,5.168.197.222
609,Ysabel,Chasteney,ychasteneygw@miibeian.gov.cn,Female,227.147.74.128
610,Joshuah,Arthan,jarthangx@gmpg.org,Male,14.131.24.14
611,Carly,Harvison,charvisongy@mapy.cz,Male,30.25.25.171
612,Iorgos,Simonini,isimoninigz@huffingtonpost.com,Male,111.8.58.221
613,Anders,Taggett,ataggetth0@tripadvisor.com,Male,107.29.185.183
614,Fredericka,Lovel,flovelh1@github.com,Female,58.105.205.131
615,Nicolas,Rumbold,nrumboldh2@bloglovin.com,Male,156.227.135.76
616,Currey,Domenicone,cdomeniconeh3@blog.com,Male,103.221.217.211
617,Chaddy,Been,cbeenh4@google.com.au,Male,24.117.99.174
618,Tristam,Robilliard,trobilliardh5@stumbleupon.com,Male,89.54.203.112
619,Olympe,Vinter,ovinterh6@walmart.com,Female,197.67.164.86
620,Fidelia,Cranfield,fcranfieldh7@privacy.gov.au,Female,249.240.84.195
621,Mohandis,Basketfield,mbasketfieldh8@elpais.com,Male,27.79.10.59
622,Konstanze,Wakeford,kwakefordh9@opensource.org,Genderqueer,77.31.172.10
623,Jed,Candlin,jcandlinha@geocities.com,Male,175.130.144.30
624,Terrie,Brannon,tbrannonhb@dailymail.co.uk,Female,242.106.239.31
625,Herb,O Mullen,homullenhc@foxnews.com,Male,182.14.27.195
626,Raeann,Dunning,rdunninghd@sitemeter.com,Female,69.50.180.213
627,Katey,Dornin,kdorninhe@networksolutions.com,Genderqueer,122.3.201.244
628,Hollis,Debrick,hdebrickhf@nbcnews.com,Male,176.87.32.135
629,Elliot,Mattingly,emattinglyhg@census.gov,Male,76.120.224.145
630,Tildy,Fuggles,tfuggleshh@sogou.com,Female,179.98.245.74
631,Rollin,Gitthouse,rgitthousehi@twitter.com,Male,219.124.216.47
632,Algernon,Tomasello,atomasellohj@japanpost.jp,Male,122.194.26.240
633,Cornall,Jensen,cjensenhk@china.com.cn,Male,20.5.56.75
634,Shelden,Wonfor,swonforhl@ovh.net,Male,251.54.201.229
635,Lydia,Gribble,lgribblehm@moonfruit.com,Female,163.162.39.205
636,Coretta,Rawood,crawoodhn@jugem.jp,Bigender,242.214.216.106
637,Ethelda,Tink,etinkho@boston.com,Polygender,99.85.226.89
638,Kiley,Culligan,kculliganhp@loc.gov,Female,235.242.142.245
639,Conney,McElroy,cmcelroyhq@china.com.cn,Male,55.39.17.200
640,Daria,Hessle,dhesslehr@sphinn.com,Female,174.12.236.143
641,Gabbi,Merrikin,gmerrikinhs@imdb.com,Female,67.9.4.178
642,Bill,Veivers,bveiversht@topsy.com,Male,199.71.118.147
643,Krishnah,Airdrie,kairdriehu@nhs.uk,Male,65.38.189.226
644,Paulo,Guerrin,pguerrinhv@webeden.co.uk,Polygender,49.11.9.27
645,Nathalia,Fechnie,nfechniehw@vistaprint.com,Female,37.27.10.105
646,Sarette,Boyle,sboylehx@loc.gov,Female,222.93.194.152
647,Frances,Dawdary,fdawdaryhy@macromedia.com,Female,226.12.194.193
648,Hube,Heinrici,hheinricihz@loc.gov,Male,23.82.209.139
649,Jessamyn,Holston,jholstoni0@cdc.gov,Female,135.55.238.66
650,Wynny,Sponer,wsponeri1@1688.com,Female,130.234.145.71
651,Jody,Martignoni,jmartignonii2@blogger.com,Female,161.250.28.201
652,Stanislas,Sides,ssidesi3@is.gd,Male,81.171.95.46
653,Farand,Cheeney,fcheeneyi4@guardian.co.uk,Bigender,42.125.230.1
654,Avrom,Ilieve,ailievei5@pinterest.com,Male,185.252.254.222
655,Gabi,Dashwood,gdashwoodi6@hostgator.com,Female,224.197.73.2
656,Emelina,Brabyn,ebrabyni7@phpbb.com,Female,67.44.41.195
657,Eldridge,Hanlon,ehanloni8@slideshare.net,Male,75.227.113.36
658,Roma,Shorey,rshoreyi9@smh.com.au,Male,91.224.187.89
659,Hymie,Gonneau,hgonneauia@chicagotribune.com,Male,90.4.146.86
660,Heidi,Cockill,hcockillib@yellowbook.com,Female,252.72.198.165
661,Rodger,Medwell,rmedwellic@ucoz.com,Male,188.137.113.134
662,Coop,Daglish,cdaglishid@webmd.com,Male,44.127.97.186
663,Jocko,Whimper,jwhimperie@uol.com.br,Male,154.145.199.202
664,Rand,Wurst,rwurstif@bandcamp.com,Non-binary,194.67.57.3
665,Etheline,Curton,ecurtonig@exblog.jp,Female,48.249.211.158
666,Persis,Maxted,pmaxtedih@usgs.gov,Female,98.201.226.77
667,Hartley,McCalum,hmccalumii@earthlink.net,Genderfluid,131.187.214.103
668,Janeczka,McCritchie,jmccritchieij@apache.org,Female,82.151.146.84
669,Aguistin,Rennix,arennixik@pbs.org,Male,255.152.255.96
670,Maison,Halsall,mhalsallil@elegantthemes.com,Male,223.42.242.59
671,Lawton,Bailie,lbailieim@europa.eu,Male,101.106.184.78
672,Karyl,Schistl,kschistlin@clickbank.net,Female,171.250.1.181
673,Marysa,Rosnau,mrosnauio@youku.com,Female,166.22.124.108
674,Leann,Tollow,ltollowip@theguardian.com,Female,52.200.186.18
675,Jacobo,Steanyng,jsteanyngiq@yale.edu,Male,184.215.88.113
676,Shirley,Powling,spowlingir@unblog.fr,Female,173.188.236.194
677,Dulcie,Jerger,djergeris@1688.com,Female,36.154.196.225
678,Idaline,MacGorley,imacgorleyit@pinterest.com,Female,8.8.56.95
679,Clarice,Oxtaby,coxtabyiu@qq.com,Female,133.6.214.160
680,Tommie,Willas,twillasiv@wiley.com,Agender,222.232.147.166
681,Molli,Beagin,mbeaginiw@mac.com,Female,43.76.155.190
682,Verge,Medlin,vmedlinix@naver.com,Male,8.106.184.108
683,Elwood,Lampard,elampardiy@dropbox.com,Male,14.139.198.241
684,Artur,Quail,aquailiz@icq.com,Male,192.155.253.70
685,Kent,Vedyaev,kvedyaevj0@ucoz.com,Male,109.201.22.229
686,Adrien,Regis,aregisj1@china.com.cn,Male,142.6.244.40
687,Faith,Gaenor,fgaenorj2@live.com,Female,53.8.164.88
688,Angie,Paver,apaverj3@howstuffworks.com,Male,61.49.253.50
689,Gabrielle,Iowarch,giowarchj4@lycos.com,Female,151.157.226.5
690,Nona,Whitcombe,nwhitcombej5@dailymotion.com,Female,126.235.240.40
691,Crysta,Callington,ccallingtonj6@webnode.com,Female,222.204.205.188
692,Sandra,de Mullett,sdemullettj7@cbc.ca,Female,134.60.198.39
693,Pauli,Fullstone,pfullstonej8@gov.uk,Female,128.238.236.60
694,Coralie,Splain,csplainj9@paypal.com,Female,4.138.144.121
695,Suellen,Niccolls,sniccollsja@bing.com,Genderqueer,157.227.91.146
696,Jo-ann,Reaman,jreamanjb@unc.edu,Female,208.121.52.78
697,Damian,Petyankin,dpetyankinjc@mayoclinic.com,Male,158.196.169.226
698,Frans,Cayle,fcaylejd@trellian.com,Male,149.59.242.166
699,Charmion,Ruf,crufje@fc2.com,Female,87.185.59.240
700,Rowen,Coupe,rcoupejf@si.edu,Male,122.157.233.20
701,Melva,Lackemann,mlackemannjg@xing.com,Female,58.9.84.128
702,Svend,Blannin,sblanninjh@xing.com,Male,27.113.65.70
703,Corella,Brookz,cbrookzji@cyberchimps.com,Female,248.7.47.23
704,Doy,Ephgrave,dephgravejj@merriam-webster.com,Male,46.65.70.33
705,Dorry,Fisbey,dfisbeyjk@newyorker.com,Female,198.58.154.27
706,Jayson,Boxhill,jboxhilljl@yolasite.com,Male,182.6.171.140
707,Reinhold,Bartolacci,rbartolaccijm@wikia.com,Male,161.130.205.230
708,Mil,Signori,msignorijn@kickstarter.com,Female,237.110.15.234
709,Pauly,Bottrill,pbottrilljo@unc.edu,Male,131.198.176.215
710,Deeanne,Altham,dalthamjp@ebay.co.uk,Female,119.161.246.218
711,Eliza,Stollwerk,estollwerkjq@google.co.uk,Female,53.229.93.78
712,Vernice,Cholmondeley,vcholmondeleyjr@ezinearticles.com,Female,60.52.196.139
713,Bronnie,Eckley,beckleyjs@netscape.com,Male,19.105.21.47
714,Alec,Digby,adigbyjt@sciencedaily.com,Male,244.35.51.121
715,Lissa,Oosthout de Vree,loosthoutdevreeju@g.co,Female,47.237.121.35
716,Bordy,Weekes,bweekesjv@blogtalkradio.com,Male,234.156.125.31
717,Georgia,Langtry,glangtryjw@mac.com,Female,149.112.53.156
718,Timmie,Willingam,twillingamjx@furl.net,Female,38.61.96.188
719,Wolfgang,Carnegy,wcarnegyjy@google.co.uk,Male,21.31.171.246
720,Kristi,Croysdale,kcroysdalejz@discuz.net,Female,103.107.78.224
721,Jocelyne,Tatters,jtattersk0@merriam-webster.com,Female,92.23.133.70
722,Melosa,McNeill,mmcneillk1@pbs.org,Female,158.213.181.182
723,Margareta,Whatling,mwhatlingk2@hexun.com,Female,125.92.239.211
724,Shanda,De Santos,sdesantosk3@typepad.com,Female,42.226.50.54
725,Zaccaria,McAlinden,zmcalindenk4@zimbio.com,Male,253.43.234.37
726,Urbain,Robberts,urobbertsk5@edublogs.org,Male,84.233.89.151
727,Giordano,Kinman,gkinmank6@printfriendly.com,Male,227.240.185.53
728,Iain,Sworder,isworderk7@bloomberg.com,Male,1.149.172.223
729,Libbie,Morena,lmorenak8@gizmodo.com,Female,216.46.123.166
730,Dwight,McMennum,dmcmennumk9@ibm.com,Male,192.74.67.88
731,Tilda,Barwood,tbarwoodka@marketwatch.com,Female,7.216.123.97
732,Gamaliel,Warton,gwartonkb@china.com.cn,Male,227.230.132.100
733,Leeland,Rootham,lroothamkc@histats.com,Male,158.236.204.156
734,Jojo,Elnough,jelnoughkd@tamu.edu,Female,163.75.123.62
735,Mina,Gleeton,mgleetonke@360.cn,Female,244.138.122.160
736,Babs,Antrack,bantrackkf@tmall.com,Female,29.250.144.10
737,Bibby,Fellgate,bfellgatekg@freewebs.com,Female,47.142.142.226
738,Stavros,Dwerryhouse,sdwerryhousekh@google.com.hk,Male,25.152.218.203
739,Willy,Ogle,wogleki@pbs.org,Female,16.188.200.250
740,Randal,Reiners,rreinerskj@mac.com,Male,100.223.184.133
741,Broderick,Cooksey,bcookseykk@geocities.com,Male,15.243.100.40
742,Flinn,Isac,fisackl@berkeley.edu,Male,149.33.42.155
743,Junina,Buddington,jbuddingtonkm@wix.com,Female,233.160.106.139
744,Donni,Dupoy,ddupoykn@addthis.com,Female,21.241.58.40
745,Reinald,Pettis,rpettisko@hc360.com,Male,14.65.140.224
746,Justinian,Noore,jnoorekp@printfriendly.com,Male,137.226.213.97
747,Wat,Halfhead,whalfheadkq@cnn.com,Male,218.76.84.109
748,Donia,Galbreath,dgalbreathkr@google.ca,Female,191.135.224.155
749,Gabriele,Djurdjevic,gdjurdjevicks@salon.com,Male,218.197.12.107
750,Kathleen,Sarrell,ksarrellkt@squarespace.com,Female,207.210.90.170
751,Christian,Tesh,cteshku@free.fr,Male,254.250.196.155
752,Cara,Cicculini,ccicculinikv@twitter.com,Female,70.150.24.44
753,Iolande,Dmytryk,idmytrykkw@wikia.com,Female,33.247.26.159
754,Konstantine,Pideon,kpideonkx@ca.gov,Male,196.208.238.79
755,Jarad,Antonognoli,jantonognoliky@unicef.org,Male,32.10.88.83
756,Helyn,Strelitzer,hstrelitzerkz@mac.com,Female,10.28.32.96
757,Norman,Cohani,ncohanil0@nba.com,Genderqueer,216.213.113.26
758,Nikolos,Denniss,ndennissl1@networksolutions.com,Male,158.39.142.76
759,Bernardo,Faltin,bfaltinl2@about.com,Agender,244.150.9.95
760,Carmita,Arnely,carnelyl3@mlb.com,Female,247.248.132.255
761,Blanch,Bolderstone,bbolderstonel4@stanford.edu,Female,233.107.227.44
762,Ramonda,Archambault,rarchambaultl5@vkontakte.ru,Agender,4.217.153.203
763,Celene,Shopcott,cshopcottl6@uiuc.edu,Non-binary,65.2.63.155
764,Blair,Mc Harg,bmchargl7@mysql.com,Female,75.121.177.145
765,Burl,Simonaitis,bsimonaitisl8@washingtonpost.com,Male,9.139.56.50
766,Myra,Dupoy,mdupoyl9@squidoo.com,Female,114.201.176.164
767,Nigel,Mougin,nmouginla@harvard.edu,Genderqueer,54.109.171.25
768,Garvy,Blazejewski,gblazejewskilb@ted.com,Male,175.121.82.223
769,Herby,Ferier,hferierlc@hexun.com,Genderfluid,172.98.171.75
770,Keefer,Briddock,kbriddockld@feedburner.com,Male,68.64.227.227
771,Chariot,Ackland,cacklandle@blog.com,Male,228.101.255.26
772,Marcile,Wheatley,mwheatleylf@oakley.com,Female,114.51.184.183
773,Alwyn,Antonognoli,aantonognolilg@vinaora.com,Male,242.39.72.231
774,Kimmi,Gillitt,kgillittlh@omniture.com,Female,133.254.175.147
775,Wendie,Sibbson,wsibbsonli@amazon.co.uk,Female,103.16.93.186
776,Byram,Divell,bdivelllj@house.gov,Male,235.246.204.153
777,Tracee,Durnford,tdurnfordlk@house.gov,Female,115.158.37.200
778,Sada,Robeson,srobesonll@godaddy.com,Female,126.56.5.194
779,Malvina,Garrals,mgarralslm@tinyurl.com,Female,39.143.164.110
780,Humbert,Castard,hcastardln@ft.com,Male,202.172.246.118
781,Horst,McGeachey,hmcgeacheylo@hugedomains.com,Male,105.105.221.233
782,Livvie,Dudny,ldudnylp@wp.com,Genderfluid,220.173.227.117
783,Shell,Ingliss,singlisslq@hc360.com,Female,139.122.26.108
784,Stanislaw,Skamal,sskamallr@techcrunch.com,Male,70.245.49.106
785,Emyle,Pietrzak,epietrzakls@latimes.com,Female,217.212.174.200
786,Wilden,Kienlein,wkienleinlt@flavors.me,Male,157.255.121.80
787,Ki,Hardington,khardingtonlu@google.nl,Female,110.87.11.3
788,Ad,Hastewell,ahastewelllv@de.vu,Male,174.204.221.145
789,Gerry,Smeeth,gsmeethlw@ebay.com,Male,169.237.70.252
790,Alic,Millard,amillardlx@goodreads.com,Male,176.226.193.145
791,Lee,Meugens,lmeugensly@twitpic.com,Female,144.164.83.181
792,Zacherie,Feather,zfeatherlz@vkontakte.ru,Male,173.98.193.167
793,Sanders,Burnell,sburnellm0@unc.edu,Male,85.139.8.219
794,Issie,Wordsley,iwordsleym1@wordpress.com,Female,196.173.16.29
795,Lorraine,Whibley,lwhibleym2@soundcloud.com,Bigender,72.202.102.223
796,Ottilie,Giovanni,ogiovannim3@smugmug.com,Genderqueer,212.245.11.94
797,Raffarty,Cattini,rcattinim4@berkeley.edu,Genderfluid,249.116.91.234
798,Raimondo,Dreakin,rdreakinm5@ftc.gov,Male,103.107.160.94
799,Tabor,Lamberteschi,tlamberteschim6@loc.gov,Male,97.56.34.57
800,Maddie,Cristofori,mcristoforim7@bigcartel.com,Genderfluid,221.245.104.88
801,Vladimir,Wisby,vwisbym8@topsy.com,Male,63.181.151.218
802,Derrik,Searl,dsearlm9@pen.io,Male,125.48.194.96
803,Boothe,Emig,bemigma@networksolutions.com,Male,75.119.42.230
804,Malory,Ponsford,mponsfordmb@springer.com,Female,76.71.207.36
805,Lauri,McCluney,lmccluneymc@ovh.net,Female,115.138.132.2
806,Payton,Grieves,pgrievesmd@sphinn.com,Male,212.241.16.253
807,Scotty,Moppett,smoppettme@drupal.org,Male,90.74.227.198
808,Issie,Jaycox,ijaycoxmf@vistaprint.com,Female,21.230.10.129
809,Jenda,Pitts,jpittsmg@oakley.com,Female,132.227.101.202
810,Debi,Sigge,dsiggemh@geocities.jp,Female,201.188.252.191
811,Warner,Ritchley,writchleymi@feedburner.com,Agender,235.170.93.47
812,Alphonse,Ratie,aratiemj@berkeley.edu,Male,140.203.234.243
813,Chrotoem,Chessun,cchessunmk@infoseek.co.jp,Male,247.69.179.58
814,Nevil,Gate,ngateml@purevolume.com,Male,76.125.195.45
815,Steffen,Loughhead,sloughheadmm@quantcast.com,Male,45.128.67.212
816,Miguel,Vivians,mviviansmn@nifty.com,Male,69.90.123.216
817,Gerrard,Boutell,gboutellmo@1688.com,Male,0.233.20.154
818,Hannie,Withinshaw,hwithinshawmp@webmd.com,Female,111.12.54.27
819,Deborah,Rizzi,drizzimq@soup.io,Female,229.95.107.222
820,Eimile,Andreolli,eandreollimr@seesaa.net,Female,66.200.51.37
821,Dorian,Timlett,dtimlettms@cbc.ca,Female,134.54.177.6
822,Levin,Croft,lcroftmt@usatoday.com,Male,213.20.249.219
823,Kynthia,Creser,kcresermu@nationalgeographic.com,Female,94.72.249.129
824,Yasmin,Bilton,ybiltonmv@163.com,Female,104.68.90.19
825,Alvin,Martlew,amartlewmw@macromedia.com,Male,232.220.140.92
826,Holly,Persse,hperssemx@blogs.com,Male,74.199.9.167
827,Taylor,Birkmyr,tbirkmyrmy@newyorker.com,Male,65.131.19.27
828,Angelina,Fiorentino,afiorentinomz@bloomberg.com,Female,141.98.229.243
829,Harriott,Byllam,hbyllamn0@netscape.com,Polygender,142.164.43.162
830,Catlee,Camerati,ccameratin1@state.tx.us,Female,175.28.28.152
831,Mercie,Tremolieres,mtremolieresn2@nba.com,Female,228.60.195.170
832,Alfi,Lamanby,alamanbyn3@booking.com,Female,116.81.17.108
833,Mercie,Kinmond,mkinmondn4@techcrunch.com,Female,149.84.218.37
834,Joycelin,Hanney,jhanneyn5@omniture.com,Female,237.128.15.74
835,Jeannie,Sambells,jsambellsn6@seesaa.net,Female,28.19.210.220
836,Peggie,Muselli,pmusellin7@clickbank.net,Female,105.6.213.188
837,Royce,Rudsdell,rrudsdelln8@t-online.de,Male,144.174.140.101
838,Gerry,Davydochkin,gdavydochkinn9@apache.org,Male,189.198.181.91
839,Othello,Rowantree,orowantreena@networkadvertising.org,Male,56.190.2.140
840,Benedicto,Clemo,bclemonb@sciencedaily.com,Male,66.50.128.7
841,Erasmus,Follos,efollosnc@harvard.edu,Male,142.213.127.158
842,Stacey,Knowlman,sknowlmannd@boston.com,Non-binary,84.192.185.195
843,Reid,Conor,rconorne@geocities.jp,Male,51.77.129.128
844,Arri,Slyford,aslyfordnf@usa.gov,Male,156.56.61.64
845,Nicole,Langstone,nlangstoneng@paginegialle.it,Female,250.219.105.246
846,Natka,Hullins,nhullinsnh@4shared.com,Female,73.80.119.58
847,Christyna,Armin,carminni@odnoklassniki.ru,Female,144.239.75.50
848,Alicia,Snowding,asnowdingnj@xing.com,Female,17.8.92.84
849,Pris,Folker,pfolkernk@e-recht24.de,Female,246.215.33.84
850,Sophronia,Tolomio,stolomionl@dropbox.com,Female,231.91.74.90
851,Tallie,Hucknall,thucknallnm@bloomberg.com,Female,42.89.190.241
852,Dolores,Oxtiby,doxtibynn@arizona.edu,Female,194.165.147.27
853,Siffre,Skelton,sskeltonno@gmpg.org,Male,254.218.178.155
854,Gaylene,Tullis,gtullisnp@pcworld.com,Female,20.252.56.145
855,Carry,Russel,crusselnq@a8.net,Female,49.194.24.64
856,Weston,Knipe,wknipenr@123-reg.co.uk,Male,20.177.83.83
857,Gilbert,Demageard,gdemageardns@reverbnation.com,Male,161.22.26.18
858,Ross,Absolem,rabsolemnt@nyu.edu,Agender,44.51.93.139
859,Elsie,Dorrance,edorrancenu@cmu.edu,Female,213.181.179.76
860,Nancee,Veltmann,nveltmannnv@cornell.edu,Female,75.242.67.197
861,Tracey,Ebdon,tebdonnw@wufoo.com,Female,12.26.190.44
862,Joby,Rawkesby,jrawkesbynx@qq.com,Female,134.23.218.69
863,Prudence,Strapp,pstrappny@bluehost.com,Female,75.147.40.88
864,Denver,Oakshott,doakshottnz@ask.com,Male,3.143.189.92
865,Linoel,Ballantyne,lballantyneo0@columbia.edu,Male,39.220.110.15
866,Marlin,Cleaver,mcleavero1@blogtalkradio.com,Male,84.3.255.111
867,Farrah,Dwyr,fdwyro2@bbb.org,Female,76.24.220.186
868,Corby,Vedikhov,cvedikhovo3@europa.eu,Male,30.101.113.236
869,Nell,Deathridge,ndeathridgeo4@exblog.jp,Polygender,241.106.79.176
870,Charmain,Bignold,cbignoldo5@indiatimes.com,Female,7.161.229.15
871,Kimberly,Tomaszkiewicz,ktomaszkiewiczo6@skype.com,Female,34.24.9.152
872,Antonin,Kilfether,akilfethero7@vistaprint.com,Male,204.230.15.6
873,Anna-maria,Colquite,acolquiteo8@tinyurl.com,Female,198.160.69.127
874,Lina,McCrone,lmccroneo9@indiatimes.com,Female,123.242.139.111
875,Ada,Dorbin,adorbinoa@addthis.com,Female,8.55.103.57
876,Jecho,Badby,jbadbyob@mapquest.com,Male,144.251.167.240
877,Davida,Grishunin,dgrishuninoc@bloomberg.com,Female,182.77.183.248
878,Crin,Ivasechko,civasechkood@rakuten.co.jp,Female,143.199.17.21
879,Amelie,Rebeiro,arebeirooe@storify.com,Female,108.152.40.112
880,Tyne,Guerro,tguerroof@icq.com,Female,9.27.23.136
881,Winne,Croyser,wcroyserog@unc.edu,Female,179.147.117.215
882,Arnie,Merida,ameridaoh@ox.ac.uk,Male,215.112.250.138
883,Georgianna,Jime,gjimeoi@newyorker.com,Female,180.163.172.125
884,Fredi,Yerill,fyerilloj@wiley.com,Polygender,17.222.127.184
885,Burke,Aindriu,baindriuok@surveymonkey.com,Male,146.182.119.56
886,Orland,Groll,ogrollol@hp.com,Male,173.153.37.35
887,Nanni,Syphas,nsyphasom@wikia.com,Female,89.55.154.83
888,Norene,Peracco,nperaccoon@taobao.com,Female,179.185.80.213
889,Janetta,Mattiassi,jmattiassioo@topsy.com,Female,52.250.114.53
890,Rhonda,Brogi,rbrogiop@multiply.com,Female,186.84.148.81
891,Karil,Grevel,kgreveloq@forbes.com,Female,108.129.16.63
892,Wyndham,Meneghi,wmeneghior@exblog.jp,Male,6.197.11.252
893,Eleen,Duxbarry,eduxbarryos@unesco.org,Non-binary,2.148.160.101
894,Jasper,Moxson,jmoxsonot@newsvine.com,Male,25.165.13.1
895,Lezley,Antonchik,lantonchikou@51.la,Male,72.132.208.178
896,Ardeen,McCraw,amccrawov@spotify.com,Female,4.215.113.104
897,Elva,Prantoni,eprantoniow@netscape.com,Female,191.100.40.192
898,Curtis,Entissle,centissleox@sohu.com,Male,162.244.168.124
899,Klara,Dacca,kdaccaoy@dmoz.org,Female,189.16.78.199
900,Webster,Smoote,wsmooteoz@t.co,Agender,219.246.48.213
901,Xavier,Scarf,xscarfp0@clickbank.net,Male,233.94.10.4
902,Dominic,Zoppie,dzoppiep1@dot.gov,Male,67.253.3.56
903,Ross,Linde,rlindep2@tinypic.com,Male,89.153.79.8
904,Marv,Keable,mkeablep3@elpais.com,Male,163.236.210.119
905,Brant,Vonderdell,bvonderdellp4@tiny.cc,Male,220.211.61.204
906,Althea,Goding,agodingp5@t-online.de,Female,83.107.236.84
907,Mersey,McGraw,mmcgrawp6@wikimedia.org,Female,243.101.250.46
908,Costa,Burridge,cburridgep7@boston.com,Male,89.178.21.138
909,Chrisy,Madders,cmaddersp8@businessinsider.com,Male,76.173.25.13
910,Willabella,Vink,wvinkp9@sun.com,Female,100.144.15.54
911,Gerta,Pinkerton,gpinkertonpa@addtoany.com,Female,248.208.106.81
912,Audie,Fleming,aflemingpb@wiley.com,Female,232.145.213.138
913,Glynn,Elcoux,gelcouxpc@wired.com,Male,194.163.76.139
914,Nollie,Terbeek,nterbeekpd@pbs.org,Male,92.69.230.115
915,Vinni,Ellif,vellifpe@si.edu,Female,26.237.152.215
916,Shelby,Waller-Bridge,swallerbridgepf@epa.gov,Male,192.209.83.74
917,Prentice,Terzza,pterzzapg@google.com.hk,Male,186.167.229.120
918,Crystal,cornhill,ccornhillph@weibo.com,Female,250.150.99.141
919,Gael,Dolbey,gdolbeypi@globo.com,Male,200.207.114.1
920,Mendel,Aspall,maspallpj@ifeng.com,Male,243.75.182.35
921,Nancee,Rabbatts,nrabbattspk@yahoo.com,Female,78.17.69.25
922,Johna,Sirkett,jsirkettpl@cam.ac.uk,Female,192.208.100.98
923,Ring,McCullogh,rmcculloghpm@pcworld.com,Male,229.192.14.194
924,Amata,Bustin,abustinpn@scientificamerican.com,Female,189.85.78.189
925,Aliza,Kibel,akibelpo@cyberchimps.com,Female,231.57.204.226
926,Giustina,Horsefield,ghorsefieldpp@wordpress.org,Female,112.238.245.182
927,Jedd,Malafe,jmalafepq@quantcast.com,Male,36.199.74.87
928,Charla,Lindwall,clindwallpr@cyberchimps.com,Genderqueer,247.252.199.80
929,Hadrian,Edlestone,hedlestoneps@bing.com,Male,77.12.90.44
930,Max,Joder,mjoderpt@nba.com,Male,50.195.160.58
931,Lucy,Bryceson,lbrycesonpu@geocities.com,Female,241.188.81.247
932,Ty,Ellard,tellardpv@elegantthemes.com,Male,214.31.230.58
933,Shaw,Harbage,sharbagepw@mapquest.com,Male,57.229.21.164
934,Herbert,Toor,htoorpx@wufoo.com,Agender,45.224.41.50
935,Nancee,Urry,nurrypy@businessweek.com,Female,130.196.153.52
936,Carri,Mityushkin,cmityushkinpz@ucla.edu,Female,155.189.155.103
937,Tine,Willowby,twillowbyq0@adobe.com,Female,170.16.208.184
938,Chase,Krolik,ckrolikq1@microsoft.com,Non-binary,215.235.232.124
939,Nonnah,Beller,nbellerq2@trellian.com,Female,208.106.241.89
940,Merrili,Wingar,mwingarq3@paypal.com,Female,72.235.173.196
941,Krysta,Drever,kdreverq4@xinhuanet.com,Female,246.243.8.243
942,Cortie,Woodier,cwoodierq5@japanpost.jp,Male,112.226.151.2
943,Bridget,Prantl,bprantlq6@quantcast.com,Female,50.47.7.132
944,Guglielma,Balderston,gbalderstonq7@sitemeter.com,Female,103.203.74.140
945,Matthus,Odell,modellq8@narod.ru,Male,237.32.56.249
946,Roarke,Cornehl,rcornehlq9@washington.edu,Male,48.90.187.247
947,Rena,Yaneev,ryaneevqa@npr.org,Bigender,1.38.5.246
948,Orville,Pickring,opickringqb@webmd.com,Male,239.144.15.53
949,Inness,Salsbury,isalsburyqc@wisc.edu,Bigender,179.90.66.205
950,Ronnica,Kenan,rkenanqd@msu.edu,Female,62.238.153.38
951,Emelita,Cromblehome,ecromblehomeqe@tamu.edu,Female,76.29.167.126
952,Cristi,Polding,cpoldingqf@oakley.com,Female,86.226.246.163
953,Briggs,Fairnie,bfairnieqg@un.org,Male,103.223.189.59
954,Kimberly,Eberle,keberleqh@mediafire.com,Genderqueer,112.88.243.245
955,Abner,Copland,acoplandqi@mysql.com,Male,245.36.79.106
956,Eadith,Bracchi,ebracchiqj@diigo.com,Female,185.114.11.77
957,Alic,Greenmon,agreenmonqk@fastcompany.com,Male,38.217.2.145
958,Johnathan,Fransewich,jfransewichql@i2i.jp,Male,56.0.73.187
959,Fowler,Gloy,fgloyqm@themeforest.net,Male,150.102.1.97
960,Jabez,McEnhill,jmcenhillqn@vkontakte.ru,Male,186.138.230.107
961,Penn,Trevethan,ptrevethanqo@google.fr,Male,29.233.135.10
962,Reg,Skeemer,rskeemerqp@drupal.org,Male,13.243.54.136
963,Tallia,Glencrosche,tglencroscheqq@pagesperso-orange.fr,Female,161.226.125.205
964,Arlen,Puffett,apuffettqr@ocn.ne.jp,Male,243.140.134.122
965,Chloette,Sannes,csannesqs@bizjournals.com,Female,177.223.145.246
966,Mischa,Mc Trusty,mmctrustyqt@washingtonpost.com,Male,19.71.120.14
967,Samuele,Rawnsley,srawnsleyqu@tinyurl.com,Male,189.63.60.144
968,Ilyssa,Lezemere,ilezemereqv@nasa.gov,Female,40.114.14.2
969,Sammie,Tigwell,stigwellqw@state.tx.us,Male,73.170.82.218
970,Gardy,Agerskow,gagerskowqx@g.co,Agender,48.119.168.197
971,Sal,Farey,sfareyqy@ifeng.com,Male,145.210.116.179
972,Jock,Anthiftle,janthiftleqz@dropbox.com,Male,220.105.22.1
973,Coral,Tweede,ctweeder0@trellian.com,Female,101.188.67.220
974,Catherine,Vasiljevic,cvasiljevicr1@etsy.com,Female,16.67.26.107
975,Edee,Derington,ederingtonr2@baidu.com,Female,208.190.35.153
976,Kipp,Carnegie,kcarnegier3@soundcloud.com,Male,92.88.146.18
977,Julianna,Packington,jpackingtonr4@ask.com,Female,51.87.3.56
978,Marsh,Drennan,mdrennanr5@eepurl.com,Male,160.187.155.42
979,Gerek,McAree,gmcareer6@etsy.com,Male,126.149.213.32
980,Alisun,Deverille,adeveriller7@wsj.com,Female,142.47.146.240
981,Alistair,Napoleon,anapoleonr8@chronoengine.com,Male,144.183.14.57
982,Betty,Doghartie,bdoghartier9@cornell.edu,Female,146.24.143.12
983,Luca,Pabel,lpabelra@wordpress.org,Agender,253.54.198.229
984,Emmery,Sink,esinkrb@altervista.org,Genderfluid,240.15.186.226
985,Margy,Dafydd,mdafyddrc@weebly.com,Agender,209.130.111.192
986,Gustave,Indruch,gindruchrd@bigcartel.com,Male,95.215.6.22
987,Francisca,Mumbey,fmumbeyre@thetimes.co.uk,Female,127.87.231.140
988,Adlai,Cahn,acahnrf@chron.com,Male,123.149.76.19
989,Fitz,Gunn,fgunnrg@a8.net,Male,23.215.158.43
990,Clarence,Patrick,cpatrickrh@webs.com,Male,40.181.194.254
991,Killian,Ledrun,kledrunri@uol.com.br,Male,124.128.116.52
992,Sunny,Hammelberg,shammelbergrj@apache.org,Female,233.92.132.194
993,Haven,Gammage,hgammagerk@dot.gov,Male,136.189.89.175
994,Clint,Blaske,cblaskerl@unesco.org,Male,222.232.37.207
995,Rolph,Gregson,rgregsonrm@theatlantic.com,Male,16.156.11.209
996,Ric,Debnam,rdebnamrn@google.com,Male,169.174.103.74
997,Virgil,Blenkinship,vblenkinshipro@wordpress.org,Male,165.13.194.202
998,Reinald,Hanscomb,rhanscombrp@statcounter.com,Male,116.243.234.192
999,Clarisse,Attle,cattlerq@bluehost.com,Female,120.183.5.244
1000,Buddie,Tingly,btinglyrr@issuu.com,Agender,230.100.4.19
