id,first_name,last_name,email,gender,ip_address
1,Keely,Van Der Weedenburg,kvanderweedenburg0@springer.com,Female,173.18.222.9
2,Andreana,Farrell,afarrell1@huffingtonpost.com,Female,144.84.179.8
3,Magdalen,Manifold,mmanifold2@amazonaws.com,Female,159.36.130.14
4,Boy,Archanbault,barchanbault3@opensource.org,Male,195.54.100.189
5,Rafa,Gotliffe,rgotliffe4@skyrock.com,Female,123.209.124.255
6,Freddie,Winley,fwinley5@ezinearticles.com,Male,251.172.84.51
7,Chad,Crutch,ccrutch6@tripod.com,Bigender,204.232.167.254
8,Franklin,Marlon,fmarlon7@google.ca,Male,211.89.42.188
9,Christie,Janous,cjanous8@prlog.org,Female,112.10.250.203
10,Sibyl,Slamaker,sslamaker9@youtu.be,Male,203.242.115.71
11,Pascale,Applin,papplina@examiner.com,Male,77.254.234.214
12,Marve,Kitto,mkittob@bbc.co.uk,Male,246.56.183.81
13,Cairistiona,Keeri,ckeeric@blinklist.com,Female,231.76.9.102
14,Gray,Gentery,ggenteryd@guardian.co.uk,Male,3.96.72.82
15,Jason,Ondrich,jondriche@answers.com,Male,71.199.249.77
16,Douglass,Gaylor,dgaylorf@joomla.org,Male,73.81.48.139
17,Almire,Titterington,atitteringtong@ehow.com,Female,134.153.196.143
18,Delores,Manktelow,dmanktelowh@creativecommons.org,Female,84.82.9.162
19,Jessi,Waters,jwatersi@ycombinator.com,Female,202.253.77.130
20,Robbert,Jakoubek,rjakoubekj@amazon.co.uk,Male,158.218.138.206
21,Car,Drawmer,cdrawmerk@dropbox.com,Male,81.1.82.155
22,Tildy,Studeart,tstudeartl@psu.edu,Female,73.89.209.118
23,Lowrance,Cockshott,lcockshottm@over-blog.com,Male,112.166.238.92
24,Irvin,Aspinal,iaspinaln@shareasale.com,Male,101.1.145.188
25,Audy,Emms,aemmso@addtoany.com,Female,90.173.174.165
26,Florella,Mann,fmannp@wired.com,Female,88.95.175.106
27,Philip,Hazelgrove,phazelgroveq@goo.ne.jp,Male,39.163.220.166
28,Emerson,Thomasson,ethomassonr@paginegialle.it,Male,239.11.113.134
29,Barn,Walder,bwalders@reuters.com,Male,141.93.92.137
30,Pietro,Hodjetts,phodjettst@phoca.cz,Polygender,60.10.160.15
31,Nollie,Cyson,ncysonu@arstechnica.com,Female,218.23.187.69
32,Eugenia,Broun,ebrounv@jigsy.com,Non-binary,39.70.19.139
33,Rutter,Isbell,risbellw@ibm.com,Male,234.223.139.142
34,Katine,Limpricht,klimprichtx@cbslocal.com,Female,178.11.45.160
35,Merle,McNee,mmcneey@w3.org,Male,83.85.199.142
36,Wendell,Garbott,wgarbottz@theatlantic.com,Male,115.165.201.114
37,Laurens,Cassley,lcassley10@theatlantic.com,Male,104.26.201.38
38,Yetta,Keeley,ykeeley11@chronoengine.com,Female,216.187.3.219
39,Zelda,MacGilrewy,zmacgilrewy12@huffingtonpost.com,Female,155.210.84.78
40,Ancell,Fitchet,afitchet13@hatena.ne.jp,Male,196.2.177.152
41,Caryl,Tizard,ctizard14@multiply.com,Female,31.205.166.95
42,Berkly,Weakley,bweakley15@twitter.com,Male,17.217.54.46
43,Candra,Bulbeck,cbulbeck16@skype.com,Female,173.110.251.254
44,Obie,Tink,otink17@ifeng.com,Male,154.252.249.171
45,Aigneis,Hartness,ahartness18@ox.ac.uk,Female,213.194.234.143
46,Sher,Rennison,srennison19@toplist.cz,Female,123.118.69.5
47,Harlen,Weyland,hweyland1a@yandex.ru,Non-binary,10.60.32.190
48,Nedda,Deakes,ndeakes1b@vistaprint.com,Female,164.250.218.67
49,Winfred,Gisburne,wgisburne1c@networkadvertising.org,Male,183.194.38.255
50,Normie,Battisson,nbattisson1d@topsy.com,Male,158.249.197.245
51,Rick,Kikke,rkikke1e@goo.gl,Male,102.208.56.129
52,Kurt,Zanassi,kzanassi1f@amazon.de,Male,42.117.152.46
53,Guy,Mottinelli,gmottinelli1g@t-online.de,Male,227.0.33.253
54,Kaitlyn,Lawday,klawday1h@jugem.jp,Female,8.225.238.241
55,Ernst,Clint,eclint1i@usa.gov,Male,206.247.246.23
56,Kip,Dobson,kdobson1j@pen.io,Male,247.125.78.1
57,Frazier,Cawood,fcawood1k@github.io,Male,190.231.153.199
58,Louisa,Dignum,ldignum1l@goo.ne.jp,Female,14.24.193.210
59,Nye,Spenclay,nspenclay1m@google.nl,Male,147.219.18.201
60,Shaylah,Schimoni,sschimoni1n@tmall.com,Female,99.176.78.189
61,Margareta,Halfacre,mhalfacre1o@ameblo.jp,Female,170.118.39.213
62,Malory,Halvorsen,mhalvorsen1p@nih.gov,Female,191.56.76.196
63,Lexy,Rayne,lrayne1q@rambler.ru,Female,81.75.37.214
64,Natalee,Treleven,ntreleven1r@stanford.edu,Female,150.181.15.159
65,Lefty,Hillaby,lhillaby1s@google.ru,Male,131.122.242.183
66,Frederich,Ninnotti,fninnotti1t@pcworld.com,Male,84.191.223.249
67,Jobie,Ibbett,jibbett1u@gov.uk,Female,71.86.246.135
68,Park,Tinkler,ptinkler1v@drupal.org,Male,225.93.228.127
69,Horst,Hens,hhens1w@weather.com,Male,58.213.131.132
70,Mia,Cheeney,mcheeney1x@home.pl,Female,178.146.46.214
71,Ransell,Heathcott,rheathcott1y@blog.com,Male,122.21.176.94
72,Bonnibelle,Avrasin,bavrasin1z@npr.org,Female,236.250.43.242
73,Amie,Seagar,aseagar20@guardian.co.uk,Female,93.182.37.179
74,Sherwin,Cerro,scerro21@marriott.com,Male,123.28.120.177
75,Francisca,Derle,fderle22@virginia.edu,Female,180.184.4.195
76,Elfrida,Kinghorne,ekinghorne23@phpbb.com,Female,123.81.168.232
77,Artemas,O'Finan,aofinan24@sciencedaily.com,Male,82.185.151.85
78,Siegfried,Coste,scoste25@wsj.com,Bigender,245.66.99.174
79,Giacopo,Bezemer,gbezemer26@about.com,Bigender,229.85.73.251
80,Darcie,McKeaveney,dmckeaveney27@ycombinator.com,Female,54.52.84.78
81,Charlton,Jeays,cjeays28@quantcast.com,Male,232.166.10.8
82,Tabbi,O'Hoey,tohoey29@sakura.ne.jp,Female,161.120.85.5
83,Dulcy,Griffin,dgriffin2a@dion.ne.jp,Female,47.147.39.231
84,Ara,Drakes,adrakes2b@eepurl.com,Female,225.193.125.28
85,Rudie,Tarplee,rtarplee2c@flickr.com,Bigender,251.68.112.9
86,Yule,Fernely,yfernely2d@sitemeter.com,Male,157.179.101.60
87,Deck,Schoolfield,dschoolfield2e@baidu.com,Male,25.133.63.157
88,Tabina,Watling,twatling2f@csmonitor.com,Polygender,73.172.98.109
89,Lorianna,Broomfield,lbroomfield2g@artisteer.com,Female,237.203.38.153
90,Rene,MacCahey,rmaccahey2h@i2i.jp,Male,47.48.189.57
91,Rea,Millery,rmillery2i@uol.com.br,Female,246.121.149.214
92,Michaeline,Hobgen,mhobgen2j@blogs.com,Female,38.231.54.158
93,Adlai,Barthrop,abarthrop2k@springer.com,Male,204.175.193.151
94,Mag,Lapides,mlapides2l@smugmug.com,Female,195.221.160.217
95,Karlyn,Rosendall,krosendall2m@mapy.cz,Female,74.95.24.213
96,Keenan,Fishbourn,kfishbourn2n@e-recht24.de,Male,123.67.37.181
97,Aaren,Vine,avine2o@mapquest.com,Non-binary,191.228.10.110
98,Nadia,Vint,nvint2p@ibm.com,Female,100.57.99.49
99,Franciskus,Rennie,frennie2q@bravesites.com,Male,32.51.37.235
100,Ozzie,Bruckstein,obruckstein2r@bigcartel.com,Male,60.21.255.234
101,Hyacintha,Edinburgh,hedinburgh2s@arizona.edu,Female,70.50.32.1
102,Tedd,Trowell,ttrowell2t@google.fr,Male,188.207.167.101
103,Meghan,Cruces,mcruces2u@artisteer.com,Female,38.174.98.163
104,Ramon,Episcopio,repiscopio2v@cmu.edu,Male,222.164.227.132
105,Rik,Trengove,rtrengove2w@aol.com,Male,21.252.213.7
106,Ronald,Kilroy,rkilroy2x@posterous.com,Male,90.11.80.114
107,Eirena,Belfrage,ebelfrage2y@independent.co.uk,Agender,171.23.249.149
108,Roshelle,Paye,rpaye2z@yandex.ru,Female,151.147.152.2
109,Jeffie,Ethridge,jethridge30@tamu.edu,Male,216.83.100.227
110,Bevin,Jopke,bjopke31@va.gov,Male,19.0.114.67
111,Lynea,Rome,lrome32@nasa.gov,Female,106.74.152.156
112,Yancey,Coogan,ycoogan33@wiley.com,Male,173.141.119.226
113,Rosanne,Norwich,rnorwich34@japanpost.jp,Female,142.114.252.21
114,Dolli,O'Gormally,dogormally35@cdc.gov,Female,228.115.88.22
115,Audre,Kesby,akesby36@angelfire.com,Female,22.162.180.77
116,Jermain,Colquyte,jcolquyte37@google.pl,Male,123.242.23.110
117,Currie,Reilingen,creilingen38@theglobeandmail.com,Male,159.156.96.229
118,Calypso,McAline,cmcaline39@linkedin.com,Genderqueer,188.39.116.133
119,Myrah,Bodega,mbodega3a@gmpg.org,Female,53.11.216.216
120,Aguste,Martini,amartini3b@tuttocitta.it,Male,37.147.218.67
121,Calhoun,Ludl,cludl3c@domainmarket.com,Male,48.56.222.210
122,Alfonso,McGonigle,amcgonigle3d@nsw.gov.au,Male,134.236.127.190
123,Ralph,Ebbles,rebbles3e@theatlantic.com,Male,5.78.215.179
124,Blanche,Cometti,bcometti3f@friendfeed.com,Female,210.94.147.186
125,Ofilia,McClelland,omcclelland3g@ucla.edu,Female,49.189.216.36
126,Patrick,Carress,pcarress3h@state.gov,Male,92.132.241.64
127,Gawain,Richemond,grichemond3i@de.vu,Male,209.99.2.13
128,Pavlov,Fryer,pfryer3j@addtoany.com,Male,150.79.183.60
129,Debby,Hartley,dhartley3k@imdb.com,Female,97.228.207.39
130,Trudie,Balston,tbalston3l@w3.org,Female,229.250.110.123
131,Jan,Hryskiewicz,jhryskiewicz3m@usgs.gov,Male,159.105.120.149
132,Alfreda,Walbrook,awalbrook3n@dailymail.co.uk,Female,178.183.223.14
133,Schuyler,O'Nions,sonions3o@ask.com,Male,248.146.117.171
134,Letti,Corkhill,lcorkhill3p@ibm.com,Female,146.169.27.209
135,Katya,Ferrieroi,kferrieroi3q@globo.com,Female,59.252.206.15
136,Lauri,Ironmonger,lironmonger3r@virginia.edu,Female,121.38.53.251
137,Wilburt,Galland,wgalland3s@simplemachines.org,Male,108.33.202.6
138,Hazel,Dodson,hdodson3t@sciencedirect.com,Female,103.162.140.108
139,Hewe,Gahagan,hgahagan3u@cyberchimps.com,Male,223.236.114.35
140,Elwin,Blaksley,eblaksley3v@gravatar.com,Male,80.46.134.249
141,Marlena,Dallywater,mdallywater3w@ebay.com,Female,43.134.174.218
142,Jerrilee,Titterington,jtitterington3x@nsw.gov.au,Female,194.193.205.54
143,Darlene,Flott,dflott3y@de.vu,Female,247.42.8.193
144,Stoddard,Spenclay,sspenclay3z@chronoengine.com,Female,167.130.60.23
145,Nikki,Linnit,nlinnit40@simplemachines.org,Female,47.126.104.184
146,Alyssa,Ibbetson,aibbetson41@netlog.com,Female,154.106.202.178
147,Abbe,Sharp,asharp42@princeton.edu,Polygender,148.169.31.2
148,Lucio,Fruin,lfruin43@tmall.com,Male,8.203.246.251
149,Ginni,Lammie,glammie44@usgs.gov,Female,42.110.53.229
150,Pammy,Adolfsen,padolfsen45@woothemes.com,Female,151.4.94.80
151,Moritz,Benner,mbenner46@youtu.be,Male,141.88.3.116
152,Nowell,Arnson,narnson47@multiply.com,Male,116.244.191.250
153,Willabella,Cardnell,wcardnell48@seattletimes.com,Female,130.217.124.152
154,Fielding,Lowndsborough,flowndsborough49@theglobeandmail.com,Male,89.58.196.28
155,Emera,Bleibaum,ebleibaum4a@hostgator.com,Female,174.127.223.195
156,Kattie,Fulker,kfulker4b@livejournal.com,Female,129.137.104.123
157,Bobby,Bedwell,bbedwell4c@cdc.gov,Female,57.124.212.241
158,Cindelyn,Draijer,cdraijer4d@virginia.edu,Female,125.5.82.177
159,Janela,Wilman,jwilman4e@theglobeandmail.com,Genderqueer,140.162.251.108
160,Luce,Fallen,lfallen4f@bravesites.com,Male,175.184.251.255
161,Hamilton,Penniell,hpenniell4g@shutterfly.com,Male,3.93.84.10
162,Roxana,Shetliff,rshetliff4h@scribd.com,Female,21.203.80.14
163,Penelope,Aldine,paldine4i@independent.co.uk,Female,188.198.20.217
164,Ali,Simeonov,asimeonov4j@reference.com,Female,104.216.149.233
165,Arel,Ferron,aferron4k@nationalgeographic.com,Male,109.60.57.79
166,Shelby,Eisak,seisak4l@nsw.gov.au,Male,154.45.191.116
167,Emilia,Fender,efender4m@qq.com,Female,221.16.205.194
168,Ronnica,Edon,redon4n@gravatar.com,Female,11.62.180.106
169,Alvera,Culpan,aculpan4o@ovh.net,Female,9.160.36.207
170,Cristin,Lauridsen,clauridsen4p@weebly.com,Bigender,160.150.61.138
171,Nadiya,McCandless,nmccandless4q@ucoz.ru,Female,252.37.218.74
172,Erda,Christofor,echristofor4r@aol.com,Female,167.155.95.144
173,Graham,Pilipyak,gpilipyak4s@shop-pro.jp,Male,74.150.84.49
174,Ruby,Rowswell,rrowswell4t@list-manage.com,Male,43.114.126.20
175,Blythe,Mantripp,bmantripp4u@archive.org,Female,244.165.176.33
176,Gram,McGiffin,gmcgiffin4v@msu.edu,Polygender,197.139.218.159
177,Floria,Durward,fdurward4w@cdbaby.com,Female,135.37.242.129
178,Thomasin,Stealey,tstealey4x@apple.com,Agender,140.152.247.18
179,Pauli,Loughead,ploughead4y@edublogs.org,Female,15.202.142.159
180,Leontine,Paine,lpaine4z@aboutads.info,Female,60.25.218.137
181,Maren,Brimm,mbrimm50@microsoft.com,Female,248.38.38.110
182,Lindsey,Terran,lterran51@parallels.com,Female,12.53.117.104
183,Ansley,Dick,adick52@homestead.com,Non-binary,176.119.117.24
184,Guillemette,Jorger,gjorger53@opera.com,Female,33.64.191.183
185,Brandon,Scone,bscone54@parallels.com,Male,194.109.121.11
186,Flori,Grix,fgrix55@sohu.com,Polygender,10.15.242.117
187,Jania,Straughan,jstraughan56@java.com,Female,120.207.76.1
188,Wolfie,Skells,wskells57@admin.ch,Male,176.181.197.92
189,Tomlin,Mackriell,tmackriell58@loc.gov,Male,142.99.59.40
190,Jasen,Merle,jmerle59@seattletimes.com,Male,149.229.223.76
191,Arlie,Jupp,ajupp5a@phoca.cz,Female,68.192.10.50
192,Georgianna,Flacknell,gflacknell5b@mysql.com,Female,54.86.163.52
193,Ikey,Villa,ivilla5c@npr.org,Male,202.97.60.3
194,Andrei,Pietzker,apietzker5d@redcross.org,Female,164.1.224.130
195,Zachary,Langworthy,zlangworthy5e@dmoz.org,Male,77.158.32.2
196,Jessee,McMeanma,jmcmeanma5f@wufoo.com,Male,101.74.171.39
197,Hayyim,Gosforth,hgosforth5g@drupal.org,Male,144.170.224.247
198,Janie,Showl,jshowl5h@redcross.org,Polygender,89.114.158.103
199,Timothee,Becaris,tbecaris5i@netscape.com,Male,253.93.111.175
200,Roger,Benton,rbenton5j@hatena.ne.jp,Male,179.109.54.11
201,Yasmeen,Easey,yeasey5k@baidu.com,Genderfluid,160.244.49.72
202,Tuesday,Trace,ttrace5l@sfgate.com,Female,10.231.96.164
203,Meredith,Player,mplayer5m@samsung.com,Female,242.48.205.145
204,Durante,Bendson,dbendson5n@usatoday.com,Male,118.86.199.240
205,Abeu,Drover,adrover5o@senate.gov,Male,5.194.229.106
206,Kalinda,Shrawley,kshrawley5p@sbwire.com,Genderfluid,111.78.161.218
207,Clarine,Seward,cseward5q@about.com,Female,201.91.131.19
208,Carole,Spaduzza,cspaduzza5r@free.fr,Female,228.65.103.41
209,Xylina,Kenafaque,xkenafaque5s@delicious.com,Female,163.85.116.244
210,Thornie,McKinie,tmckinie5t@tinyurl.com,Male,92.33.116.41
211,Nancie,Hudghton,nhudghton5u@amazon.de,Female,51.211.109.225
212,Ogdon,Finch,ofinch5v@stumbleupon.com,Male,240.2.73.30
213,Franklin,Charker,fcharker5w@phpbb.com,Male,28.229.38.20
214,Irena,de Villier,idevillier5x@paypal.com,Female,242.238.82.251
215,Tan,Camier,tcamier5y@paypal.com,Male,218.0.178.70
216,Erik,Clawsley,eclawsley5z@meetup.com,Male,104.14.232.181
217,Ameline,Kaufman,akaufman60@furl.net,Female,87.75.178.31
218,Chase,Audrey,caudrey61@statcounter.com,Male,69.206.69.28
219,Harrie,Trimmill,htrimmill62@princeton.edu,Female,174.170.162.195
220,Ransell,Sheasby,rsheasby63@homestead.com,Male,182.238.6.247
221,Donn,Dunleavy,ddunleavy64@senate.gov,Agender,243.14.7.33
222,Theresita,Pesik,tpesik65@g.co,Female,52.255.17.188
223,Valaria,Sturge,vsturge66@skyrock.com,Female,176.101.255.99
224,Florinda,Martell,fmartell67@sphinn.com,Female,223.58.247.93
225,Pamela,Braunter,pbraunter68@oakley.com,Female,125.78.161.201
226,Luisa,Niven,lniven69@sciencedaily.com,Female,190.212.131.30
227,Orelia,Willcox,owillcox6a@deviantart.com,Female,79.43.11.65
228,Ian,Edworthie,iedworthie6b@vistaprint.com,Male,126.37.3.83
229,Lari,Granham,lgranham6c@redcross.org,Female,160.210.49.250
230,Sheppard,Joannet,sjoannet6d@mtv.com,Male,197.241.119.233
231,Lissie,Castagnet,lcastagnet6e@liveinternet.ru,Female,239.244.105.29
232,Trudie,Longworth,tlongworth6f@sourceforge.net,Female,6.218.144.174
233,Aaron,Twinberrow,atwinberrow6g@amazon.de,Male,111.155.195.112
234,Marven,Suthworth,msuthworth6h@ehow.com,Genderqueer,237.87.82.165
235,Gwenore,Pickerin,gpickerin6i@loc.gov,Genderfluid,100.14.215.171
236,Cyb,Kingsland,ckingsland6j@mediafire.com,Female,29.162.50.191
237,Wren,Acedo,wacedo6k@businessinsider.com,Female,44.236.58.170
238,Coreen,Fenck,cfenck6l@ameblo.jp,Female,180.94.67.159
239,Arabel,Court,acourt6m@rambler.ru,Female,127.226.79.84
240,Annemarie,Beesey,abeesey6n@multiply.com,Polygender,235.215.185.174
241,Randie,Lane,rlane6o@zimbio.com,Male,250.195.48.22
242,Netti,Broomer,nbroomer6p@twitpic.com,Female,206.107.54.162
243,Stephan,Sparling,ssparling6q@meetup.com,Male,186.232.245.198
244,Marga,Barsam,mbarsam6r@booking.com,Female,145.222.69.254
245,Gustaf,Camamile,gcamamile6s@google.com,Male,165.131.205.200
246,Rubia,Moretto,rmoretto6t@google.es,Female,83.12.185.97
247,Fitzgerald,Geipel,fgeipel6u@uiuc.edu,Male,146.4.169.18
248,Devlen,Camidge,dcamidge6v@who.int,Male,199.254.91.142
249,Perl,Rotter,protter6w@1und1.de,Genderqueer,127.70.243.255
250,Kirbee,Hember,khember6x@histats.com,Female,12.205.45.189
251,Grata,Thow,gthow6y@cbslocal.com,Female,149.138.169.215
252,Karita,Streatfield,kstreatfield6z@so-net.ne.jp,Female,11.125.68.128
253,Cortie,Bartholomaus,cbartholomaus70@wikispaces.com,Non-binary,128.11.81.214
254,Oliver,Alvis,oalvis71@bing.com,Male,111.36.41.70
255,Nikolai,Chritchlow,nchritchlow72@indiatimes.com,Genderfluid,198.198.223.125
256,Nikolia,Bending,nbending73@alibaba.com,Female,81.245.11.47
257,Carly,Bradd,cbradd74@comsenz.com,Female,130.16.122.72
258,Hanna,Robbert,hrobbert75@google.ru,Female,10.253.79.136
259,Lida,Curteis,lcurteis76@flickr.com,Female,247.206.223.28
260,Garek,Meeus,gmeeus77@yellowbook.com,Male,185.85.237.66
261,Dannye,Dolby,ddolby78@uiuc.edu,Polygender,10.151.46.121
262,Federica,Bernaldo,fbernaldo79@issuu.com,Female,131.20.131.90
263,Courtnay,Hanigan,chanigan7a@amazon.de,Male,237.89.72.249
264,Emile,Oakton,eoakton7b@blog.com,Male,15.141.26.218
265,Becka,Ralston,bralston7c@wikimedia.org,Female,98.85.255.18
266,Dominique,Millard,dmillard7d@cyberchimps.com,Female,50.4.186.142
267,Gray,Saylor,gsaylor7e@istockphoto.com,Male,135.31.215.135
268,Brita,Anfonsi,banfonsi7f@xrea.com,Female,60.111.144.145
269,Bendix,Penketh,bpenketh7g@blog.com,Male,193.64.143.153
270,Patience,Warrilow,pwarrilow7h@tuttocitta.it,Female,253.161.65.122
271,Antoine,Yate,ayate7i@i2i.jp,Male,238.124.131.114
272,Hannie,Aggas,haggas7j@techcrunch.com,Female,80.191.94.65
273,Larissa,Shellum,lshellum7k@redcross.org,Female,144.92.106.253
274,Denys,Hubball,dhubball7l@macromedia.com,Male,24.107.176.33
275,Naoma,O'Crevan,nocrevan7m@deviantart.com,Female,226.34.204.8
276,Tressa,Rao,trao7n@spiegel.de,Female,179.171.125.161
277,Virginia,Simkovitz,vsimkovitz7o@twitpic.com,Female,208.206.164.235
278,Marion,Stanex,mstanex7p@ox.ac.uk,Female,22.17.50.236
279,Eveleen,Ings,eings7q@list-manage.com,Polygender,5.113.211.82
280,Carlota,Cowmeadow,ccowmeadow7r@nih.gov,Female,101.206.161.99
281,Hill,Pardew,hpardew7s@uiuc.edu,Male,168.147.44.39
282,Aristotle,Golightly,agolightly7t@xrea.com,Agender,224.46.60.70
283,Ximenez,MacDwyer,xmacdwyer7u@ifeng.com,Male,24.55.198.57
284,Ginger,Stutter,gstutter7v@wordpress.org,Male,182.116.22.168
285,Clotilda,Pipe,cpipe7w@go.com,Female,37.27.9.220
286,Carlene,Richings,crichings7x@prlog.org,Female,246.239.79.178
287,Ailbert,Cianni,acianni7y@nyu.edu,Male,156.156.231.72
288,Fancy,Been,fbeen7z@ow.ly,Female,87.9.153.223
289,Torry,Pickup,tpickup80@etsy.com,Male,64.97.137.229
290,Humberto,Keme,hkeme81@hostgator.com,Male,217.172.100.13
291,Leshia,Macilhench,lmacilhench82@mayoclinic.com,Female,104.56.14.37
292,Pieter,Clipson,pclipson83@japanpost.jp,Male,127.116.94.180
293,Gerard,Follet,gfollet84@e-recht24.de,Male,74.123.8.248
294,Sisely,Bartomieu,sbartomieu85@imageshack.us,Female,191.94.200.71
295,Dewie,Beamiss,dbeamiss86@goo.ne.jp,Male,54.175.98.81
296,Marie-ann,Orto,morto87@wikispaces.com,Female,221.205.168.131
297,Bettina,Reary,breary88@ifeng.com,Genderqueer,163.214.111.17
298,Dud,Bendell,dbendell89@deliciousdays.com,Male,163.200.115.167
299,Franny,Sconce,fsconce8a@unesco.org,Male,14.79.185.250
300,Gonzalo,Wilden,gwilden8b@accuweather.com,Male,239.142.51.72
301,Carrol,Dudbridge,cdudbridge8c@gravatar.com,Male,238.237.167.139
302,Bevon,Baugh,bbaugh8d@issuu.com,Non-binary,16.2.94.113
303,Horton,Shurey,hshurey8e@wired.com,Male,230.1.227.191
304,Brandi,Agar,bagar8f@intel.com,Female,76.142.187.227
305,Kessia,Pesik,kpesik8g@va.gov,Non-binary,37.235.95.59
306,Lydon,O' Hern,lohern8h@gravatar.com,Male,169.55.179.117
307,Janeva,Skingley,jskingley8i@google.com.au,Female,111.48.103.59
308,Fidole,Arrandale,farrandale8j@blog.com,Male,35.55.113.85
309,Bobbye,Goman,bgoman8k@businesswire.com,Non-binary,128.101.226.128
310,Lexi,Le Fleming,llefleming8l@angelfire.com,Female,250.229.205.74
311,Sibbie,Butterfint,sbutterfint8m@vk.com,Female,180.156.170.168
312,Bealle,Carwithan,bcarwithan8n@foxnews.com,Male,184.219.116.37
313,Debi,Francescozzi,dfrancescozzi8o@tmall.com,Female,156.130.242.182
314,Persis,Branche,pbranche8p@berkeley.edu,Female,109.164.182.81
315,Rabi,Oaks,roaks8q@businesswire.com,Male,19.11.118.127
316,Ansell,Larby,alarby8r@hao123.com,Male,155.233.236.71
317,Bethanne,Creamen,bcreamen8s@aboutads.info,Female,228.64.35.16
318,Raddie,Lyal,rlyal8t@symantec.com,Male,40.25.125.175
319,Urban,Mettetal,umettetal8u@biglobe.ne.jp,Male,223.117.137.131
320,Martie,Raselles,mraselles8v@blogger.com,Male,1.57.238.205
321,Gilles,Edensor,gedensor8w@google.de,Male,175.241.167.225
322,Aloysius,Merrington,amerrington8x@twitpic.com,Male,192.57.63.220
323,Mattie,Roskelley,mroskelley8y@unc.edu,Male,158.78.51.209
324,Bengt,Mowen,bmowen8z@jimdo.com,Male,6.47.42.180
325,Court,Nevill,cnevill90@parallels.com,Male,220.2.66.68
326,Tad,Dispencer,tdispencer91@github.com,Male,251.58.117.32
327,Pancho,Raynard,praynard92@edublogs.org,Male,164.139.24.185
328,Nikki,MacAlpyne,nmacalpyne93@geocities.com,Male,17.216.254.150
329,Khalil,Ledgister,kledgister94@engadget.com,Male,40.95.5.36
330,Marwin,Childers,mchilders95@domainmarket.com,Male,165.34.95.211
331,Mirilla,Crich,mcrich96@i2i.jp,Female,216.5.67.21
332,Pearline,Friend,pfriend97@abc.net.au,Female,42.214.189.231
333,Baillie,O'Connell,boconnell98@edublogs.org,Male,158.98.62.113
334,Ira,Hamblen,ihamblen99@tamu.edu,Female,212.40.223.196
335,Finn,Lilliman,flilliman9a@xrea.com,Male,153.189.229.117
336,Bobina,Deetlof,bdeetlof9b@imgur.com,Female,244.110.204.151
337,Lucky,Stripp,lstripp9c@economist.com,Genderfluid,111.242.87.44
338,Alejandra,Wisedale,awisedale9d@pinterest.com,Female,130.147.108.201
339,Raimondo,Welband,rwelband9e@google.it,Male,121.168.212.78
340,Ceciley,Helin,chelin9f@csmonitor.com,Female,236.239.186.222
341,Elwood,Ashington,eashington9g@slate.com,Male,45.63.8.9
342,Felix,Dykins,fdykins9h@addtoany.com,Male,59.34.149.89
343,Ruthanne,Manz,rmanz9i@toplist.cz,Non-binary,82.125.39.211
344,Fidole,Lambin,flambin9j@dion.ne.jp,Male,196.189.230.147
345,Zed,Barrell,zbarrell9k@nhs.uk,Male,50.30.213.146
346,Morna,De Bruijne,mdebruijne9l@cafepress.com,Female,126.11.44.182
347,Benedict,Krolle,bkrolle9m@angelfire.com,Male,105.229.180.118
348,Steven,Jendrusch,sjendrusch9n@51.la,Male,147.154.17.79
349,Mercie,Collet,mcollet9o@slideshare.net,Female,56.237.27.141
350,Aloysius,Tomowicz,atomowicz9p@dailymail.co.uk,Male,27.199.39.68
351,Conrado,Bettenson,cbettenson9q@exblog.jp,Male,119.107.236.53
352,Leo,Hann,lhann9r@devhub.com,Male,182.52.41.92
353,Sianna,Meneur,smeneur9s@163.com,Female,155.238.75.15
354,Alva,Coen,acoen9t@google.it,Male,182.5.38.234
355,Fedora,Sandison,fsandison9u@webnode.com,Female,4.95.199.14
356,Kriste,Durtnall,kdurtnall9v@simplemachines.org,Female,5.182.113.84
357,Babita,Klausewitz,bklausewitz9w@bloglines.com,Female,121.87.137.126
358,Timmy,Sandell,tsandell9x@youtu.be,Male,111.239.69.37
359,Talya,Willder,twillder9y@twitpic.com,Female,45.62.7.246
360,Gabie,Kener,gkener9z@baidu.com,Male,8.105.63.191
361,Kata,Francino,kfrancinoa0@slideshare.net,Female,147.85.56.209
362,Lucas,Danielot,ldanielota1@weebly.com,Male,189.54.136.221
363,Anna-diane,Dandie,adandiea2@gnu.org,Female,170.208.138.66
364,Jason,Menci,jmencia3@rambler.ru,Male,6.176.240.238
365,Lorrie,Vereker,lverekera4@dyndns.org,Male,225.220.10.177
366,Cynde,Petworth,cpetwortha5@biblegateway.com,Female,70.221.16.179
367,Jaquenetta,Burfield,jburfielda6@mysql.com,Female,51.105.90.201
368,Brock,Manvelle,bmanvellea7@xinhuanet.com,Male,186.103.191.112
369,Nananne,Deplacido,ndeplacidoa8@google.de,Female,206.112.13.132
370,Geri,Karlolczak,gkarlolczaka9@zdnet.com,Male,53.225.89.107
371,Lilla,Kleanthous,lkleanthousaa@simplemachines.org,Female,127.129.36.183
372,Dael,Dunnett,ddunnettab@vk.com,Female,170.205.79.225
373,Nell,Slamaker,nslamakerac@so-net.ne.jp,Female,252.82.154.145
374,Rhiamon,Potteridge,rpotteridgead@ted.com,Female,16.205.50.121
375,Vitoria,Pavlishchev,vpavlishchevae@tinypic.com,Female,58.93.227.80
376,Griswold,Kristiansen,gkristiansenaf@wikispaces.com,Male,62.21.57.129
377,Rea,Pendre,rpendreag@china.com.cn,Female,191.120.26.238
378,Roxane,Marshalleck,rmarshalleckah@newsvine.com,Bigender,97.161.175.56
379,Elaine,Tompkiss,etompkissai@nih.gov,Female,192.80.10.89
380,Lu,Crummie,lcrummieaj@infoseek.co.jp,Female,23.127.237.240
381,Kristy,Abrahams,kabrahamsak@squidoo.com,Female,95.54.173.79
382,Thorny,Molohan,tmolohanal@oaic.gov.au,Male,43.250.9.46
383,Gill,Alexander,galexanderam@51.la,Male,211.123.55.201
384,Todd,Ucceli,tuccelian@redcross.org,Male,117.10.79.46
385,Paige,Doerren,pdoerrenao@opera.com,Male,184.150.47.127
386,Lisa,Parsonage,lparsonageap@engadget.com,Female,71.57.121.234
387,Astrid,Adnet,aadnetaq@theglobeandmail.com,Female,88.27.21.206
388,Concettina,Brotherheed,cbrotherheedar@mit.edu,Female,117.164.150.103
389,Normand,Scandwright,nscandwrightas@nps.gov,Male,165.77.149.121
390,Ruddie,Buller,rbullerat@wikispaces.com,Male,1.101.159.115
391,Sherrie,Ussher,sussherau@elpais.com,Genderfluid,254.177.34.109
392,Catherin,Pentecost,cpentecostav@dot.gov,Female,108.35.3.112
393,Christoph,Dunniom,cdunniomaw@weebly.com,Polygender,244.33.140.184
394,Shandie,Gaish,sgaishax@jimdo.com,Female,215.170.64.5
395,Roarke,Cona,rconaay@europa.eu,Male,146.161.236.1
396,Arlinda,Aime,aaimeaz@chicagotribune.com,Female,126.120.80.20
397,Iorgos,Adolphine,iadolphineb0@delicious.com,Male,154.132.78.174
398,Lita,Spratley,lspratleyb1@aboutads.info,Female,13.44.83.192
399,Menard,McCarle,mmccarleb2@themeforest.net,Male,126.110.226.60
400,Marcelle,Antrim,mantrimb3@economist.com,Female,211.65.82.194
401,Rhea,Ruddell,rruddellb4@cornell.edu,Female,171.68.72.73
402,Melvin,Rainsden,mrainsdenb5@wiley.com,Polygender,9.74.38.131
403,Charmion,Blomfield,cblomfieldb6@ftc.gov,Female,101.25.79.185
404,Lela,Crandon,lcrandonb7@wikimedia.org,Female,122.238.6.29
405,Arie,Maddyson,amaddysonb8@uiuc.edu,Male,205.255.99.102
406,Arabele,Spindler,aspindlerb9@nsw.gov.au,Genderqueer,15.59.73.217
407,Robin,Klimp,rklimpba@apache.org,Male,174.24.215.99
408,Layton,Kraut,lkrautbb@ucoz.com,Male,123.241.120.125
409,Sinclair,Aglione,saglionebc@nyu.edu,Male,34.151.183.36
410,Edwina,Call,ecallbd@house.gov,Female,18.225.106.172
411,Harli,Helsby,hhelsbybe@unc.edu,Female,85.194.113.82
412,Brenda,Nanelli,bnanellibf@google.cn,Female,253.141.169.50
413,Costanza,Steere,csteerebg@google.ru,Female,24.197.170.229
414,Gardiner,Whithalgh,gwhithalghbh@craigslist.org,Male,58.26.19.55
415,Camila,Inkpin,cinkpinbi@google.co.uk,Female,228.48.31.244
416,Averyl,Ambroix,aambroixbj@blinklist.com,Female,178.119.144.204
417,Jillene,Heal,jhealbk@slashdot.org,Female,104.177.2.36
418,Flinn,Durdle,fdurdlebl@godaddy.com,Male,6.8.31.70
419,Barnie,March,bmarchbm@opera.com,Male,131.70.59.107
420,Haleigh,Belfelt,hbelfeltbn@mac.com,Agender,56.50.220.49
421,Davida,Clampett,dclampettbo@w3.org,Female,201.107.167.87
422,Minda,Setter,msetterbp@facebook.com,Female,159.154.175.99
423,Guenevere,Brotherhood,gbrotherhoodbq@bigcartel.com,Female,253.229.157.166
424,Bengt,Calvert,bcalvertbr@smugmug.com,Male,212.185.119.134
425,Mort,Ghioni,mghionibs@mozilla.com,Male,115.200.152.160
426,Peirce,Palin,ppalinbt@behance.net,Non-binary,165.26.2.3
427,Lorette,Uppett,luppettbu@buzzfeed.com,Female,41.69.225.3
428,Allan,Yegorkin,ayegorkinbv@patch.com,Male,103.150.78.130
429,Beth,Oatley,boatleybw@indiegogo.com,Female,133.118.168.214
430,Veronica,Waine,vwainebx@soundcloud.com,Female,157.42.102.245
431,Lucais,Shorter,lshorterby@gizmodo.com,Male,204.140.142.254
432,Karly,Kerbey,kkerbeybz@wikipedia.org,Female,181.165.213.75
433,Timi,Gotliffe,tgotliffec0@unicef.org,Female,110.83.233.249
434,Salem,Abrami,sabramic1@about.com,Male,254.1.131.215
435,Greta,Goodreid,ggoodreidc2@opensource.org,Female,188.85.243.201
436,Libby,Gabe,lgabec3@ameblo.jp,Bigender,239.247.97.209
437,Adora,Scotchmur,ascotchmurc4@google.com.hk,Female,205.228.6.123
438,Fayth,Greenroa,fgreenroac5@soundcloud.com,Female,34.205.170.16
439,Ethyl,Standon,estandonc6@dailymail.co.uk,Female,140.117.229.220
440,Lonni,Haste,lhastec7@wix.com,Female,27.16.67.170
441,Feliks,Vittle,fvittlec8@deviantart.com,Male,144.207.232.81
442,Kermit,Densey,kdenseyc9@java.com,Male,196.53.37.133
443,Abramo,Zolini,azolinica@live.com,Male,253.231.80.45
444,Giavani,Finnemore,gfinnemorecb@histats.com,Male,95.95.52.182
445,Cammy,Mc Gorley,cmcgorleycc@bigcartel.com,Female,126.82.157.89
446,Brockie,Dallon,bdalloncd@mapquest.com,Male,27.23.221.252
447,Isador,Kolinsky,ikolinskyce@theatlantic.com,Bigender,250.174.111.57
448,Conrado,Clare,cclarecf@odnoklassniki.ru,Agender,185.174.39.5
449,Alister,Deegan,adeegancg@miibeian.gov.cn,Male,223.230.97.80
450,Ellette,Ert,eertch@weather.com,Female,117.161.224.138
451,Cherri,Sheffield,csheffieldci@4shared.com,Female,249.22.178.24
452,Missy,Norwell,mnorwellcj@webnode.com,Female,254.78.236.223
453,Norene,Ramble,nrambleck@nps.gov,Female,76.4.116.208
454,Alla,Broom,abroomcl@ovh.net,Genderqueer,243.4.232.233
455,Ellynn,Baumert,ebaumertcm@nytimes.com,Female,91.165.41.35
456,Jamaal,Phillins,jphillinscn@about.com,Male,135.251.69.31
457,Andrus,Pallin,apallinco@bandcamp.com,Genderfluid,8.40.207.21
458,Otes,Kebbell,okebbellcp@google.nl,Male,220.2.8.35
459,Tedie,Mogridge,tmogridgecq@bluehost.com,Male,76.134.94.124
460,Lezley,Varker,lvarkercr@odnoklassniki.ru,Male,111.134.213.23
461,Gabey,Tomini,gtominics@wikispaces.com,Female,33.33.110.76
462,Minetta,Featherston,mfeatherstonct@huffingtonpost.com,Female,70.170.7.40
463,Winslow,Weeds,wweedscu@over-blog.com,Male,31.247.241.168
464,Elisabetta,Newcombe,enewcombecv@cornell.edu,Female,244.59.104.15
465,Dotti,Verdun,dverduncw@redcross.org,Female,94.224.238.197
466,Gaultiero,Cokly,gcoklycx@123-reg.co.uk,Non-binary,95.246.172.176
467,Bord,Vedekhov,bvedekhovcy@nasa.gov,Male,222.237.209.5
468,Rock,Barreau,rbarreaucz@webmd.com,Agender,208.106.14.42
469,Erhard,Folomkin,efolomkind0@arstechnica.com,Male,80.164.212.168
470,Eleni,Obin,eobind1@yale.edu,Female,111.239.106.162
471,Griswold,Schoular,gschoulard2@ebay.co.uk,Male,140.8.73.104
472,Cloris,Toon,ctoond3@army.mil,Female,74.171.187.240
473,Muire,Saltsberger,msaltsbergerd4@posterous.com,Female,202.151.74.153
474,Randa,Sills,rsillsd5@wordpress.com,Female,39.220.242.125
475,Trever,Lavalde,tlavalded6@aboutads.info,Male,71.76.127.214
476,Hali,Monro,hmonrod7@goodreads.com,Female,30.162.129.171
477,Temp,Jaher,tjaherd8@ucoz.ru,Male,176.143.240.173
478,Ab,Verick,averickd9@netlog.com,Male,160.46.248.108
479,Inness,Muglestone,imuglestoneda@webs.com,Male,170.62.175.137
480,Clarice,Buddell,cbuddelldb@jugem.jp,Female,171.155.167.200
481,Yardley,Swigg,yswiggdc@ox.ac.uk,Male,97.168.240.79
482,Tynan,Mellor,tmellordd@economist.com,Male,206.136.211.68
483,Ignacius,De la Yglesia,idelayglesiade@wordpress.com,Male,29.31.94.29
484,Jacquelyn,Hollow,jhollowdf@flavors.me,Female,69.79.46.36
485,Jaimie,Desvignes,jdesvignesdg@virginia.edu,Male,52.31.28.208
486,Katerina,Semeradova,ksemeradovadh@ebay.co.uk,Female,240.229.205.169
487,Fred,MacKill,fmackilldi@miibeian.gov.cn,Female,27.1.133.212
488,Pepillo,Gregersen,pgregersendj@example.com,Male,6.24.219.76
489,Jillene,Idel,jideldk@hubpages.com,Polygender,177.233.60.43
490,Gwenora,Bridgeland,gbridgelanddl@archive.org,Non-binary,13.56.209.123
491,Blaire,Gowlett,bgowlettdm@digg.com,Female,44.224.69.76
492,Gannie,Akister,gakisterdn@amazon.co.uk,Male,136.128.252.137
493,Hope,Garside,hgarsidedo@time.com,Female,73.201.102.2
494,Rinaldo,Goatcher,rgoatcherdp@accuweather.com,Male,72.51.174.170
495,Rod,Longland,rlonglanddq@ow.ly,Agender,177.138.197.67
496,Gay,Devonald,gdevonalddr@skyrock.com,Male,100.19.247.134
497,Jobie,Ferrierio,jferrieriods@mysql.com,Female,79.116.168.156
498,Gerick,Meech,gmeechdt@epa.gov,Bigender,73.154.143.213
499,Zebadiah,Origan,zorigandu@nymag.com,Male,245.188.221.75
500,Piotr,Higbin,phigbindv@people.com.cn,Male,35.126.172.73
501,Chrisy,Steinson,csteinsondw@statcounter.com,Genderqueer,69.217.46.231
502,Ora,Oret,ooretdx@hatena.ne.jp,Female,33.15.77.106
503,Melisa,Dumbelton,mdumbeltondy@ucoz.ru,Female,53.25.57.140
504,Sargent,Agglione,sagglionedz@nifty.com,Male,251.206.236.141
505,Garwin,Liebermann,gliebermanne0@sciencedirect.com,Male,189.206.166.220
506,Ewan,Storton,estortone1@vistaprint.com,Non-binary,148.145.41.212
507,Ilka,Foulgham,ifoulghame2@upenn.edu,Female,197.124.223.85
508,Danna,Shuker,dshukere3@google.de,Female,181.233.133.79
509,Riannon,Legan,rlegane4@blogs.com,Polygender,225.5.125.12
510,Aili,Velareal,avelareale5@businesswire.com,Female,69.26.180.21
511,Harwell,Tapenden,htapendene6@weebly.com,Male,218.141.223.111
512,Judd,Miskimmon,jmiskimmone7@comsenz.com,Male,180.235.228.229
513,Ann,Loudyan,aloudyane8@census.gov,Bigender,207.106.98.232
514,Rosy,Haye,rhayee9@w3.org,Female,88.12.27.150
515,Illa,Studholme,istudholmeea@msn.com,Female,238.141.161.247
516,Selena,Dodimead,sdodimeadeb@cbsnews.com,Female,91.20.195.161
517,Ellis,Seekings,eseekingsec@theguardian.com,Male,23.102.107.20
518,Nicola,Rallings,nrallingsed@guardian.co.uk,Female,254.37.209.60
519,Burg,Binch,bbinchee@unblog.fr,Male,122.220.150.191
520,Daloris,Perrett,dperrettef@sourceforge.net,Female,233.111.121.143
521,Tanney,Armitt,tarmitteg@purevolume.com,Male,65.121.154.53
522,Henryetta,Melburg,hmelburgeh@pbs.org,Female,177.245.58.22
523,Elfie,Guidera,eguideraei@github.io,Female,108.131.253.245
524,Lewiss,Algeo,lalgeoej@businessweek.com,Male,245.175.22.58
525,Mirabelle,Strand,mstrandek@creativecommons.org,Female,126.125.9.17
526,Milo,Hanvey,mhanveyel@ucoz.ru,Male,13.40.220.45
527,Bruce,Grimley,bgrimleyem@theatlantic.com,Male,159.36.132.64
528,Fin,Antonignetti,fantonignettien@nymag.com,Male,170.187.9.116
529,Glenden,Novic,gnoviceo@loc.gov,Male,181.49.122.166
530,Lane,Cattemull,lcattemullep@unc.edu,Non-binary,118.80.201.83
531,Jania,Lesser,jlessereq@fda.gov,Female,160.210.192.128
532,Lyndsie,Maydway,lmaydwayer@netlog.com,Female,166.129.25.171
533,Kala,Grishechkin,kgrishechkines@gizmodo.com,Genderqueer,228.2.155.208
534,Lorine,Piesold,lpiesoldet@irs.gov,Female,158.152.169.128
535,Bellanca,Bernhart,bbernharteu@1688.com,Genderfluid,135.192.116.126
536,Tobin,Eatttok,teatttokev@vinaora.com,Male,50.189.19.161
537,Hugo,Wolfendell,hwolfendellew@admin.ch,Male,178.142.191.49
538,Baxie,Ventam,bventamex@sphinn.com,Male,200.117.56.102
539,Anders,Galbraeth,agalbraethey@slashdot.org,Male,32.120.202.14
540,Glennis,Choules,gchoulesez@vistaprint.com,Female,210.211.205.150
541,Brock,Hynson,bhynsonf0@goo.gl,Male,155.71.35.28
542,Allx,Richford,arichfordf1@senate.gov,Female,150.29.130.47
543,Saundra,Burnside,sburnsidef2@squidoo.com,Male,65.11.61.241
544,Carlotta,Redington,credingtonf3@pagesperso-orange.fr,Genderqueer,55.50.45.167
545,Nehemiah,MacColl,nmaccollf4@constantcontact.com,Male,176.235.89.112
546,Cassi,Dorro,cdorrof5@amazon.com,Female,78.63.217.105
547,Randolph,Darcey,rdarceyf6@nba.com,Agender,254.93.171.6
548,Eleanora,Dixsee,edixseef7@cdbaby.com,Genderqueer,113.187.157.172
549,Harp,Philippault,hphilippaultf8@senate.gov,Polygender,216.114.237.122
550,Hilton,Bygraves,hbygravesf9@wired.com,Male,21.45.15.36
551,Syman,Gowers,sgowersfa@blogger.com,Male,37.153.128.249
552,Meryl,Cubin,mcubinfb@booking.com,Male,194.120.128.240
553,Corie,Jaspar,cjasparfc@tinypic.com,Female,159.224.179.223
554,Erskine,Wasiel,ewasielfd@japanpost.jp,Male,157.128.86.49
555,Rosamond,Dow,rdowfe@usgs.gov,Female,248.166.119.117
556,Chaddy,Hutfield,chutfieldff@youku.com,Male,242.126.36.121
557,Carlyn,Reedman,creedmanfg@yahoo.com,Female,75.6.216.8
558,Korrie,Stradling,kstradlingfh@adobe.com,Female,28.38.35.173
559,Sloan,Seagar,sseagarfi@g.co,Male,22.49.185.127
560,Bjorn,Forsdike,bforsdikefj@homestead.com,Male,45.102.34.40
561,Adamo,Foulcher,afoulcherfk@cmu.edu,Male,76.33.216.128
562,Welsh,Rizzotto,wrizzottofl@reddit.com,Bigender,26.149.140.103
563,Bronnie,Tireman,btiremanfm@answers.com,Male,28.25.159.229
564,Aeriela,Sidebottom,asidebottomfn@state.gov,Female,112.185.90.96
565,Dacey,Firminger,dfirmingerfo@behance.net,Female,13.111.173.214
566,Crissy,Bullick,cbullickfp@businesswire.com,Female,75.237.26.72
567,Babara,Fawlo,bfawlofq@wordpress.com,Genderfluid,69.12.91.234
568,Udall,Woollaston,uwoollastonfr@census.gov,Male,50.132.149.125
569,Alicea,Smidmoor,asmidmoorfs@yale.edu,Female,70.177.146.143
570,Taite,Zute,tzuteft@yale.edu,Male,162.69.253.254
571,Sherlocke,Rolfi,srolfifu@shop-pro.jp,Male,87.91.53.33
572,Jon,Tanton,jtantonfv@ibm.com,Male,231.212.44.23
573,Twyla,Massow,tmassowfw@devhub.com,Female,11.164.139.169
574,Hector,Nibloe,hnibloefx@msu.edu,Genderfluid,187.219.168.101
575,Carolina,Blumer,cblumerfy@macromedia.com,Female,44.3.149.220
576,Esther,Farrer,efarrerfz@reuters.com,Agender,240.65.189.217
577,Vinnie,McMurthy,vmcmurthyg0@taobao.com,Male,111.232.245.46
578,Lemmie,Boraston,lborastong1@slate.com,Male,181.163.87.65
579,Georgi,Tilne,gtilneg2@constantcontact.com,Male,94.143.52.168
580,Batsheva,Lortz,blortzg3@time.com,Genderfluid,16.242.137.61
581,Zechariah,Skym,zskymg4@forbes.com,Male,20.157.43.36
582,Virge,Lothean,vlotheang5@uol.com.br,Male,134.80.134.211
583,Bertie,Rickerby,brickerbyg6@hao123.com,Female,112.136.183.235
584,Kirsti,Kupke,kkupkeg7@seattletimes.com,Female,154.187.59.156
585,Del,Osmar,dosmarg8@sourceforge.net,Female,125.69.177.206
586,Levon,Tesyro,ltesyrog9@webmd.com,Male,184.96.62.228
587,Gerrie,Hundell,ghundellga@github.io,Female,8.75.192.247
588,Denise,Kiffe,dkiffegb@sina.com.cn,Female,127.136.199.246
589,Candice,Kewzick,ckewzickgc@ihg.com,Female,77.42.214.209
590,Hamil,Shoard,hshoardgd@google.ca,Male,219.5.60.211
591,Page,Campling,pcamplingge@youtube.com,Female,198.232.69.206
592,Bernadene,Garfit,bgarfitgf@hao123.com,Female,12.108.6.238
593,Geraldine,Spiers,gspiersgg@wix.com,Female,63.211.160.28
594,Jaime,Richie,jrichiegh@narod.ru,Male,118.9.175.30
595,Rosanne,Rozalski,rrozalskigi@ted.com,Female,83.38.69.91
596,Job,Novelli,jnovelligj@reverbnation.com,Non-binary,57.134.167.111
597,Jakob,Chrstine,jchrstinegk@geocities.com,Male,137.220.130.230
598,Zachariah,Huddles,zhuddlesgl@printfriendly.com,Male,46.174.31.197
599,Corrina,Erik,cerikgm@boston.com,Female,98.191.48.32
600,Kat,Moan,kmoangn@bluehost.com,Female,181.255.135.212
601,Pat,Bing,pbinggo@state.tx.us,Genderqueer,238.233.155.247
602,Sybille,Hinz,shinzgp@indiegogo.com,Female,207.218.199.78
603,Tedra,Kilfedder,tkilfeddergq@dropbox.com,Female,5.210.220.142
604,Claretta,Daniell,cdaniellgr@gravatar.com,Female,115.79.230.71
605,Eleonora,Parham,eparhamgs@google.co.jp,Female,33.80.162.149
606,Eachelle,Nichols,enicholsgt@wunderground.com,Female,8.162.241.27
607,Josiah,Simony,jsimonygu@csmonitor.com,Male,126.173.162.188
608,Cully,Chafney,cchafneygv@umn.edu,Male,231.124.97.131
609,Carlie,Van de Vlies,cvandevliesgw@bloomberg.com,Female,92.161.65.200
610,Tory,Kezar,tkezargx@chronoengine.com,Female,83.162.186.100
611,Susana,Ivanishin,sivanishingy@bbc.co.uk,Female,73.144.123.163
612,Axel,Divis,adivisgz@apple.com,Male,140.68.134.76
613,Emelina,Cornau,ecornauh0@imageshack.us,Female,203.135.22.81
614,Cynthy,McSweeney,cmcsweeneyh1@un.org,Female,18.168.10.16
615,Katina,Skellion,kskellionh2@xinhuanet.com,Female,163.204.109.58
616,Renelle,Pleavin,rpleavinh3@chron.com,Female,216.178.232.9
617,Flory,Boles,fbolesh4@de.vu,Agender,168.152.185.43
618,Lesley,Burgwin,lburgwinh5@bloglovin.com,Female,187.251.152.68
619,Anabella,Robertz,arobertzh6@wiley.com,Female,71.195.201.198
620,Paulita,Scoullar,pscoullarh7@histats.com,Female,97.168.49.236
621,Blair,Lowdyane,blowdyaneh8@imageshack.us,Male,221.70.222.79
622,Mariann,Trenholme,mtrenholmeh9@amazon.com,Female,184.35.1.243
623,Maisie,Clucas,mclucasha@cargocollective.com,Female,186.157.12.159
624,Lonni,Morston,lmorstonhb@epa.gov,Female,223.66.56.214
625,Van,Oloshkin,voloshkinhc@bbc.co.uk,Female,101.199.197.159
626,Waverly,Iowarch,wiowarchhd@tripod.com,Male,125.184.218.133
627,Norbert,Smye,nsmyehe@last.fm,Male,52.250.130.121
628,Mandel,Kenny,mkennyhf@nasa.gov,Male,120.87.253.25
629,Stanley,Rotte,srottehg@sciencedirect.com,Male,182.117.253.202
630,Fanni,Shuxsmith,fshuxsmithhh@gravatar.com,Female,34.133.11.106
631,Shayna,Pohl,spohlhi@amazon.com,Female,173.27.100.197
632,Blaire,Munehay,bmunehayhj@newsvine.com,Female,27.125.28.61
633,Gannon,Brinkley,gbrinkleyhk@utexas.edu,Male,92.189.29.157
634,Arnoldo,Barff,abarffhl@networksolutions.com,Male,187.109.228.239
635,Hammad,Tapp,htapphm@buzzfeed.com,Male,104.219.135.138
636,Leila,Regnard,lregnardhn@bigcartel.com,Genderqueer,2.8.150.176
637,Shem,Keyzman,skeyzmanho@thetimes.co.uk,Male,174.120.239.92
638,Lucius,Kleinsinger,lkleinsingerhp@amazonaws.com,Male,70.123.38.162
639,Mead,Allix,mallixhq@dot.gov,Female,217.179.222.190
640,Keeley,Saward,ksawardhr@msn.com,Female,225.147.28.172
641,Pamela,Geerits,pgeeritshs@wp.com,Female,41.93.223.99
642,Lukas,Darter,ldarterht@craigslist.org,Male,125.93.3.95
643,Tomas,Rignold,trignoldhu@bravesites.com,Male,198.31.144.133
644,Horton,Theobalds,htheobaldshv@gravatar.com,Male,190.175.16.123
645,Estrella,Madgett,emadgetthw@kickstarter.com,Female,71.67.160.39
646,Melli,Giffin,mgiffinhx@sohu.com,Female,153.116.3.165
647,Manfred,Purse,mpursehy@domainmarket.com,Male,250.94.4.238
648,Jedediah,Townrow,jtownrowhz@china.com.cn,Male,155.136.156.83
649,Fons,MacAskill,fmacaskilli0@cafepress.com,Male,243.152.132.196
650,Gaven,Skeel,gskeeli1@scribd.com,Genderqueer,154.234.145.141
651,Dari,Huet,dhueti2@lulu.com,Female,94.134.47.126
652,Micah,Geipel,mgeipeli3@acquirethisname.com,Male,182.150.126.50
653,Ellette,Ambrus,eambrusi4@51.la,Genderfluid,22.124.56.147
654,Wright,Hamberstone,whamberstonei5@apple.com,Male,106.138.57.105
655,Ingra,Boldt,iboldti6@statcounter.com,Male,204.181.2.45
656,Giffard,Dubose,gdubosei7@behance.net,Male,153.127.8.91
657,Rriocard,Franzman,rfranzmani8@t-online.de,Male,194.139.102.122
658,Laurent,Klulisek,lkluliseki9@naver.com,Male,58.254.40.82
659,Marie,Chazerand,mchazerandia@flickr.com,Female,231.29.110.223
660,Oralla,Bilsford,obilsfordib@google.cn,Genderqueer,231.163.113.254
661,Yvette,Livard,ylivardic@dmoz.org,Female,106.114.110.128
662,Gisele,Dunbleton,gdunbletonid@dailymail.co.uk,Female,45.66.182.115
663,Rosemonde,Carley,rcarleyie@friendfeed.com,Female,10.255.176.85
664,Eberto,Milkins,emilkinsif@google.es,Male,74.147.236.6
665,Fraze,Junkin,fjunkinig@surveymonkey.com,Male,66.93.30.32
666,Elene,Boichat,eboichatih@rediff.com,Female,218.11.177.137
667,Yvon,Petzold,ypetzoldii@google.com.br,Male,100.200.149.99
668,Violette,Guille,vguilleij@ox.ac.uk,Female,48.4.68.66
669,Nat,Sisselot,nsisselotik@goodreads.com,Polygender,166.246.162.101
670,Georgeanna,Squibbs,gsquibbsil@taobao.com,Female,162.237.50.174
671,Piggy,Dinkin,pdinkinim@tmall.com,Male,222.232.61.223
672,Daria,Korlat,dkorlatin@smugmug.com,Female,219.46.3.175
673,Gianina,Dudmarsh,gdudmarshio@prlog.org,Female,40.215.121.104
674,Claire,Byrnes,cbyrnesip@apple.com,Male,202.133.229.223
675,Hedwig,Cottey,hcotteyiq@tiny.cc,Female,135.117.177.218
676,Phineas,Goldingay,pgoldingayir@twitpic.com,Male,68.43.61.17
677,Ania,Gallaher,agallaheris@tripadvisor.com,Female,210.231.180.191
678,Nick,Bibbie,nbibbieit@ifeng.com,Polygender,255.238.233.143
679,Rockey,Keetley,rkeetleyiu@linkedin.com,Polygender,107.199.72.239
680,Stepha,Vallery,svalleryiv@yahoo.com,Female,221.99.182.233
681,Martha,Dillingston,mdillingstoniw@edublogs.org,Female,69.92.192.175
682,Priscella,Shoutt,pshouttix@tumblr.com,Female,237.175.78.207
683,Massimiliano,Sedgmond,msedgmondiy@t-online.de,Male,174.145.92.155
684,Cara,Guinn,cguinniz@uiuc.edu,Non-binary,105.116.198.0
685,Deirdre,Dafydd,ddafyddj0@myspace.com,Female,10.80.40.189
686,Danny,Pignon,dpignonj1@sciencedaily.com,Female,23.158.118.33
687,Gabriela,Lamburne,glamburnej2@google.it,Female,150.125.93.121
688,Gerhard,Ambroix,gambroixj3@ibm.com,Male,236.110.121.76
689,Kailey,Aspell,kaspellj4@domainmarket.com,Female,193.237.132.203
690,Camella,Couroy,ccouroyj5@qq.com,Female,117.216.245.207
691,Chauncey,Woolaston,cwoolastonj6@globo.com,Male,254.244.65.54
692,Rolf,Bridgland,rbridglandj7@noaa.gov,Male,93.26.13.247
693,Harris,Point,hpointj8@barnesandnoble.com,Genderfluid,86.121.118.90
694,Arielle,Klemps,aklempsj9@linkedin.com,Female,53.135.192.10
695,Cecily,Millsap,cmillsapja@disqus.com,Non-binary,157.32.11.8
696,Yalonda,Pearne,ypearnejb@go.com,Female,123.40.222.40
697,Daphna,McGarry,dmcgarryjc@nytimes.com,Female,189.24.215.130
698,Tanya,Bastable,tbastablejd@goo.gl,Female,231.196.189.82
699,Thom,Hunte,thunteje@jugem.jp,Genderfluid,9.43.222.53
700,Virgie,Tredwell,vtredwelljf@parallels.com,Female,12.40.191.197
701,Parnell,Le Frank,plefrankjg@apache.org,Male,56.10.23.121
702,Rubetta,Hallibone,rhallibonejh@addthis.com,Female,233.219.81.81
703,Frannie,Jills,fjillsji@sfgate.com,Female,183.173.93.100
704,Orelie,Hayhurst,ohayhurstjj@surveymonkey.com,Agender,203.57.47.232
705,Yves,Pittel,ypitteljk@hatena.ne.jp,Male,232.227.108.201
706,Ebenezer,Avramow,eavramowjl@dmoz.org,Male,197.2.41.245
707,Valry,Pashbee,vpashbeejm@alexa.com,Non-binary,78.120.9.183
708,Timothy,Extil,textiljn@dion.ne.jp,Male,247.39.82.253
709,Dyna,Tissington,dtissingtonjo@51.la,Female,48.102.245.216
710,Sanderson,Tuffley,stuffleyjp@free.fr,Male,208.225.159.195
711,Emlyn,Wilkie,ewilkiejq@buzzfeed.com,Female,79.115.111.147
712,Cloris,Gibbons,cgibbonsjr@slideshare.net,Female,156.54.224.201
713,Terra,Boggas,tboggasjs@home.pl,Female,127.226.189.5
714,Gabbi,Carnie,gcarniejt@myspace.com,Female,197.163.183.42
715,Cheryl,Ellett,cellettju@fda.gov,Female,200.56.129.193
716,Hughie,Sullens,hsullensjv@narod.ru,Male,19.161.196.52
717,Ewart,Stuffins,estuffinsjw@dagondesign.com,Male,204.221.140.229
718,Jennifer,Blindmann,jblindmannjx@chicagotribune.com,Female,247.239.151.182
719,Darcey,Aubert,daubertjy@washingtonpost.com,Genderfluid,14.37.251.138
720,Zach,Pigford,zpigfordjz@meetup.com,Male,97.220.137.60
721,Meridel,Ovens,movensk0@delicious.com,Female,185.237.12.54
722,Ches,Yoselevitch,cyoselevitchk1@ustream.tv,Male,138.169.58.198
723,Gualterio,Camplin,gcamplink2@prnewswire.com,Male,15.144.120.233
724,Corabelle,Dradey,cdradeyk3@facebook.com,Female,235.187.127.65
725,Matthus,Quinby,mquinbyk4@ifeng.com,Male,58.154.251.218
726,Mab,Doreward,mdorewardk5@wikimedia.org,Agender,0.46.156.23
727,Camala,Schulz,cschulzk6@livejournal.com,Female,246.47.74.19
728,Kaia,Braga,kbragak7@addthis.com,Female,224.35.124.39
729,Ryon,Arsmith,rarsmithk8@home.pl,Male,116.37.95.230
730,Javier,Pancost,jpancostk9@arizona.edu,Male,194.212.46.101
731,Nance,Pybus,npybuska@buzzfeed.com,Female,211.145.192.211
732,Darrin,Ordemann,dordemannkb@wired.com,Male,4.142.184.158
733,Sinclair,Aylwin,saylwinkc@cloudflare.com,Male,42.43.108.233
734,Armand,Duling,adulingkd@house.gov,Male,209.9.169.187
735,Gertrude,Gaffon,ggaffonke@fastcompany.com,Female,127.73.201.54
736,Glen,Backson,gbacksonkf@nature.com,Male,46.250.43.83
737,Court,Korting,ckortingkg@sohu.com,Male,120.77.182.99
738,Vincents,Hucks,vhuckskh@oakley.com,Male,185.120.98.104
739,Caron,Shreeve,cshreeveki@weebly.com,Female,190.163.97.169
740,Guntar,Bessey,gbesseykj@answers.com,Bigender,81.199.10.156
741,Yolande,Dyter,ydyterkk@si.edu,Genderqueer,25.205.76.133
742,Adorne,Wilcox,awilcoxkl@imgur.com,Female,14.233.144.121
743,Arline,Till,atillkm@linkedin.com,Female,134.175.146.173
744,Kesley,Holme,kholmekn@shareasale.com,Female,97.86.169.75
745,Lula,Gillings,lgillingsko@ucla.edu,Female,29.130.190.117
746,Gloriane,Conyer,gconyerkp@privacy.gov.au,Agender,1.140.223.48
747,Archambault,Seggie,aseggiekq@baidu.com,Male,222.223.172.63
748,Clarence,Lamberts,clambertskr@psu.edu,Male,69.253.162.190
749,Herschel,Soames,hsoamesks@symantec.com,Male,180.10.36.229
750,Margie,Spaldin,mspaldinkt@unblog.fr,Female,190.203.18.156
751,Florence,Searles,fsearlesku@parallels.com,Female,70.101.47.118
752,Ruttger,Eskell,reskellkv@aol.com,Male,115.222.145.183
753,Lenci,Nerval,lnervalkw@about.me,Male,170.244.141.183
754,Blakeley,Anderson,bandersonkx@ca.gov,Female,30.150.30.3
755,Teressa,O'Shirine,toshirineky@marriott.com,Female,47.117.221.171
756,Orville,Buick,obuickkz@virginia.edu,Male,56.185.119.186
757,Yul,Pettengell,ypettengelll0@amazon.de,Bigender,83.105.232.87
758,Ariel,Brookes,abrookesl1@disqus.com,Male,114.129.242.34
759,Ralf,Sambrook,rsambrookl2@liveinternet.ru,Male,67.4.130.100
760,Jemimah,Corgenvin,jcorgenvinl3@senate.gov,Female,215.87.123.129
761,Raymund,Comins,rcominsl4@whitehouse.gov,Male,68.112.7.73
762,Emyle,Flanaghan,eflanaghanl5@netvibes.com,Female,245.239.229.138
763,Cassie,Hesey,cheseyl6@linkedin.com,Male,206.115.59.65
764,Rabi,Maffei,rmaffeil7@gmpg.org,Male,235.112.151.206
765,Redford,O'Brogan,robroganl8@bbb.org,Male,8.12.130.46
766,Justen,Connick,jconnickl9@ucoz.ru,Male,93.36.140.38
767,Terrance,Lothlorien,tlothlorienla@europa.eu,Male,240.154.112.66
768,Cart,Laviss,clavisslb@artisteer.com,Male,106.20.137.109
769,Sacha,Janowicz,sjanowiczlc@constantcontact.com,Polygender,235.199.210.80
770,Friederike,Tumbridge,ftumbridgeld@nasa.gov,Female,62.23.130.77
771,Kamila,Airdrie,kairdriele@stumbleupon.com,Female,149.212.116.130
772,Heath,Carryer,hcarryerlf@youtube.com,Male,21.232.146.71
773,Randolph,Tofano,rtofanolg@google.de,Male,140.155.119.190
774,Ermengarde,Cancellor,ecancellorlh@cbslocal.com,Female,12.70.81.227
775,Gusta,Tothe,gtotheli@thetimes.co.uk,Genderfluid,99.32.170.218
776,Quill,Trevascus,qtrevascuslj@merriam-webster.com,Male,115.17.103.46
777,Mayer,Samwyse,msamwyselk@mac.com,Male,155.73.51.244
778,Haleigh,Hallford,hhallfordll@wikimedia.org,Male,103.175.117.133
779,Portia,Loveland,plovelandlm@sbwire.com,Female,181.216.31.207
780,Webster,Byforth,wbyforthln@bravesites.com,Male,210.208.15.49
781,Drusie,Housam,dhousamlo@discuz.net,Female,234.144.154.224
782,Ann,Fishbourne,afishbournelp@uol.com.br,Female,17.175.66.146
783,Aubree,Measor,ameasorlq@altervista.org,Female,100.250.35.125
784,Bentley,Tailour,btailourlr@goo.ne.jp,Male,219.176.244.168
785,Dill,Charsley,dcharsleyls@blinklist.com,Male,21.122.30.168
786,Abram,Scatchard,ascatchardlt@netvibes.com,Male,250.240.172.159
787,Oralla,D'Ambrosi,odambrosilu@nhs.uk,Female,248.3.159.213
788,Matthaeus,Newcomb,mnewcomblv@vinaora.com,Male,57.189.62.226
789,Mildrid,Skeemer,mskeemerlw@tripadvisor.com,Female,6.36.141.60
790,Emera,Melloi,emelloilx@mapquest.com,Genderqueer,232.197.219.26
791,Lorelei,Mc Giffin,lmcgiffinly@bbc.co.uk,Female,13.195.194.181
792,Neal,Girardez,ngirardezlz@sbwire.com,Male,70.215.174.93
793,Gaultiero,Kristufek,gkristufekm0@istockphoto.com,Male,138.65.59.216
794,Evonne,Andrea,eandream1@opera.com,Female,203.84.7.126
795,Kendrick,Keme,kkemem2@imageshack.us,Male,67.165.254.148
796,Yorker,Jacson,yjacsonm3@go.com,Genderqueer,87.22.216.150
797,Bianka,Erley,berleym4@businessweek.com,Female,142.58.22.77
798,Rowena,Buckel,rbuckelm5@wiley.com,Female,15.103.101.57
799,Hynda,Pountney,hpountneym6@multiply.com,Female,99.150.130.198
800,Eimile,Pilkinton,epilkintonm7@gnu.org,Female,3.114.232.24
801,Artemas,Dibner,adibnerm8@blogger.com,Male,141.234.39.189
802,Ado,Edards,aedardsm9@cyberchimps.com,Male,221.195.44.10
803,Kenny,Itzkovich,kitzkovichma@surveymonkey.com,Male,37.36.98.13
804,Georgie,Shakeshaft,gshakeshaftmb@ed.gov,Male,209.190.185.141
805,Auberon,Keetley,akeetleymc@msu.edu,Male,12.47.10.185
806,Karleen,Hazeman,khazemanmd@4shared.com,Agender,11.149.171.247
807,Patsy,Local,plocalme@netvibes.com,Bigender,57.108.214.14
808,Beale,Culpan,bculpanmf@vkontakte.ru,Male,51.139.139.155
809,Beaufort,Drayton,bdraytonmg@nsw.gov.au,Male,161.226.148.79
810,Tamas,Aldiss,taldissmh@opera.com,Male,245.157.88.158
811,Teodoro,Sparhawk,tsparhawkmi@slate.com,Male,82.34.109.113
812,Charita,Hopfer,chopfermj@odnoklassniki.ru,Female,114.203.45.6
813,Pall,Curry,pcurrymk@apache.org,Male,155.100.32.33
814,Brinna,Felce,bfelceml@parallels.com,Female,139.22.80.158
815,Devondra,Nerger,dnergermm@wired.com,Female,87.83.188.128
816,Land,Crolly,lcrollymn@tmall.com,Male,134.126.78.179
817,Claresta,Deniseau,cdeniseaumo@ameblo.jp,Female,57.92.107.85
818,Raffaello,Lillicrap,rlillicrapmp@about.me,Male,40.94.59.218
819,Mitch,Salsberg,msalsbergmq@reference.com,Male,38.220.78.135
820,Sorcha,Simco,ssimcomr@de.vu,Female,53.197.167.224
821,Gates,Royson,groysonms@discovery.com,Genderfluid,212.81.17.137
822,Katy,Jarrelt,kjarreltmt@blinklist.com,Female,208.150.220.7
823,Marybelle,Melesk,mmeleskmu@auda.org.au,Female,240.223.126.159
824,Yardley,Spawton,yspawtonmv@shareasale.com,Male,80.37.138.34
825,Aleen,Martins,amartinsmw@trellian.com,Female,80.161.118.209
826,Katharine,Janeczek,kjaneczekmx@kickstarter.com,Female,145.227.35.38
827,Levy,De Vuyst,ldevuystmy@paginegialle.it,Male,102.67.254.79
828,Marabel,Axcell,maxcellmz@comsenz.com,Female,96.140.181.227
829,Starlin,Conew,sconewn0@umich.edu,Female,123.242.15.242
830,Roddie,Castellone,rcastellonen1@gov.uk,Male,76.145.197.67
831,Dorena,Miskelly,dmiskellyn2@census.gov,Female,121.168.17.210
832,Mag,Pantry,mpantryn3@yellowpages.com,Female,6.84.55.8
833,Dorothea,Doornbos,ddoornbosn4@ezinearticles.com,Female,103.201.67.154
834,Stillman,Pegram,spegramn5@bravesites.com,Male,49.11.68.36
835,Sawyer,Petschelt,spetscheltn6@360.cn,Male,91.135.231.109
836,Fernande,Weetch,fweetchn7@miitbeian.gov.cn,Bigender,143.98.60.202
837,Katrine,Akast,kakastn8@wordpress.com,Female,187.35.59.165
838,Vonni,Garfield,vgarfieldn9@feedburner.com,Female,71.104.27.98
839,Alan,Sedgemond,asedgemondna@blog.com,Male,95.24.239.243
840,Jana,Baitson,jbaitsonnb@smugmug.com,Genderqueer,41.186.220.241
841,Archibaldo,Cadogan,acadogannc@prnewswire.com,Male,120.80.51.151
842,Honoria,Doppler,hdopplernd@csmonitor.com,Female,233.22.61.19
843,Lyell,Robinson,lrobinsonne@flickr.com,Male,47.139.38.221
844,Ronny,McCumskay,rmccumskaynf@instagram.com,Female,172.24.19.230
845,Eleonora,Franzolini,efranzolining@acquirethisname.com,Female,57.61.179.232
846,Melamie,Dawbery,mdawberynh@statcounter.com,Female,246.191.128.48
847,Kendrick,MacCard,kmaccardni@ft.com,Male,245.93.50.251
848,Fran,Fursey,ffurseynj@gravatar.com,Female,235.110.92.148
849,Cora,Lindell,clindellnk@arstechnica.com,Female,124.90.217.124
850,Sheelagh,Medd,smeddnl@ehow.com,Female,210.68.101.230
851,Cassie,Gowdy,cgowdynm@freewebs.com,Male,212.33.168.168
852,Hernando,Cantillon,hcantillonnn@oakley.com,Male,146.194.251.144
853,Lucky,Vane,lvaneno@com.com,Non-binary,191.236.201.205
854,Cleo,Bourchier,cbourchiernp@google.com,Female,207.52.144.251
855,Pryce,Snalum,psnalumnq@gov.uk,Male,71.180.217.235
856,Faydra,Beefon,fbeefonnr@ucsd.edu,Female,101.154.33.189
857,Blanche,Ormrod,bormrodns@artisteer.com,Female,39.93.21.20
858,Abraham,Hammond,ahammondnt@zdnet.com,Male,161.116.163.23
859,Pietro,Rottger,prottgernu@globo.com,Male,180.49.164.247
860,Farica,Magrannell,fmagrannellnv@linkedin.com,Female,183.249.44.125
861,Eugenie,Lilley,elilleynw@nydailynews.com,Female,128.204.212.215
862,Errol,McMillam,emcmillamnx@people.com.cn,Male,246.254.181.160
863,Koren,Antonucci,kantonucciny@ibm.com,Female,55.177.17.100
864,Saw,Meltetal,smeltetalnz@github.io,Male,203.189.50.132
865,Odele,Battson,obattsono0@google.pl,Female,187.204.210.26
866,Paulie,Spatig,pspatigo1@skyrock.com,Male,252.220.32.111
867,Suzi,Warratt,swarratto2@nyu.edu,Female,200.22.192.114
868,Maisey,O' Reagan,moreagano3@discovery.com,Genderqueer,20.245.57.74
869,Cloris,Negro,cnegroo4@tinypic.com,Female,114.252.221.161
870,Jaquelin,Wase,jwaseo5@fastcompany.com,Genderqueer,4.53.34.180
871,Vita,Jambrozek,vjambrozeko6@nydailynews.com,Female,222.173.135.186
872,Porty,Pyecroft,ppyecrofto7@webs.com,Male,82.219.230.219
873,Gustavo,Powling,gpowlingo8@ucoz.ru,Male,145.234.137.216
874,Antonina,Smithson,asmithsono9@weather.com,Non-binary,33.92.179.113
875,Lucia,Lankford,llankfordoa@amazonaws.com,Female,163.170.51.16
876,Hana,Halsworth,hhalsworthob@taobao.com,Female,60.26.136.31
877,Ilene,Raff,iraffoc@booking.com,Agender,151.137.220.17
878,Alex,Braga,abragaod@twitter.com,Genderqueer,191.221.253.173
879,Garvy,Heading,gheadingoe@bing.com,Male,72.104.214.140
880,Beauregard,Gallaher,bgallaherof@cafepress.com,Male,53.79.10.176
881,Cleon,Poller,cpollerog@dyndns.org,Male,157.240.35.190
882,Darbie,Yakebovich,dyakebovichoh@eepurl.com,Female,104.33.197.77
883,De witt,Sebyer,dsebyeroi@europa.eu,Male,177.241.142.55
884,Harwell,Congreve,hcongreveoj@google.nl,Male,102.165.114.202
885,Izak,Smartman,ismartmanok@nationalgeographic.com,Male,241.166.26.178
886,Granny,Keasey,gkeaseyol@intel.com,Male,149.32.13.68
887,Rhea,Eastham,reasthamom@blogtalkradio.com,Female,13.210.60.9
888,Jessie,Mableson,jmablesonon@odnoklassniki.ru,Male,83.41.185.148
889,Tristam,Sunley,tsunleyoo@unicef.org,Male,179.156.124.1
890,Clovis,Shillitoe,cshillitoeop@blogspot.com,Genderfluid,14.119.175.176
891,Jeffrey,Shortell,jshortelloq@mtv.com,Male,57.182.69.5
892,Ailsun,Dozdill,adozdillor@angelfire.com,Female,135.197.104.201
893,Benita,Avramchik,bavramchikos@barnesandnoble.com,Female,97.64.85.62
894,Charyl,Fairpo,cfairpoot@moonfruit.com,Female,177.80.215.110
895,Kaylyn,Cristoforetti,kcristoforettiou@51.la,Female,0.111.57.80
896,Mozelle,Shorter,mshorterov@delicious.com,Female,10.25.229.33
897,Zarla,Crosen,zcrosenow@people.com.cn,Female,62.135.173.81
898,Alexina,Corkett,acorkettox@economist.com,Female,169.205.235.252
899,Astrid,Gerram,agerramoy@liveinternet.ru,Female,66.163.178.39
900,Adelaida,Greaterex,agreaterexoz@tripadvisor.com,Female,252.109.131.151
901,Natalya,Giacomelli,ngiacomellip0@bluehost.com,Female,241.6.87.3
902,Catrina,Chue,cchuep1@dion.ne.jp,Bigender,194.77.20.162
903,Vladamir,Penwright,vpenwrightp2@gravatar.com,Male,140.99.224.43
904,Noellyn,Basketter,nbasketterp3@archive.org,Female,52.72.161.135
905,Dani,Ure,durep4@cloudflare.com,Male,230.227.40.178
906,Eugenia,Philippou,ephilippoup5@unesco.org,Female,23.76.94.108
907,Jim,Durtnall,jdurtnallp6@alexa.com,Male,67.132.98.25
908,Christopher,Bottle,cbottlep7@hugedomains.com,Male,237.106.181.198
909,Ingra,Janos,ijanosp8@webmd.com,Agender,157.165.84.127
910,Kincaid,McHarry,kmcharryp9@vinaora.com,Male,197.116.236.99
911,Celisse,Musico,cmusicopa@hatena.ne.jp,Female,255.203.215.153
912,Iorgos,Farra,ifarrapb@youtube.com,Male,162.3.187.136
913,Ganny,Pickerin,gpickerinpc@wsj.com,Male,183.182.3.126
914,Tallulah,Coulthard,tcoulthardpd@hud.gov,Genderqueer,161.119.20.86
915,Gregory,Smowton,gsmowtonpe@dion.ne.jp,Male,126.118.201.95
916,Ferris,Giovanitti,fgiovanittipf@house.gov,Male,65.50.47.154
917,Karlens,Zannutti,kzannuttipg@list-manage.com,Male,96.47.165.176
918,Tailor,Josovich,tjosovichph@accuweather.com,Male,28.198.205.50
919,Hephzibah,Peres,hperespi@answers.com,Female,155.172.154.87
920,Colene,Lovitt,clovittpj@mediafire.com,Female,113.26.33.3
921,Ernestine,Cochern,ecochernpk@qq.com,Female,53.56.199.1
922,Stella,Engel,sengelpl@ox.ac.uk,Female,193.183.19.232
923,Clayson,Lawie,clawiepm@usa.gov,Male,44.7.207.181
924,Phillida,Rozzier,prozzierpn@multiply.com,Female,14.228.118.162
925,Ursuline,Ilett,uilettpo@theglobeandmail.com,Female,33.28.252.198
926,Elfrieda,Eyes,eeyespp@taobao.com,Female,126.16.197.203
927,Ruthy,Bourner,rbournerpq@upenn.edu,Female,64.16.166.228
928,Flynn,Luckie,fluckiepr@github.io,Male,166.127.22.63
929,Samantha,Lauritsen,slauritsenps@nifty.com,Female,43.15.188.237
930,Cam,Satterfitt,csatterfittpt@surveymonkey.com,Female,49.90.176.229
931,Leta,Chiverton,lchivertonpu@soundcloud.com,Female,247.240.83.135
932,Damaris,Janota,djanotapv@yale.edu,Female,130.152.89.226
933,Damon,Phette,dphettepw@wisc.edu,Male,244.219.58.241
934,Gaynor,Couronne,gcouronnepx@instagram.com,Female,11.55.140.66
935,Matias,Fogg,mfoggpy@com.com,Male,185.226.225.184
936,Gare,Sinnocke,gsinnockepz@aboutads.info,Male,35.143.135.40
937,Noella,Hymer,nhymerq0@indiegogo.com,Female,67.253.234.106
938,Cal,Serjeant,cserjeantq1@prnewswire.com,Female,38.46.181.81
939,Raff,Skypp,rskyppq2@statcounter.com,Male,142.187.172.169
940,Ahmed,Puller,apullerq3@ustream.tv,Male,125.93.219.165
941,Rochelle,Bambury,rbamburyq4@e-recht24.de,Female,235.223.95.244
942,Bevan,Beamiss,bbeamissq5@freewebs.com,Non-binary,19.237.61.10
943,Dar,Molyneux,dmolyneuxq6@soup.io,Male,131.13.103.93
944,Christal,Augie,caugieq7@prnewswire.com,Female,194.253.2.48
945,Bradford,Halley,bhalleyq8@geocities.jp,Male,34.201.83.187
946,Pierson,Findlow,pfindlowq9@sfgate.com,Male,100.118.41.58
947,Bidget,McCory,bmccoryqa@si.edu,Female,121.111.121.45
948,Tiffany,Bye,tbyeqb@usa.gov,Bigender,12.175.253.221
949,Artur,Applebee,aapplebeeqc@hhs.gov,Male,154.134.184.114
950,Udall,McDermid,umcdermidqd@mac.com,Male,139.152.218.82
951,Beck,Penhaligon,bpenhaligonqe@1und1.de,Male,115.24.139.192
952,Kalil,Schiell,kschiellqf@printfriendly.com,Male,27.4.235.99
953,Artemis,Colliver,acolliverqg@deviantart.com,Male,17.248.175.226
954,Malena,Tankard,mtankardqh@dyndns.org,Female,112.210.180.179
955,Dreddy,Chern,dchernqi@symantec.com,Female,72.103.211.180
956,Adey,Rowler,arowlerqj@php.net,Female,130.124.85.215
957,Reynold,Lunny,rlunnyqk@mail.ru,Bigender,98.117.29.193
958,Ramsey,Wimsett,rwimsettql@dedecms.com,Male,94.40.230.232
959,Blake,Hirtzmann,bhirtzmannqm@goo.ne.jp,Genderqueer,206.220.96.179
960,Perry,MacDonnell,pmacdonnellqn@webs.com,Female,199.20.86.136
961,Minna,Downes,mdownesqo@berkeley.edu,Female,62.215.218.126
962,Rica,Clubley,rclubleyqp@dot.gov,Female,6.127.210.161
963,Alma,De Caroli,adecaroliqq@blinklist.com,Female,188.96.98.173
964,Danella,Tubby,dtubbyqr@msn.com,Female,59.27.189.93
965,Dory,Charrisson,dcharrissonqs@noaa.gov,Male,167.133.43.121
966,Nappie,Battman,nbattmanqt@tuttocitta.it,Male,241.44.132.93
967,Helene,Wratten,hwrattenqu@springer.com,Genderqueer,165.164.40.183
968,Odelia,Broadstock,obroadstockqv@constantcontact.com,Female,17.130.82.1
969,Hewe,Jaray,hjarayqw@nationalgeographic.com,Male,175.109.129.39
970,Royal,Gimert,rgimertqx@blogtalkradio.com,Male,212.172.15.127
971,Maritsa,Murfill,mmurfillqy@aboutads.info,Female,180.124.246.77
972,Wes,Hares,wharesqz@ftc.gov,Polygender,215.211.144.184
973,Madelyn,Van der Daal,mvanderdaalr0@ed.gov,Female,131.79.120.69
974,Bobby,Parmeter,bparmeterr1@etsy.com,Female,13.75.18.214
975,Gladys,McCann,gmccannr2@phoca.cz,Agender,117.44.142.47
976,Mahala,Mc Elory,mmceloryr3@virginia.edu,Female,183.165.40.42
977,Orville,Pritchitt,opritchittr4@patch.com,Male,55.244.156.135
978,Erik,Tapenden,etapendenr5@youku.com,Male,83.173.243.86
979,Aundrea,Twinbrow,atwinbrowr6@technorati.com,Female,187.238.219.84
980,Klarrisa,Dalmon,kdalmonr7@examiner.com,Female,253.125.12.181
981,Kittie,Bulcroft,kbulcroftr8@a8.net,Female,81.136.27.164
982,Steve,Yukhtin,syukhtinr9@globo.com,Agender,2.238.132.244
983,Ethe,Jirak,ejirakra@nps.gov,Genderqueer,12.198.205.139
984,Babb,Rowell,browellrb@shutterfly.com,Female,157.1.115.145
985,Mathilde,Grono,mgronorc@hubpages.com,Female,189.185.162.119
986,Vanessa,Lademann,vlademannrd@dagondesign.com,Female,125.19.228.3
987,Leoline,Souten,lsoutenre@baidu.com,Female,123.116.162.60
988,Dominik,Shoebottom,dshoebottomrf@pbs.org,Male,57.63.230.10
989,Tiffi,Borth,tborthrg@ustream.tv,Female,24.13.82.30
990,Leeland,Theodore,ltheodorerh@ibm.com,Male,185.108.28.72
991,Petunia,Ollivierre,pollivierreri@is.gd,Agender,123.182.104.84
992,Gloriane,Kirwin,gkirwinrj@tmall.com,Female,198.211.173.235
993,Cordy,Cornilli,ccornillirk@ocn.ne.jp,Female,48.23.242.216
994,Elsa,Droogan,edrooganrl@bluehost.com,Female,135.17.192.196
995,Lawry,Lammiman,llammimanrm@epa.gov,Male,148.9.247.64
996,Isak,Hunsworth,ihunsworthrn@goo.gl,Male,141.200.160.88
997,Janey,Sandham,jsandhamro@wikispaces.com,Female,81.204.208.224
998,Lukas,Pinckard,lpinckardrp@drupal.org,Male,25.147.58.51
999,Delilah,Crownshaw,dcrownshawrq@kickstarter.com,Female,3.126.67.36
1000,Minor,Demongeot,mdemongeotrr@msn.com,Polygender,73.202.76.165
